token_pos,layer,slot,expert_id,gate_weight
0,0,0,147,0.072930582
0,0,1,78,0.18347923
0,0,2,30,0.10052817
0,0,3,248,0.26163355
0,0,4,217,0.25537175
0,0,5,179,0.12605673
1,0,0,250,0.11488205
1,0,1,35,0.075124197
1,0,2,137,0.35863915
1,0,3,105,0.10525616
1,0,4,152,0.19441146
1,0,5,113,0.15168697
2,0,0,189,0.092010595
2,0,1,107,0.095891587
2,0,2,102,0.28835738
2,0,3,62,0.064954408
2,0,4,50,0.2369286
2,0,5,77,0.22185738
3,0,0,236,0.045276385
3,0,1,2,0.023959069
3,0,2,255,0.14418817
3,0,3,47,0.26870462
3,0,4,185,0.1802731
3,0,5,104,0.33759865
4,0,0,50,0.1407374
4,0,1,252,0.27253678
4,0,2,132,0.20897293
4,0,3,165,0.12112556
4,0,4,79,0.044697527
4,0,5,136,0.21192978
5,0,0,196,0.20361581
5,0,1,35,0.16515686
5,0,2,56,0.23693983
5,0,3,156,0.098526455
5,0,4,94,0.15454997
5,0,5,45,0.14121109
6,0,0,169,0.4121145
6,0,1,14,0.052673835
6,0,2,150,0.047627896
6,0,3,120,0.054830398
6,0,4,156,0.088111676
6,0,5,29,0.34464169
7,0,0,124,0.10894806
7,0,1,56,0.39207926
7,0,2,154,0.17455046
7,0,3,177,0.10014275
7,0,4,50,0.061770234
7,0,5,241,0.16250928
8,0,0,101,0.14260831
8,0,1,91,0.14678432
8,0,2,103,0.18128651
8,0,3,217,0.12810124
8,0,4,163,0.29575238
8,0,5,188,0.10546724
9,0,0,52,0.070262425
9,0,1,79,0.23697701
9,0,2,55,0.021034954
9,0,3,174,0.050232101
9,0,4,77,0.079728603
9,0,5,213,0.54176491
10,0,0,9,0.15376325
10,0,1,49,0.1306835
10,0,2,7,0.20742857
10,0,3,26,0.14857075
10,0,4,40,0.20072606
10,0,5,175,0.15882786
11,0,0,41,0.17804275
11,0,1,209,0.099687047
11,0,2,42,0.098991849
11,0,3,37,0.14341995
11,0,4,61,0.24012861
11,0,5,145,0.23972978
12,0,0,152,0.25351399
12,0,1,147,0.16256976
12,0,2,63,0.079269968
12,0,3,162,0.21319437
12,0,4,112,0.19182973
12,0,5,156,0.099622212
13,0,0,174,0.14840803
13,0,1,14,0.090597913
13,0,2,31,0.28514478
13,0,3,8,0.085561112
13,0,4,22,0.1150744
13,0,5,23,0.27521375
14,0,0,35,0.11399825
14,0,1,175,0.14205377
14,0,2,120,0.44972935
14,0,3,93,0.07268475
14,0,4,92,0.13903728
14,0,5,54,0.082496628
15,0,0,18,0.059434596
15,0,1,146,0.3969236
15,0,2,109,0.072120138
15,0,3,30,0.21766114
15,0,4,138,0.19329567
15,0,5,105,0.06056485
16,0,0,117,0.1252732
16,0,1,31,0.19531164
16,0,2,132,0.11151896
16,0,3,169,0.1903089
16,0,4,165,0.18454941
16,0,5,42,0.19303787
17,0,0,24,0.19872485
17,0,1,220,0.1937869
17,0,2,141,0.11606602
17,0,3,16,0.14657354
17,0,4,125,0.16061448
17,0,5,250,0.18423419
18,0,0,155,0.17046176
18,0,1,184,0.22346686
18,0,2,169,0.1120903
18,0,3,81,0.18576664
18,0,4,150,0.17040323
18,0,5,0,0.13781117
19,0,0,178,0.3109014
19,0,1,60,0.064784564
19,0,2,2,0.28014144
19,0,3,209,0.19658467
19,0,4,39,0.047728594
19,0,5,139,0.099859335
20,0,0,223,0.22763547
20,0,1,236,0.11159801
20,0,2,40,0.21145624
20,0,3,177,0.17461546
20,0,4,16,0.12438685
20,0,5,131,0.15030794
21,0,0,144,0.18330662
21,0,1,78,0.1748746
21,0,2,74,0.1806666
21,0,3,171,0.25971213
21,0,4,90,0.086833127
21,0,5,38,0.11460692
22,0,0,107,0.095821492
22,0,1,132,0.3589451
22,0,2,29,0.037278641
22,0,3,62,0.029144868
22,0,4,106,0.45412254
22,0,5,74,0.024687292
23,0,0,159,0.1085447
23,0,1,189,0.069486551
23,0,2,234,0.40536878
23,0,3,146,0.24845421
23,0,4,1,0.076534607
23,0,5,190,0.091611154
24,0,0,218,0.25097352
24,0,1,167,0.13223207
24,0,2,143,0.24291277
24,0,3,9,0.11774018
24,0,4,210,0.13468783
24,0,5,54,0.12145365
25,0,0,107,0.14429182
25,0,1,132,0.32668632
25,0,2,29,0.050064158
25,0,3,62,0.035624061
25,0,4,106,0.41097209
25,0,5,74,0.032361567
26,0,0,159,0.095126204
26,0,1,189,0.060171992
26,0,2,234,0.40529174
26,0,3,146,0.26792419
26,0,4,1,0.084217623
26,0,5,190,0.087268256
27,0,0,13,0.15653177
27,0,1,57,0.14172664
27,0,2,237,0.14644749
27,0,3,21,0.17292297
27,0,4,62,0.20836377
27,0,5,251,0.17400734
28,0,0,63,0.14249557
28,0,1,236,0.1563562
28,0,2,21,0.16145921
28,0,3,110,0.27844638
28,0,4,55,0.11532555
28,0,5,64,0.14591707
29,0,0,52,0.074926242
29,0,1,79,0.28603375
29,0,2,55,0.023902768
29,0,3,174,0.036229629
29,0,4,77,0.078695521
29,0,5,213,0.50021207
30,0,0,62,0.094354302
30,0,1,232,0.13032773
30,0,2,21,0.10919596
30,0,3,96,0.38041899
30,0,4,86,0.14670484
30,0,5,222,0.13899817
31,0,0,7,0.16338865
31,0,1,28,0.20098989
31,0,2,177,0.12129883
31,0,3,193,0.064958557
31,0,4,42,0.2420305
31,0,5,206,0.20733356
32,0,0,108,0.19972911
32,0,1,90,0.1420632
32,0,2,4,0.18314594
32,0,3,71,0.15348564
32,0,4,235,0.15519768
32,0,5,160,0.16637842
33,0,0,106,0.063902356
33,0,1,103,0.20124023
33,0,2,73,0.47541943
33,0,3,3,0.077083707
33,0,4,9,0.12448558
33,0,5,84,0.057868697
34,0,0,236,0.066484988
34,0,1,56,0.39859965
34,0,2,42,0.10708177
34,0,3,201,0.097054943
34,0,4,24,0.27063951
34,0,5,218,0.060139123
35,0,0,106,0.10008457
35,0,1,229,0.29220322
35,0,2,179,0.12865581
35,0,3,57,0.080960922
35,0,4,1,0.2489513
35,0,5,5,0.14914416
36,0,0,26,0.12695922
36,0,1,185,0.10795812
36,0,2,131,0.12655899
36,0,3,76,0.43373206
36,0,4,232,0.084629349
36,0,5,222,0.12016224
37,0,0,64,0.13556103
37,0,1,47,0.15278073
37,0,2,167,0.11233602
37,0,3,164,0.17100652
37,0,4,14,0.24526364
37,0,5,173,0.18305209
38,0,0,236,0.12119424
38,0,1,182,0.19848126
38,0,2,178,0.16370279
38,0,3,189,0.18897353
38,0,4,117,0.15180744
38,0,5,124,0.17584069
39,0,0,107,0.085143529
39,0,1,132,0.3785339
39,0,2,29,0.076593786
39,0,3,62,0.021915913
39,0,4,106,0.40250334
39,0,5,74,0.035309557
40,0,0,236,0.071791328
40,0,1,56,0.49203509
40,0,2,42,0.12547991
40,0,3,201,0.065664954
40,0,4,24,0.20367424
40,0,5,218,0.041354459
41,0,0,61,0.077830046
41,0,1,96,0.46057945
41,0,2,183,0.065583013
41,0,3,189,0.094034269
41,0,4,97,0.22535211
41,0,5,132,0.076621123
42,0,0,226,0.3558847
42,0,1,216,0.033324495
42,0,2,219,0.063980401
42,0,3,125,0.33142698
42,0,4,146,0.057243753
42,0,5,236,0.15813966
43,0,0,55,0.085227698
43,0,1,104,0.046344154
43,0,2,178,0.14885144
43,0,3,216,0.056455534
43,0,4,42,0.13681498
43,0,5,228,0.52630621
44,0,0,169,0.31424862
44,0,1,14,0.097924098
44,0,2,150,0.060907558
44,0,3,120,0.078117616
44,0,4,156,0.076124229
44,0,5,29,0.37267786
45,0,0,242,0.10207618
45,0,1,148,0.18888491
45,0,2,31,0.14455013
45,0,3,46,0.19175798
45,0,4,153,0.23702194
45,0,5,235,0.1357089
46,0,0,60,0.17772488
46,0,1,169,0.1334825
46,0,2,164,0.14001982
46,0,3,5,0.19378285
46,0,4,187,0.13843526
46,0,5,241,0.21655467
47,0,0,183,0.27374738
47,0,1,141,0.28992423
47,0,2,32,0.055207752
47,0,3,246,0.30181998
47,0,4,223,0.032876525
47,0,5,200,0.046424117
48,0,0,189,0.066802032
48,0,1,107,0.070645846
48,0,2,102,0.32144758
48,0,3,62,0.045361429
48,0,4,50,0.28190079
48,0,5,77,0.21384236
49,0,0,89,0.099765562
49,0,1,218,0.12350909
49,0,2,200,0.095870264
49,0,3,17,0.14660755
49,0,4,40,0.44843712
49,0,5,64,0.085810378
50,0,0,232,0.29802471
50,0,1,201,0.15017691
50,0,2,101,0.17317727
50,0,3,175,0.13565911
50,0,4,199,0.17608745
50,0,5,26,0.066874556
51,0,0,18,0.039233059
51,0,1,146,0.42047998
51,0,2,109,0.16355364
51,0,3,30,0.23000666
51,0,4,138,0.11659821
51,0,5,105,0.030128447
52,0,0,218,0.1232916
52,0,1,192,0.24038333
52,0,2,65,0.11400264
52,0,3,231,0.1510773
52,0,4,94,0.17224859
52,0,5,130,0.19899656
53,0,0,52,0.064212911
53,0,1,79,0.25099763
53,0,2,55,0.017332278
53,0,3,174,0.035427507
53,0,4,77,0.10361159
53,0,5,213,0.52841812
0,1,0,134,0.19382724
0,1,1,33,0.17579646
0,1,2,139,0.12901479
0,1,3,154,0.16906878
0,1,4,105,0.1778459
0,1,5,174,0.15444687
1,1,0,126,0.14219588
1,1,1,179,0.19887941
1,1,2,181,0.15364948
1,1,3,147,0.18187304
1,1,4,151,0.14354792
1,1,5,44,0.17985427
2,1,0,32,0.087917708
2,1,1,251,0.024315836
2,1,2,226,0.26859939
2,1,3,164,0.16153608
2,1,4,2,0.34116626
2,1,5,137,0.11646475
3,1,0,23,0.17850238
3,1,1,109,0.15992936
3,1,2,132,0.19773857
3,1,3,70,0.14501131
3,1,4,58,0.14254993
3,1,5,171,0.17626847
4,1,0,246,0.15510841
4,1,1,23,0.16799444
4,1,2,103,0.18774968
4,1,3,36,0.14585255
4,1,4,61,0.15950529
4,1,5,234,0.18378963
5,1,0,25,0.15116069
5,1,1,160,0.16273496
5,1,2,127,0.19244999
5,1,3,16,0.14920686
5,1,4,22,0.21898055
5,1,5,114,0.12546694
6,1,0,44,0.091797233
6,1,1,117,0.35867572
6,1,2,169,0.12543578
6,1,3,37,0.091338143
6,1,4,195,0.14372629
6,1,5,48,0.1890268
7,1,0,245,0.13943206
7,1,1,40,0.18589224
7,1,2,95,0.16446026
7,1,3,31,0.12904185
7,1,4,234,0.22766739
7,1,5,168,0.15350623
8,1,0,142,0.16571686
8,1,1,33,0.12258822
8,1,2,29,0.16003329
8,1,3,21,0.22110195
8,1,4,41,0.15669349
8,1,5,223,0.17386615
9,1,0,25,0.16952403
9,1,1,82,0.36220682
9,1,2,32,0.098077238
9,1,3,76,0.27469626
9,1,4,0,0.049212303
9,1,5,151,0.046283357
10,1,0,80,0.17855671
10,1,1,164,0.17735763
10,1,2,0,0.11136468
10,1,3,211,0.16688661
10,1,4,131,0.17532904
10,1,5,7,0.19050536
11,1,0,233,0.17048505
11,1,1,201,0.11918331
11,1,2,49,0.19140731
11,1,3,127,0.18096556
11,1,4,30,0.19272681
11,1,5,148,0.14523193
12,1,0,93,0.1439385
12,1,1,181,0.17425579
12,1,2,212,0.17226085
12,1,3,123,0.18107276
12,1,4,76,0.17840785
12,1,5,133,0.15006424
13,1,0,147,0.17420402
13,1,1,132,0.1787376
13,1,2,174,0.16123204
13,1,3,225,0.16623145
13,1,4,123,0.15550306
13,1,5,228,0.16409183
14,1,0,3,0.1273789
14,1,1,206,0.10744339
14,1,2,177,0.3210856
14,1,3,44,0.11159149
14,1,4,77,0.21821456
14,1,5,2,0.11428607
15,1,0,224,0.37543386
15,1,1,111,0.26975825
15,1,2,31,0.054353453
15,1,3,62,0.15308556
15,1,4,163,0.070832945
15,1,5,200,0.076535881
16,1,0,136,0.16658333
16,1,1,183,0.16529205
16,1,2,234,0.13988838
16,1,3,95,0.15894395
16,1,4,174,0.18006982
16,1,5,173,0.18922248
17,1,0,12,0.17771468
17,1,1,251,0.11486749
17,1,2,80,0.17838371
17,1,3,56,0.16897914
17,1,4,6,0.17350672
17,1,5,23,0.18654825
18,1,0,112,0.20838957
18,1,1,74,0.16965075
18,1,2,36,0.17689262
18,1,3,16,0.15426277
18,1,4,28,0.1299357
18,1,5,5,0.16086857
19,1,0,160,0.36572927
19,1,1,2,0.17161821
19,1,2,39,0.14538756
19,1,3,6,0.083728939
19,1,4,38,0.13819392
19,1,5,74,0.095342137
20,1,0,206,0.18050791
20,1,1,115,0.1709
20,1,2,4,0.18178536
20,1,3,236,0.16831505
20,1,4,223,0.17932561
20,1,5,8,0.11916607
21,1,0,53,0.17967069
21,1,1,142,0.17899598
21,1,2,173,0.19924633
21,1,3,125,0.12829702
21,1,4,39,0.16926275
21,1,5,193,0.1445272
22,1,0,210,0.076610684
22,1,1,155,0.16072823
22,1,2,36,0.19574346
22,1,3,229,0.19860907
22,1,4,86,0.31775844
22,1,5,114,0.050550148
23,1,0,47,0.12491155
23,1,1,44,0.092990987
23,1,2,152,0.48425382
23,1,3,59,0.066792771
23,1,4,55,0.1432645
23,1,5,74,0.087786347
24,1,0,38,0.17319584
24,1,1,133,0.15902677
24,1,2,240,0.15967087
24,1,3,51,0.21101949
24,1,4,8,0.15260531
24,1,5,36,0.14448172
25,1,0,210,0.13055854
25,1,1,155,0.18991467
25,1,2,36,0.21965249
25,1,3,229,0.13936906
25,1,4,86,0.2726438
25,1,5,114,0.047861412
26,1,0,47,0.1590575
26,1,1,44,0.11980551
26,1,2,152,0.3911272
26,1,3,59,0.072619721
26,1,4,55,0.14663991
26,1,5,74,0.11075017
27,1,0,52,0.17332736
27,1,1,104,0.15893798
27,1,2,64,0.15787433
27,1,3,233,0.18309936
27,1,4,51,0.15428646
27,1,5,195,0.17247452
28,1,0,43,0.14640149
28,1,1,82,0.17634383
28,1,2,236,0.14382087
28,1,3,120,0.15702827
28,1,4,95,0.19886577
28,1,5,184,0.17753974
29,1,0,25,0.14634919
29,1,1,82,0.38813555
29,1,2,32,0.11132105
29,1,3,76,0.26479077
29,1,4,0,0.048783977
29,1,5,151,0.040619444
30,1,0,236,0.12753917
30,1,1,113,0.20588414
30,1,2,205,0.15702687
30,1,3,9,0.19683981
30,1,4,237,0.13786136
30,1,5,186,0.17484862
31,1,0,206,0.18063892
31,1,1,245,0.12628298
31,1,2,150,0.15394256
31,1,3,71,0.15478848
31,1,4,61,0.15609385
31,1,5,207,0.22825322
32,1,0,149,0.15370621
32,1,1,169,0.18437308
32,1,2,192,0.17569876
32,1,3,163,0.16651158
32,1,4,207,0.17977999
32,1,5,9,0.13993037
33,1,0,47,0.12988691
33,1,1,148,0.11783758
33,1,2,210,0.10961035
33,1,3,97,0.38338289
33,1,4,36,0.098542236
33,1,5,174,0.16074006
34,1,0,182,0.17142642
34,1,1,232,0.078061044
34,1,2,104,0.30936018
34,1,3,19,0.18619937
34,1,4,38,0.18632032
34,1,5,75,0.068632714
35,1,0,4,0.18284854
35,1,1,128,0.19434629
35,1,2,2,0.17520107
35,1,3,223,0.10845466
35,1,4,232,0.17256856
35,1,5,35,0.16658083
36,1,0,178,0.16885889
36,1,1,186,0.16928634
36,1,2,83,0.17025615
36,1,3,130,0.17726825
36,1,4,141,0.15073062
36,1,5,165,0.16359973
37,1,0,61,0.15528126
37,1,1,105,0.18742029
37,1,2,216,0.16205956
37,1,3,200,0.1479547
37,1,4,16,0.17357858
37,1,5,164,0.17370562
38,1,0,235,0.31921116
38,1,1,93,0.16154112
38,1,2,127,0.13703644
38,1,3,66,0.11037857
38,1,4,116,0.12155601
38,1,5,135,0.15027671
39,1,0,210,0.05509796
39,1,1,155,0.18173257
39,1,2,36,0.18535332
39,1,3,229,0.13152441
39,1,4,86,0.39177033
39,1,5,114,0.054521374
40,1,0,182,0.24642353
40,1,1,232,0.048146877
40,1,2,104,0.15819626
40,1,3,19,0.23178053
40,1,4,38,0.27214658
40,1,5,75,0.043306258
41,1,0,48,0.21628319
41,1,1,97,0.13891084
41,1,2,79,0.10109504
41,1,3,223,0.18141393
41,1,4,42,0.16702051
41,1,5,145,0.19527648
42,1,0,57,0.25958398
42,1,1,175,0.13992392
42,1,2,95,0.13472773
42,1,3,181,0.12122977
42,1,4,139,0.21591395
42,1,5,146,0.12862067
43,1,0,62,0.17389181
43,1,1,227,0.18198942
43,1,2,115,0.15370156
43,1,3,201,0.19330949
43,1,4,253,0.15155314
43,1,5,47,0.14555462
44,1,0,44,0.094758056
44,1,1,117,0.35723695
44,1,2,169,0.11436913
44,1,3,37,0.092029154
44,1,4,195,0.12473767
44,1,5,48,0.21686906
45,1,0,17,0.17733625
45,1,1,178,0.18316896
45,1,2,243,0.10400305
45,1,3,141,0.19411068
45,1,4,103,0.19115663
45,1,5,74,0.1502244
46,1,0,117,0.13699053
46,1,1,154,0.1659064
46,1,2,77,0.19661911
46,1,3,43,0.16431659
46,1,4,174,0.22633296
46,1,5,243,0.10983445
47,1,0,253,0.12743707
47,1,1,149,0.1431739
47,1,2,46,0.17373338
47,1,3,36,0.06191672
47,1,4,158,0.34678981
47,1,5,0,0.1469491
48,1,0,32,0.050063584
48,1,1,251,0.29748642
48,1,2,226,0.38645729
48,1,3,164,0.078351952
48,1,4,2,0.15334281
48,1,5,137,0.034297977
49,1,0,135,0.1517031
49,1,1,207,0.16142519
49,1,2,180,0.1728525
49,1,3,162,0.18371759
49,1,4,11,0.13708292
49,1,5,188,0.19321868
50,1,0,70,0.15713112
50,1,1,35,0.11133244
50,1,2,6,0.18922088
50,1,3,80,0.18063352
50,1,4,9,0.16367373
50,1,5,185,0.1980083
51,1,0,224,0.4363057
51,1,1,111,0.35384399
51,1,2,31,0.037473906
51,1,3,62,0.088364497
51,1,4,163,0.036433499
51,1,5,200,0.047578443
52,1,0,42,0.15590273
52,1,1,56,0.14115541
52,1,2,21,0.18826596
52,1,3,251,0.12079956
52,1,4,203,0.19679646
52,1,5,249,0.19707985
53,1,0,25,0.15256186
53,1,1,82,0.36675462
53,1,2,32,0.11710638
53,1,3,76,0.25378731
53,1,4,0,0.05479211
53,1,5,151,0.054997731
0,2,0,96,0.17582802
0,2,1,146,0.19591595
0,2,2,47,0.16104929
0,2,3,225,0.15445049
0,2,4,114,0.15898663
0,2,5,34,0.15376963
1,2,0,199,0.16363877
1,2,1,247,0.12575673
1,2,2,221,0.17495035
1,2,3,119,0.21339369
1,2,4,88,0.1699789
1,2,5,103,0.15228158
2,2,0,242,0.078442208
2,2,1,21,0.10888522
2,2,2,76,0.28247201
2,2,3,89,0.18272611
2,2,4,101,0.092534378
2,2,5,185,0.25494006
3,2,0,235,0.20535262
3,2,1,220,0.19270734
3,2,2,141,0.11736684
3,2,3,51,0.14916082
3,2,4,8,0.1554561
3,2,5,182,0.17995627
4,2,0,12,0.16403149
4,2,1,64,0.16230337
4,2,2,247,0.18827787
4,2,3,6,0.15770048
4,2,4,88,0.12169126
4,2,5,19,0.20599556
5,2,0,144,0.11491837
5,2,1,141,0.13104776
5,2,2,33,0.20724796
5,2,3,249,0.16072217
5,2,4,21,0.18955305
5,2,5,32,0.19651072
6,2,0,40,0.22510856
6,2,1,59,0.11451815
6,2,2,24,0.17084724
6,2,3,210,0.17070393
6,2,4,115,0.15235005
6,2,5,26,0.16647206
7,2,0,224,0.10792721
7,2,1,244,0.20664337
7,2,2,104,0.18412647
7,2,3,49,0.17788185
7,2,4,42,0.16487363
7,2,5,109,0.15854749
8,2,0,151,0.18803075
8,2,1,127,0.20559327
8,2,2,68,0.15475622
8,2,3,8,0.12718339
8,2,4,61,0.068784103
8,2,5,163,0.25565225
9,2,0,84,0.037730839
9,2,1,128,0.29719043
9,2,2,39,0.098393381
9,2,3,195,0.090532109
9,2,4,159,0.45424941
9,2,5,146,0.021903817
10,2,0,219,0.18063055
10,2,1,148,0.17744245
10,2,2,182,0.1905479
10,2,3,233,0.12528934
10,2,4,199,0.14958815
10,2,5,85,0.17650163
11,2,0,9,0.1475202
11,2,1,251,0.17203867
11,2,2,173,0.1838484
11,2,3,229,0.16997738
11,2,4,0,0.14776765
11,2,5,106,0.17884769
12,2,0,251,0.16362563
12,2,1,241,0.19633822
12,2,2,132,0.13465331
12,2,3,61,0.1502967
12,2,4,245,0.1773304
12,2,5,250,0.17775577
13,2,0,116,0.18038139
13,2,1,91,0.17449135
13,2,2,223,0.1730018
13,2,3,209,0.16242948
13,2,4,176,0.11685774
13,2,5,5,0.19283828
14,2,0,93,0.130225
14,2,1,240,0.37883362
14,2,2,196,0.17557253
14,2,3,27,0.07023003
14,2,4,103,0.1303833
14,2,5,219,0.1147555
15,2,0,160,0.1106244
15,2,1,185,0.14311247
15,2,2,94,0.18095811
15,2,3,231,0.16543157
15,2,4,158,0.33068195
15,2,5,98,0.069191471
16,2,0,117,0.18864742
16,2,1,159,0.12611257
16,2,2,9,0.18890898
16,2,3,123,0.17250031
16,2,4,124,0.15943199
16,2,5,163,0.16439871
17,2,0,129,0.17235784
17,2,1,193,0.14260586
17,2,2,143,0.15118779
17,2,3,127,0.19740598
17,2,4,80,0.17811783
17,2,5,174,0.15832475
18,2,0,108,0.1678271
18,2,1,217,0.1762132
18,2,2,98,0.14661172
18,2,3,219,0.1568982
18,2,4,69,0.2060317
18,2,5,120,0.14641811
19,2,0,22,0.18944122
19,2,1,208,0.11768057
19,2,2,20,0.088964634
19,2,3,150,0.41034162
19,2,4,39,0.081665061
19,2,5,68,0.11190687
20,2,0,78,0.14975958
20,2,1,179,0.17717412
20,2,2,51,0.17045394
20,2,3,26,0.18690465
20,2,4,198,0.18298645
20,2,5,227,0.13272129
21,2,0,57,0.18258165
21,2,1,108,0.17408314
21,2,2,128,0.17941783
21,2,3,40,0.12890209
21,2,4,37,0.16779745
21,2,5,113,0.16721782
22,2,0,20,0.054665908
22,2,1,174,0.10224476
22,2,2,77,0.29538721
22,2,3,74,0.34749967
22,2,4,125,0.14429487
22,2,5,141,0.055907559
23,2,0,1,0.14240365
23,2,1,41,0.15968572
23,2,2,215,0.27159762
23,2,3,0,0.20490737
23,2,4,11,0.089615583
23,2,5,22,0.13179004
24,2,0,182,0.21860385
24,2,1,112,0.16295366
24,2,2,81,0.10113022
24,2,3,74,0.13027833
24,2,4,1,0.19889277
24,2,5,150,0.18814118
25,2,0,20,0.062000714
25,2,1,174,0.10796603
25,2,2,77,0.26798704
25,2,3,74,0.31433564
25,2,4,125,0.18553111
25,2,5,141,0.062179461
26,2,0,1,0.1424208
26,2,1,41,0.15383105
26,2,2,215,0.24752739
26,2,3,0,0.21354423
26,2,4,11,0.10713752
26,2,5,22,0.13553901
27,2,0,228,0.18548101
27,2,1,127,0.15271878
27,2,2,16,0.16119537
27,2,3,118,0.15722893
27,2,4,200,0.19970912
27,2,5,233,0.14366679
28,2,0,201,0.18330623
28,2,1,230,0.1495392
28,2,2,73,0.19893152
28,2,3,189,0.16787651
28,2,4,182,0.15332374
28,2,5,106,0.14702277
29,2,0,84,0.021301618
29,2,1,128,0.30059412
29,2,2,39,0.07514181
29,2,3,195,0.16481584
29,2,4,159,0.41973108
29,2,5,146,0.018415498
30,2,0,86,0.13852102
30,2,1,255,0.20591259
30,2,2,7,0.13758083
30,2,3,5,0.16195145
30,2,4,31,0.16741411
30,2,5,155,0.18861999
31,2,0,238,0.17051411
31,2,1,76,0.14284877
31,2,2,42,0.18673286
31,2,3,172,0.1628685
31,2,4,251,0.17281848
31,2,5,196,0.16421731
32,2,0,213,0.14997521
32,2,1,1,0.15379795
32,2,2,248,0.16671826
32,2,3,75,0.1546182
32,2,4,154,0.19609903
32,2,5,58,0.17879128
33,2,0,9,0.13411909
33,2,1,48,0.10879716
33,2,2,41,0.25480577
33,2,3,133,0.1502441
33,2,4,38,0.18604665
33,2,5,153,0.16598719
34,2,0,239,0.13674164
34,2,1,49,0.12056711
34,2,2,39,0.10576806
34,2,3,37,0.14850731
34,2,4,2,0.19675547
34,2,5,203,0.2916604
35,2,0,175,0.19165345
35,2,1,43,0.16765395
35,2,2,169,0.1214781
35,2,3,177,0.18067054
35,2,4,1,0.1542156
35,2,5,21,0.18432838
36,2,0,88,0.13172333
36,2,1,60,0.17140819
36,2,2,201,0.16607367
36,2,3,106,0.18829998
36,2,4,17,0.14124317
36,2,5,31,0.20125163
37,2,0,161,0.17601047
37,2,1,250,0.1594843
37,2,2,193,0.14916371
37,2,3,105,0.17472562
37,2,4,40,0.15845674
37,2,5,143,0.18215911
38,2,0,153,0.16694681
38,2,1,73,0.21792001
38,2,2,195,0.10425211
38,2,3,226,0.13032955
38,2,4,3,0.17896469
38,2,5,190,0.20158684
39,2,0,20,0.032982424
39,2,1,174,0.081678256
39,2,2,77,0.2936109
39,2,3,74,0.41586483
39,2,4,125,0.13498902
39,2,5,141,0.04087463
40,2,0,239,0.14029828
40,2,1,49,0.092464745
40,2,2,39,0.093775593
40,2,3,37,0.13755861
40,2,4,2,0.21258762
40,2,5,203,0.32331514
41,2,0,32,0.17012501
41,2,1,182,0.15217057
41,2,2,10,0.16224883
41,2,3,239,0.15956122
41,2,4,233,0.1609537
41,2,5,35,0.19494066
42,2,0,97,0.18606454
42,2,1,183,0.11159927
42,2,2,173,0.15725277
42,2,3,201,0.2211818
42,2,4,81,0.090164445
42,2,5,140,0.23373719
43,2,0,132,0.18529728
43,2,1,100,0.15666552
43,2,2,168,0.17425916
43,2,3,26,0.15776922
43,2,4,88,0.19700871
43,2,5,38,0.12900013
44,2,0,40,0.21850201
44,2,1,59,0.1245063
44,2,2,24,0.13031784
44,2,3,210,0.19933492
44,2,4,115,0.17240831
44,2,5,26,0.15493065
45,2,0,232,0.18534613
45,2,1,209,0.15759754
45,2,2,168,0.1650504
45,2,3,111,0.18512934
45,2,4,118,0.13867542
45,2,5,117,0.16820115
46,2,0,24,0.16438653
46,2,1,70,0.15250564
46,2,2,203,0.15712802
46,2,3,7,0.15902571
46,2,4,14,0.20309168
46,2,5,226,0.16386248
47,2,0,194,0.16173457
47,2,1,94,0.162119
47,2,2,187,0.17804551
47,2,3,85,0.15538362
47,2,4,38,0.13700546
47,2,5,117,0.20571189
48,2,0,242,0.083203852
48,2,1,21,0.10819041
48,2,2,76,0.33584222
48,2,3,89,0.22841592
48,2,4,101,0.048805356
48,2,5,185,0.19554222
49,2,0,132,0.28310928
49,2,1,205,0.12461706
49,2,2,123,0.13602962
49,2,3,135,0.13955463
49,2,4,90,0.17016485
49,2,5,184,0.14652455
50,2,0,51,0.1785108
50,2,1,67,0.16258632
50,2,2,61,0.14584532
50,2,3,185,0.16377001
50,2,4,58,0.18795025
50,2,5,182,0.1613373
51,2,0,160,0.10594486
51,2,1,185,0.15653035
51,2,2,94,0.19410187
51,2,3,231,0.15603518
51,2,4,158,0.27546731
51,2,5,98,0.11192042
52,2,0,44,0.17348333
52,2,1,163,0.17384735
52,2,2,207,0.12964675
52,2,3,16,0.19201046
52,2,4,126,0.18202128
52,2,5,15,0.14899087
53,2,0,84,0.017308688
53,2,1,128,0.32024139
53,2,2,39,0.054315276
53,2,3,195,0.20204444
53,2,4,159,0.39229774
53,2,5,146,0.013792482
0,3,0,54,0.40410465
0,3,1,143,0.15111654
0,3,2,116,0.13780491
0,3,3,118,0.10502817
0,3,4,117,0.10335747
0,3,5,124,0.098588258
1,3,0,44,0.47572559
1,3,1,118,0.12325148
1,3,2,220,0.12146527
1,3,3,157,0.10633868
1,3,4,128,0.086223342
1,3,5,71,0.086995631
2,3,0,163,0.33905566
2,3,1,220,0.18828404
2,3,2,44,0.13814875
2,3,3,157,0.12381767
2,3,4,143,0.11335992
2,3,5,128,0.09733393
3,3,0,157,0.35627234
3,3,1,188,0.15896936
3,3,2,225,0.14399847
3,3,3,133,0.11417026
3,3,4,233,0.11515261
3,3,5,166,0.11143696
4,3,0,157,0.27593878
4,3,1,188,0.16819873
4,3,2,225,0.14754237
4,3,3,117,0.15112069
4,3,4,45,0.12956139
4,3,5,89,0.12763798
5,3,0,45,0.17354484
5,3,1,4,0.22149204
5,3,2,173,0.17266528
5,3,3,188,0.15583745
5,3,4,157,0.14358106
5,3,5,71,0.13287938
6,3,0,116,0.41512758
6,3,1,27,0.12599543
6,3,2,143,0.12865208
6,3,3,71,0.12103746
6,3,4,188,0.10773408
6,3,5,80,0.10145336
7,3,0,37,0.45941228
7,3,1,14,0.17596458
7,3,2,83,0.15197447
7,3,3,63,0.072255746
7,3,4,213,0.07118497
7,3,5,109,0.069207951
8,3,0,83,0.53239137
8,3,1,14,0.1690115
8,3,2,149,0.090891093
8,3,3,101,0.082159236
8,3,4,165,0.064990237
8,3,5,33,0.060556512
9,3,0,71,0.1999767
9,3,1,84,0.20206077
9,3,2,63,0.14037043
9,3,3,90,0.13583462
9,3,4,53,0.1247302
9,3,5,205,0.19702725
10,3,0,14,0.29661947
10,3,1,26,0.20122954
10,3,2,149,0.16031779
10,3,3,201,0.12248696
10,3,4,101,0.11530355
10,3,5,135,0.10404272
11,3,0,149,0.22238019
11,3,1,26,0.20956533
11,3,2,113,0.18932743
11,3,3,225,0.13251513
11,3,4,188,0.12451537
11,3,5,34,0.12169653
12,3,0,3,0.22509989
12,3,1,2,0.18884093
12,3,2,140,0.15300232
12,3,3,194,0.15309921
12,3,4,80,0.14426564
12,3,5,0,0.13569203
13,3,0,4,0.46211264
13,3,1,202,0.12359668
13,3,2,173,0.11372612
13,3,3,3,0.11248291
13,3,4,194,0.094924867
13,3,5,143,0.093156822
14,3,0,212,0.51126313
14,3,1,29,0.13443413
14,3,2,156,0.10274258
14,3,3,66,0.087514669
14,3,4,166,0.082713127
14,3,5,148,0.081332415
15,3,0,18,0.42641973
15,3,1,163,0.1725498
15,3,2,63,0.11749534
15,3,3,212,0.10094983
15,3,4,111,0.091328256
15,3,5,143,0.091257051
16,3,0,18,0.23047566
16,3,1,225,0.20476553
16,3,2,2,0.16262493
16,3,3,173,0.14335245
16,3,4,57,0.12936659
16,3,5,63,0.12941487
17,3,0,194,0.40952614
17,3,1,165,0.15465084
17,3,2,22,0.12284359
17,3,3,134,0.1132195
17,3,4,112,0.10239167
17,3,5,63,0.097368285
18,3,0,194,0.23334233
18,3,1,145,0.22635272
18,3,2,89,0.14991015
18,3,3,225,0.13170619
18,3,4,45,0.13057147
18,3,5,111,0.1281171
19,3,0,61,0.41519153
19,3,1,163,0.16598368
19,3,2,218,0.14030035
19,3,3,194,0.10563686
19,3,4,231,0.086800151
19,3,5,129,0.086087443
20,3,0,231,0.23976485
20,3,1,188,0.17627098
20,3,2,173,0.16530919
20,3,3,113,0.15158539
20,3,4,72,0.13446045
20,3,5,194,0.13260917
21,3,0,194,0.29120907
21,3,1,13,0.2349706
21,3,2,140,0.12832154
21,3,3,225,0.11519183
21,3,4,88,0.11279776
21,3,5,173,0.11750922
22,3,0,205,0.28812334
22,3,1,101,0.18162419
22,3,2,23,0.17236741
22,3,3,135,0.12308525
22,3,4,223,0.13006602
22,3,5,90,0.10473379
23,3,0,201,0.29595622
23,3,1,223,0.24798597
23,3,2,198,0.15472004
23,3,3,103,0.16195528
23,3,4,145,0.071997121
23,3,5,63,0.067385338
24,3,0,173,0.21912868
24,3,1,194,0.20666307
24,3,2,225,0.1759436
24,3,3,113,0.14589545
24,3,4,133,0.12441379
24,3,5,11,0.12795539
25,3,0,223,0.37460917
25,3,1,23,0.23888601
25,3,2,143,0.11218338
25,3,3,37,0.095426045
25,3,4,135,0.091544166
25,3,5,144,0.08735127
26,3,0,223,0.39991981
26,3,1,201,0.18781941
26,3,2,198,0.14470685
26,3,3,144,0.11491331
26,3,4,227,0.083814412
26,3,5,105,0.068826228
27,3,0,194,0.41122267
27,3,1,173,0.15117675
27,3,2,99,0.11669425
27,3,3,118,0.11051131
27,3,4,92,0.10657898
27,3,5,231,0.10381606
28,3,0,194,0.34352309
28,3,1,173,0.16543563
28,3,2,192,0.12902103
28,3,3,133,0.12451836
28,3,4,13,0.12378258
28,3,5,230,0.11371932
29,3,0,84,0.26456732
29,3,1,205,0.26789156
29,3,2,20,0.11257794
29,3,3,71,0.11678843
29,3,4,181,0.1254212
29,3,5,166,0.11275356
30,3,0,252,0.43718964
30,3,1,57,0.18051834
30,3,2,234,0.11524657
30,3,3,226,0.089298278
30,3,4,192,0.088096112
30,3,5,143,0.089651071
31,3,0,83,0.31085655
31,3,1,99,0.17198014
31,3,2,237,0.15463959
31,3,3,101,0.12490238
31,3,4,34,0.12154815
31,3,5,195,0.1160732
32,3,0,31,0.49689555
32,3,1,173,0.14224657
32,3,2,93,0.095905438
32,3,3,111,0.091617808
32,3,4,101,0.088456929
32,3,5,37,0.084877685
33,3,0,83,0.27385291
33,3,1,10,0.16475217
33,3,2,101,0.14908321
33,3,3,33,0.1422517
33,3,4,108,0.13379881
33,3,5,148,0.13626114
34,3,0,223,0.38673615
34,3,1,101,0.14508229
34,3,2,227,0.14126396
34,3,3,148,0.13262095
34,3,4,143,0.10456304
34,3,5,128,0.089733571
35,3,0,148,0.3820889
35,3,1,83,0.19810535
35,3,2,194,0.12142385
35,3,3,34,0.1045834
35,3,4,144,0.10167347
35,3,5,111,0.092125043
36,3,0,198,0.34929663
36,3,1,61,0.23271601
36,3,2,103,0.15270047
36,3,3,101,0.094850853
36,3,4,128,0.084252171
36,3,5,88,0.086183898
37,3,0,31,0.47655368
37,3,1,174,0.13474706
37,3,2,188,0.11054949
37,3,3,37,0.090259165
37,3,4,5,0.091575883
37,3,5,173,0.096314713
38,3,0,83,0.22423324
38,3,1,34,0.17156655
38,3,2,118,0.16002783
38,3,3,33,0.14917983
38,3,4,188,0.15007265
38,3,5,212,0.14491983
39,3,0,205,0.24314879
39,3,1,101,0.19824938
39,3,2,23,0.20527859
39,3,3,223,0.17186172
39,3,4,170,0.090951204
39,3,5,166,0.090510309
40,3,0,223,0.390706
40,3,1,227,0.20245072
40,3,2,103,0.19056949
40,3,3,143,0.080692068
40,3,4,101,0.070153236
40,3,5,118,0.06542851
41,3,0,252,0.40647823
41,3,1,234,0.2360187
41,3,2,57,0.13090895
41,3,3,8,0.083850093
41,3,4,129,0.073180914
41,3,5,242,0.069563046
42,3,0,62,0.41530704
42,3,1,57,0.13304716
42,3,2,14,0.13708717
42,3,3,195,0.11445525
42,3,4,109,0.10087625
42,3,5,79,0.099227116
43,3,0,4,0.49770334
43,3,1,109,0.11222106
43,3,2,194,0.10938411
43,3,3,148,0.097586028
43,3,4,252,0.095439658
43,3,5,242,0.087665826
44,3,0,116,0.4991045
44,3,1,170,0.11125454
44,3,2,143,0.106704
44,3,3,242,0.10081851
44,3,4,244,0.09466327
44,3,5,200,0.087455168
45,3,0,201,0.26859513
45,3,1,145,0.24109977
45,3,2,83,0.15952875
45,3,3,26,0.1419799
45,3,4,14,0.11547729
45,3,5,10,0.073319174
46,3,0,14,0.35751626
46,3,1,26,0.19907096
46,3,2,173,0.13495728
46,3,3,10,0.11109661
46,3,4,248,0.099458955
46,3,5,0,0.097899936
47,3,0,83,0.52219105
47,3,1,0,0.10430782
47,3,2,10,0.097898446
47,3,3,29,0.092130244
47,3,4,59,0.095507815
47,3,5,108,0.087964624
48,3,0,163,0.29121408
48,3,1,83,0.20787926
48,3,2,57,0.1754522
48,3,3,10,0.16051866
48,3,4,143,0.086645581
48,3,5,20,0.078290232
49,3,0,33,0.23663212
49,3,1,59,0.21882841
49,3,2,34,0.15992029
49,3,3,50,0.13995124
49,3,4,238,0.12665658
49,3,5,249,0.11801135
50,3,0,108,0.37825203
50,3,1,26,0.15302348
50,3,2,59,0.15105592
50,3,3,109,0.10707484
50,3,4,173,0.11401062
50,3,5,153,0.096583068
51,3,0,18,0.56026244
51,3,1,10,0.11691014
51,3,2,163,0.094475225
51,3,3,0,0.078905523
51,3,4,80,0.076633543
51,3,5,208,0.072813183
52,3,0,18,0.38075337
52,3,1,3,0.19583812
52,3,2,0,0.11216018
52,3,3,74,0.10496184
52,3,4,173,0.10820531
52,3,5,238,0.098081186
53,3,0,205,0.30875584
53,3,1,84,0.25584069
53,3,2,181,0.12472156
53,3,3,20,0.10643049
53,3,4,71,0.10464956
53,3,5,208,0.099601872
0,4,0,170,0.56246537
0,4,1,182,0.11005611
0,4,2,113,0.097353771
0,4,3,64,0.081452556
0,4,4,121,0.074144915
0,4,5,223,0.074527308
1,4,0,170,0.29768968
1,4,1,197,0.22024402
1,4,2,182,0.15874773
1,4,3,32,0.12813328
1,4,4,223,0.098993696
1,4,5,121,0.096191615
2,4,0,170,0.27292839
2,4,1,175,0.19636786
2,4,2,65,0.16852491
2,4,3,53,0.18208764
2,4,4,182,0.091504946
2,4,5,197,0.088586226
3,4,0,177,0.32147998
3,4,1,170,0.16338339
3,4,2,33,0.13286759
3,4,3,206,0.13097225
3,4,4,174,0.1278269
3,4,5,10,0.1234699
4,4,0,177,0.4430643
4,4,1,170,0.12854439
4,4,2,33,0.11444329
4,4,3,10,0.10888837
4,4,4,203,0.10796989
4,4,5,34,0.097089827
5,4,0,104,0.28279677
5,4,1,68,0.17766005
5,4,2,170,0.16114126
5,4,3,250,0.16007821
5,4,4,190,0.12689878
5,4,5,149,0.091424942
6,4,0,170,0.2946721
6,4,1,198,0.16361803
6,4,2,97,0.15345185
6,4,3,106,0.14569399
6,4,4,104,0.13701147
6,4,5,66,0.10555258
7,4,0,127,0.53987688
7,4,1,170,0.11828418
7,4,2,85,0.098590106
7,4,3,66,0.083351716
7,4,4,41,0.084429622
7,4,5,38,0.075467519
8,4,0,38,0.27009735
8,4,1,72,0.17050357
8,4,2,175,0.16724899
8,4,3,197,0.15720221
8,4,4,127,0.12298222
8,4,5,123,0.11196563
9,4,0,170,0.31255561
9,4,1,230,0.19241318
9,4,2,8,0.15469334
9,4,3,183,0.13661978
9,4,4,97,0.11290692
9,4,5,25,0.090811141
10,4,0,38,0.2578339
10,4,1,65,0.20567015
10,4,2,170,0.17227904
10,4,3,8,0.13892467
10,4,4,156,0.11535967
10,4,5,244,0.10993257
11,4,0,65,0.32994169
11,4,1,177,0.19772778
11,4,2,252,0.12595847
11,4,3,244,0.1192629
11,4,4,190,0.11712962
11,4,5,139,0.1099795
12,4,0,177,0.34092927
12,4,1,27,0.23706856
12,4,2,244,0.1152134
12,4,3,11,0.11257885
12,4,4,135,0.10034667
12,4,5,100,0.093863264
13,4,0,104,0.30708808
13,4,1,68,0.23948707
13,4,2,81,0.12804735
13,4,3,8,0.11573417
13,4,4,170,0.11250009
13,4,5,244,0.097143225
14,4,0,104,0.33428836
14,4,1,181,0.16677918
14,4,2,90,0.14318568
14,4,3,120,0.12329388
14,4,4,239,0.11683878
14,4,5,170,0.11561409
15,4,0,248,0.41283351
15,4,1,220,0.18074523
15,4,2,170,0.13001251
15,4,3,8,0.1088123
15,4,4,241,0.086881518
15,4,5,66,0.080714948
16,4,0,65,0.28791758
16,4,1,177,0.2327113
16,4,2,203,0.1364193
16,4,3,244,0.12068982
16,4,4,170,0.11748474
16,4,5,48,0.10477724
17,4,0,177,0.27352613
17,4,1,27,0.2567699
17,4,2,114,0.14614943
17,4,3,197,0.12312066
17,4,4,203,0.10287397
17,4,5,239,0.097559877
18,4,0,39,0.37617046
18,4,1,104,0.14646773
18,4,2,233,0.15195628
18,4,3,174,0.13432693
18,4,4,100,0.096106678
18,4,5,170,0.09497197
19,4,0,248,0.33844909
19,4,1,220,0.32150552
19,4,2,39,0.13722664
19,4,3,233,0.080245472
19,4,4,175,0.060175356
19,4,5,97,0.06239786
20,4,0,177,0.23919208
20,4,1,90,0.19231051
20,4,2,100,0.17256807
20,4,3,170,0.13980512
20,4,4,78,0.12306096
20,4,5,235,0.13306326
21,4,0,27,0.26947623
21,4,1,177,0.17181692
21,4,2,244,0.14481051
21,4,3,239,0.13636842
21,4,4,166,0.14228491
21,4,5,169,0.13524303
22,4,0,97,0.20370956
22,4,1,170,0.19086276
22,4,2,9,0.1650355
22,4,3,8,0.15655918
22,4,4,49,0.14822295
22,4,5,69,0.13561006
23,4,0,156,0.20902729
23,4,1,249,0.24034166
23,4,2,237,0.21358503
23,4,3,147,0.12356757
23,4,4,233,0.11591675
23,4,5,29,0.097561695
24,4,0,27,0.25966763
24,4,1,177,0.17797253
24,4,2,244,0.15486367
24,4,3,2,0.14167665
24,4,4,90,0.13576797
24,4,5,227,0.13005154
25,4,0,69,0.25804779
25,4,1,53,0.23586719
25,4,2,170,0.14881484
25,4,3,249,0.14794563
25,4,4,8,0.10598134
25,4,5,9,0.1033432
26,4,0,237,0.58138442
26,4,1,249,0.1169958
26,4,2,156,0.085173123
26,4,3,25,0.07156945
26,4,4,99,0.073279299
26,4,5,5,0.071597956
27,4,0,39,0.30545032
27,4,1,177,0.17368762
27,4,2,139,0.13839082
27,4,3,65,0.13513555
27,4,4,170,0.12370422
27,4,5,212,0.12363146
28,4,0,27,0.24832454
28,4,1,177,0.17502941
28,4,2,2,0.16216919
28,4,3,227,0.14897595
28,4,4,239,0.1318443
28,4,5,99,0.13365656
29,4,0,230,0.1775748
29,4,1,9,0.17428087
29,4,2,170,0.16167219
29,4,3,49,0.17594725
29,4,4,97,0.14348568
29,4,5,111,0.16703923
30,4,0,164,0.31909987
30,4,1,233,0.18425657
30,4,2,242,0.15112235
30,4,3,236,0.13267973
30,4,4,121,0.10928097
30,4,5,70,0.1035605
31,4,0,38,0.22419854
31,4,1,197,0.21933161
31,4,2,72,0.19141011
31,4,3,233,0.13967942
31,4,4,244,0.11350572
31,4,5,139,0.11187462
32,4,0,104,0.49968165
32,4,1,174,0.11016708
32,4,2,233,0.12397058
32,4,3,251,0.097654462
32,4,4,239,0.087157816
32,4,5,212,0.081368424
33,4,0,33,0.22684054
33,4,1,197,0.19678277
33,4,2,251,0.19102547
33,4,3,239,0.1340259
33,4,4,14,0.12705457
33,4,5,139,0.12427078
34,4,0,53,0.4141407
34,4,1,249,0.20987397
34,4,2,8,0.10857208
34,4,3,9,0.10400814
34,4,4,97,0.086353146
34,4,5,187,0.07705196
35,4,0,227,0.47982493
35,4,1,33,0.10573748
35,4,2,197,0.10295381
35,4,3,233,0.11976377
35,4,4,239,0.094235986
35,4,5,90,0.097484015
36,4,0,29,0.25344947
36,4,1,220,0.20847313
36,4,2,249,0.18133125
36,4,3,53,0.14945082
36,4,4,233,0.11380199
36,4,5,9,0.093493342
37,4,0,104,0.38877463
37,4,1,251,0.22426753
37,4,2,237,0.13805595
37,4,3,68,0.09447445
37,4,4,149,0.082396805
37,4,5,66,0.072030626
38,4,0,90,0.2993027
38,4,1,33,0.163157
38,4,2,251,0.16266906
38,4,3,197,0.13511382
38,4,4,34,0.12088051
38,4,5,139,0.1188769
39,4,0,97,0.2204732
39,4,1,9,0.18395945
39,4,2,170,0.16125858
39,4,3,69,0.16509721
39,4,4,8,0.14339954
39,4,5,53,0.12581202
40,4,0,249,0.44417864
40,4,1,237,0.25792333
40,4,2,53,0.090592258
40,4,3,187,0.07098271
40,4,4,170,0.068886094
40,4,5,239,0.067436978
41,4,0,237,0.40139443
41,4,1,164,0.23185307
41,4,2,242,0.11303518
41,4,3,34,0.099686682
41,4,4,252,0.077850379
41,4,5,121,0.076180272
42,4,0,34,0.35981187
42,4,1,127,0.26413041
42,4,2,114,0.17955665
42,4,3,85,0.065732196
42,4,4,66,0.065999322
42,4,5,93,0.064769521
43,4,0,104,0.30187517
43,4,1,68,0.24463822
43,4,2,39,0.1371804
43,4,3,116,0.12273274
43,4,4,121,0.09465865
43,4,5,149,0.098914802
44,4,0,106,0.28780404
44,4,1,198,0.23808244
44,4,2,170,0.14628848
44,4,3,97,0.12115646
44,4,4,8,0.10745568
44,4,5,34,0.09921293
45,4,0,127,0.31912467
45,4,1,156,0.24144208
45,4,2,164,0.12347466
45,4,3,190,0.10822117
45,4,4,39,0.10310992
45,4,5,210,0.10462753
46,4,0,90,0.20528722
46,4,1,255,0.19818963
46,4,2,4,0.19958909
46,4,3,127,0.15550415
46,4,4,39,0.13496791
46,4,5,239,0.10646195
47,4,0,197,0.25338927
47,4,1,72,0.2179078
47,4,2,175,0.19267623
47,4,3,139,0.11339752
47,4,4,100,0.11228505
47,4,5,190,0.11034413
48,4,0,175,0.38809404
48,4,1,97,0.14687623
48,4,2,8,0.13503969
48,4,3,170,0.1194789
48,4,4,9,0.10865472
48,4,5,41,0.1018564
49,4,0,197,0.21834615
49,4,1,72,0.22166488
49,4,2,177,0.18678743
49,4,3,114,0.14297055
49,4,4,166,0.12019175
49,4,5,90,0.11003928
50,4,0,72,0.21941715
50,4,1,197,0.18471454
50,4,2,177,0.16698471
50,4,3,100,0.15163814
50,4,4,135,0.13967465
50,4,5,26,0.1375708
51,4,0,248,0.43474531
51,4,1,81,0.29275644
51,4,2,8,0.070654258
51,4,3,56,0.070020489
51,4,4,39,0.066019401
51,4,5,192,0.065804116
52,4,0,104,0.38677171
52,4,1,174,0.21365076
52,4,2,38,0.10781607
52,4,3,100,0.097500376
52,4,4,90,0.097164355
52,4,5,108,0.097096689
53,4,0,230,0.21738113
53,4,1,97,0.17284039
53,4,2,8,0.14961948
53,4,3,170,0.1439452
53,4,4,9,0.14938329
53,4,5,111,0.16683049
0,5,0,35,0.59241813
0,5,1,59,0.094779119
0,5,2,17,0.08384598
0,5,3,230,0.082147062
0,5,4,80,0.076235607
0,5,5,21,0.070574068
1,5,0,138,0.21643431
1,5,1,110,0.18374188
1,5,2,50,0.18246019
1,5,3,118,0.14445472
1,5,4,218,0.13843028
1,5,5,13,0.1344786
2,5,0,141,0.28224546
2,5,1,138,0.23601444
2,5,2,218,0.14068937
2,5,3,61,0.12616448
2,5,4,110,0.10241257
2,5,5,50,0.11247367
3,5,0,122,0.1940363
3,5,1,138,0.19657058
3,5,2,86,0.16699956
3,5,3,41,0.15111721
3,5,4,95,0.14972366
3,5,5,140,0.1415527
4,5,0,95,0.42207423
4,5,1,49,0.14280809
4,5,2,166,0.11910605
4,5,3,42,0.11140489
4,5,4,122,0.099192217
4,5,5,181,0.10541454
5,5,0,246,0.25715634
5,5,1,200,0.18643382
5,5,2,154,0.17446427
5,5,3,86,0.13568705
5,5,4,203,0.13332322
5,5,5,138,0.1129353
6,5,0,180,0.247959
6,5,1,167,0.18443833
6,5,2,200,0.15593502
6,5,3,13,0.13762577
6,5,4,35,0.1388346
6,5,5,86,0.13520728
7,5,0,180,0.24282324
7,5,1,86,0.18137944
7,5,2,40,0.18399458
7,5,3,217,0.13869889
7,5,4,187,0.13041437
7,5,5,160,0.1226895
8,5,0,141,0.41575572
8,5,1,163,0.15528318
8,5,2,86,0.13337031
8,5,3,40,0.10969093
8,5,4,241,0.09818428
8,5,5,11,0.087715536
9,5,0,175,0.24523184
9,5,1,167,0.1975501
9,5,2,13,0.14172785
9,5,3,94,0.14465722
9,5,4,50,0.15150762
9,5,5,203,0.11932538
10,5,0,164,0.28086284
10,5,1,93,0.20593376
10,5,2,86,0.13785906
10,5,3,13,0.12693077
10,5,4,167,0.1270735
10,5,5,203,0.12134005
11,5,0,95,0.21272977
11,5,1,217,0.19873372
11,5,2,122,0.16092791
11,5,3,42,0.15646271
11,5,4,151,0.15062761
11,5,5,101,0.12051824
12,5,0,213,0.33712178
12,5,1,122,0.17600459
12,5,2,49,0.14670058
12,5,3,95,0.13637322
12,5,4,205,0.10464838
12,5,5,188,0.099151455
13,5,0,200,0.3508589
13,5,1,246,0.28253981
13,5,2,156,0.095638573
13,5,3,207,0.093663402
13,5,4,146,0.089089245
13,5,5,178,0.088210106
14,5,0,200,0.26102358
14,5,1,220,0.21432732
14,5,2,22,0.15780452
14,5,3,191,0.14855878
14,5,4,181,0.11449934
14,5,5,29,0.10378651
15,5,0,29,0.28632492
15,5,1,200,0.21882892
15,5,2,220,0.15616214
15,5,3,191,0.1184517
15,5,4,22,0.1113216
15,5,5,178,0.10891075
16,5,0,151,0.28741583
16,5,1,186,0.25961065
16,5,2,213,0.11984435
16,5,3,29,0.11911672
16,5,4,254,0.10961627
16,5,5,95,0.10439613
17,5,0,49,0.38237125
17,5,1,7,0.14797656
17,5,2,95,0.14392106
17,5,3,213,0.11949433
17,5,4,151,0.11686051
17,5,5,122,0.089376301
18,5,0,35,0.32565266
18,5,1,213,0.17292535
18,5,2,47,0.1627432
18,5,3,200,0.12684205
18,5,4,95,0.11824632
18,5,5,11,0.093590431
19,5,0,224,0.32087001
19,5,1,35,0.24345286
19,5,2,213,0.14089586
19,5,3,95,0.10801119
19,5,4,11,0.094703838
19,5,5,251,0.092066258
20,5,0,181,0.34119627
20,5,1,76,0.18807617
20,5,2,243,0.16513042
20,5,3,151,0.13180158
20,5,4,213,0.092723921
20,5,5,44,0.08107166
21,5,0,243,0.294655
21,5,1,49,0.23135376
21,5,2,31,0.17319156
21,5,3,151,0.13994791
21,5,4,207,0.080348343
21,5,5,2,0.080503426
22,5,0,107,0.25827321
22,5,1,13,0.18488275
22,5,2,167,0.17847432
22,5,3,50,0.16811176
22,5,4,86,0.11111531
22,5,5,232,0.099142604
23,5,0,155,0.28507775
23,5,1,242,0.28317758
23,5,2,222,0.16500336
23,5,3,107,0.13574068
23,5,4,200,0.06998425
23,5,5,11,0.061016362
24,5,0,151,0.21705981
24,5,1,49,0.21621226
24,5,2,186,0.22073574
24,5,3,42,0.12059832
24,5,4,31,0.11604089
24,5,5,250,0.10935295
25,5,0,107,0.35723811
25,5,1,222,0.2418109
25,5,2,28,0.10286478
25,5,3,83,0.10104913
25,5,4,122,0.09911976
25,5,5,130,0.097917311
26,5,0,222,0.37534818
26,5,1,107,0.20589943
26,5,2,242,0.15812121
26,5,3,155,0.093291961
26,5,4,29,0.087567978
26,5,5,11,0.079771228
27,5,0,179,0.26099932
27,5,1,186,0.24803719
27,5,2,120,0.12891306
27,5,3,60,0.12793198
27,5,4,217,0.11890022
27,5,5,31,0.11521824
28,5,0,49,0.29531103
28,5,1,250,0.1825102
28,5,2,195,0.1372299
28,5,3,151,0.13333133
28,5,4,243,0.1250959
28,5,5,207,0.12652166
29,5,0,175,0.29689991
29,5,1,50,0.20444444
29,5,2,167,0.16975017
29,5,3,13,0.12993026
29,5,4,86,0.098631717
29,5,5,222,0.10034344
30,5,0,164,0.29214308
30,5,1,121,0.19702719
30,5,2,86,0.17990391
30,5,3,40,0.13888088
30,5,4,147,0.098966658
30,5,5,156,0.09307833
31,5,0,220,0.31511334
31,5,1,19,0.22647569
31,5,2,141,0.15184097
31,5,3,203,0.11957917
31,5,4,121,0.09773799
31,5,5,247,0.089252852
32,5,0,220,0.29564428
32,5,1,246,0.29489169
32,5,2,200,0.11951669
32,5,3,154,0.11361706
32,5,4,247,0.095423639
32,5,5,207,0.080906644
33,5,0,181,0.41854545
33,5,1,141,0.21875939
33,5,2,95,0.10257953
33,5,3,11,0.091688029
33,5,4,171,0.091072813
33,5,5,199,0.077354737
34,5,0,107,0.32082355
34,5,1,181,0.2917285
34,5,2,171,0.11036947
34,5,3,141,0.10877374
34,5,4,220,0.099568315
34,5,5,207,0.068736412
35,5,0,181,0.22919689
35,5,1,208,0.2187364
35,5,2,95,0.16380747
35,5,3,141,0.16334021
35,5,4,151,0.1341712
35,5,5,226,0.090747856
36,5,0,242,0.25244826
36,5,1,220,0.20575021
36,5,2,150,0.20273553
36,5,3,222,0.11430352
36,5,4,181,0.10876711
36,5,5,107,0.11599534
37,5,0,220,0.31065521
37,5,1,150,0.2161914
37,5,2,179,0.15460476
37,5,3,151,0.14519209
37,5,4,11,0.088258654
37,5,5,28,0.085097924
38,5,0,181,0.32341179
38,5,1,141,0.18087283
38,5,2,226,0.14251727
38,5,3,199,0.12024521
38,5,4,182,0.11880858
38,5,5,151,0.11414429
39,5,0,107,0.33032238
39,5,1,167,0.16505662
39,5,2,203,0.1369767
39,5,3,86,0.13460058
39,5,4,13,0.13278508
39,5,5,232,0.10025863
40,5,0,107,0.48856902
40,5,1,155,0.14917284
40,5,2,179,0.11260031
40,5,3,207,0.085837603
40,5,4,110,0.084956229
40,5,5,209,0.078864031
41,5,0,179,0.380016
41,5,1,40,0.21745344
41,5,2,222,0.16395614
41,5,3,121,0.084946409
41,5,4,73,0.076983951
41,5,5,167,0.076644115
42,5,0,179,0.29788533
42,5,1,40,0.18264087
42,5,2,183,0.15373543
42,5,3,154,0.13502909
42,5,4,180,0.11868525
42,5,5,143,0.11202404
43,5,0,246,0.31919375
43,5,1,183,0.19868755
43,5,2,179,0.16334032
43,5,3,200,0.13010588
43,5,4,47,0.099297628
43,5,5,220,0.089374922
44,5,0,180,0.35178664
44,5,1,95,0.17672294
44,5,2,101,0.12658666
44,5,3,167,0.11911241
44,5,4,36,0.11234869
44,5,5,183,0.11344264
45,5,0,40,0.35713676
45,5,1,217,0.261314
45,5,2,180,0.18752024
45,5,3,11,0.062458258
45,5,4,19,0.068065852
45,5,5,48,0.063504942
46,5,0,217,0.3394078
46,5,1,94,0.20450418
46,5,2,40,0.12769243
46,5,3,95,0.11900175
46,5,4,76,0.1049163
46,5,5,159,0.10447752
47,5,0,163,0.25675631
47,5,1,19,0.19886114
47,5,2,40,0.19229259
47,5,3,94,0.1284845
47,5,4,49,0.11974205
47,5,5,180,0.10386344
48,5,0,163,0.34920982
48,5,1,40,0.15976799
48,5,2,235,0.12026889
48,5,3,111,0.13800289
48,5,4,167,0.11558563
48,5,5,61,0.11716483
49,5,0,160,0.26404124
49,5,1,181,0.23356667
49,5,2,141,0.18457271
49,5,3,19,0.11887673
49,5,4,95,0.1044552
49,5,5,49,0.094487458
50,5,0,181,0.3180716
50,5,1,95,0.15232341
50,5,2,49,0.14642808
50,5,3,94,0.14790879
50,5,4,19,0.13509314
50,5,5,11,0.10017496
51,5,0,29,0.32451341
51,5,1,94,0.200524
51,5,2,181,0.17747527
51,5,3,19,0.11344412
51,5,4,11,0.09254095
51,5,5,135,0.091502249
52,5,0,47,0.32521233
52,5,1,19,0.18402798
52,5,2,181,0.13549681
52,5,3,5,0.11723664
52,5,4,203,0.11259679
52,5,5,61,0.12542944
53,5,0,175,0.28358352
53,5,1,50,0.17472108
53,5,2,167,0.15432623
53,5,3,13,0.14496706
53,5,4,114,0.14257118
53,5,5,110,0.099830933
0,6,0,56,0.77288425
0,6,1,81,0.058770392
0,6,2,36,0.044321641
0,6,3,216,0.042006686
0,6,4,4,0.04155485
0,6,5,66,0.040462151
1,6,0,78,0.22060591
1,6,1,166,0.19702414
1,6,2,49,0.1850889
1,6,3,223,0.14311482
1,6,4,1,0.12993258
1,6,5,16,0.1242337
2,6,0,192,0.19892022
2,6,1,49,0.19021654
2,6,2,166,0.1754131
2,6,3,114,0.16477942
2,6,4,78,0.13674068
2,6,5,1,0.13393
3,6,0,195,0.28480327
3,6,1,31,0.28029829
3,6,2,73,0.15959521
3,6,3,120,0.097112283
3,6,4,114,0.091560483
3,6,5,50,0.086630411
4,6,0,31,0.3140617
4,6,1,179,0.24451861
4,6,2,61,0.13189371
4,6,3,137,0.11076425
4,6,4,255,0.10241673
4,6,5,39,0.096345045
5,6,0,254,0.38041669
5,6,1,103,0.16136177
5,6,2,53,0.12495524
5,6,3,111,0.12416489
5,6,4,1,0.11962172
5,6,5,58,0.089479618
6,6,0,1,0.29376608
6,6,1,16,0.19347848
6,6,2,111,0.16414109
6,6,3,254,0.14150688
6,6,4,88,0.10386033
6,6,5,138,0.10324719
7,6,0,3,0.45025533
7,6,1,95,0.14979149
7,6,2,254,0.14835729
7,6,3,58,0.085641049
7,6,4,213,0.082704231
7,6,5,69,0.083250634
8,6,0,3,0.43255743
8,6,1,69,0.16123165
8,6,2,163,0.10260809
8,6,3,254,0.10711843
8,6,4,27,0.099182799
8,6,5,93,0.09730161
9,6,0,1,0.33636606
9,6,1,16,0.17578265
9,6,2,88,0.14819679
9,6,3,214,0.1172566
9,6,4,189,0.11052051
9,6,5,3,0.11187744
10,6,0,3,0.31672844
10,6,1,1,0.16876298
10,6,2,69,0.15914644
10,6,3,197,0.12133685
10,6,4,8,0.12154776
10,6,5,16,0.11247753
11,6,0,73,0.39473042
11,6,1,31,0.21919131
11,6,2,179,0.10021546
11,6,3,125,0.095342398
11,6,4,134,0.1024124
11,6,5,155,0.088108011
12,6,0,31,0.36240795
12,6,1,195,0.15202968
12,6,2,179,0.14195544
12,6,3,50,0.12950711
12,6,4,205,0.11306584
12,6,5,212,0.10103402
13,6,0,17,0.40641242
13,6,1,254,0.25075132
13,6,2,8,0.090216994
13,6,3,164,0.089937508
13,6,4,155,0.086697705
13,6,5,1,0.075984024
14,6,0,254,0.28578663
14,6,1,103,0.21268651
14,6,2,112,0.20461723
14,6,3,242,0.10634242
14,6,4,255,0.10212625
14,6,5,168,0.088440962
15,6,0,112,0.22492033
15,6,1,103,0.22128473
15,6,2,254,0.16886492
15,6,3,111,0.16237175
15,6,4,91,0.12932667
15,6,5,54,0.093231618
16,6,0,73,0.31649292
16,6,1,31,0.30021465
16,6,2,179,0.1574253
16,6,3,195,0.092133798
16,6,4,38,0.068467103
16,6,5,105,0.065266192
17,6,0,205,0.25249466
17,6,1,179,0.24706745
17,6,2,31,0.24923821
17,6,3,50,0.09609361
17,6,4,220,0.084503785
17,6,5,110,0.07060232
18,6,0,103,0.42813426
18,6,1,17,0.17343181
18,6,2,111,0.1267195
18,6,3,179,0.094611719
18,6,4,105,0.087922744
18,6,5,164,0.08917997
19,6,0,103,0.43527195
19,6,1,91,0.16983525
19,6,2,105,0.10404091
19,6,3,255,0.10005682
19,6,4,179,0.096177503
19,6,5,111,0.094617568
20,6,0,77,0.23096053
20,6,1,31,0.23260251
20,6,2,105,0.15888175
20,6,3,212,0.13963975
20,6,4,134,0.13633689
20,6,5,161,0.10157855
21,6,0,77,0.29035154
21,6,1,31,0.30809399
21,6,2,179,0.10395257
21,6,3,161,0.10282433
21,6,4,212,0.10076109
21,6,5,105,0.094016448
22,6,0,1,0.27128252
22,6,1,138,0.20689783
22,6,2,111,0.17039336
22,6,3,16,0.13736677
22,6,4,88,0.12463106
22,6,5,165,0.08942844
23,6,0,144,0.31745604
23,6,1,196,0.26999053
23,6,2,239,0.13192928
23,6,3,165,0.11256724
23,6,4,111,0.10181311
23,6,5,105,0.066243798
24,6,0,31,0.39715159
24,6,1,134,0.1869567
24,6,2,77,0.16726704
24,6,3,38,0.089711778
24,6,4,161,0.081624642
24,6,5,112,0.07728821
25,6,0,165,0.22425096
25,6,1,73,0.20227413
25,6,2,62,0.17310518
25,6,3,111,0.14166608
25,6,4,1,0.13485262
25,6,5,179,0.12385101
26,6,0,144,0.2982623
26,6,1,196,0.26088747
26,6,2,20,0.14291008
26,6,3,239,0.10331767
26,6,4,1,0.099560939
26,6,5,112,0.095061526
27,6,0,195,0.28550324
27,6,1,134,0.19006594
27,6,2,200,0.15742315
27,6,3,179,0.14644282
27,6,4,38,0.11166093
27,6,5,161,0.10890393
28,6,0,31,0.27759579
28,6,1,179,0.24196133
28,6,2,253,0.15514098
28,6,3,38,0.13507217
28,6,4,134,0.10371771
28,6,5,53,0.086512007
29,6,0,1,0.27241185
29,6,1,138,0.21249454
29,6,2,16,0.15072741
29,6,3,241,0.12588668
29,6,4,88,0.11982299
29,6,5,81,0.1186566
30,6,0,129,0.34174359
30,6,1,246,0.27613077
30,6,2,138,0.102307
30,6,3,58,0.10341981
30,6,4,145,0.085933253
30,6,5,111,0.09046562
31,6,0,134,0.37630162
31,6,1,109,0.15661339
31,6,2,58,0.14640617
31,6,3,163,0.12018296
31,6,4,248,0.10955732
31,6,5,50,0.090938509
32,6,0,254,0.36031783
32,6,1,178,0.14224151
32,6,2,134,0.14669389
32,6,3,195,0.1350695
32,6,4,103,0.11997163
32,6,5,95,0.095705643
33,6,0,209,0.50152391
33,6,1,134,0.19436483
33,6,2,3,0.084357776
33,6,3,117,0.078992046
33,6,4,195,0.073673956
33,6,5,120,0.067087486
34,6,0,20,0.24465862
34,6,1,90,0.24138193
34,6,2,209,0.17304268
34,6,3,138,0.13498747
34,6,4,144,0.12134987
34,6,5,16,0.084579475
35,6,0,3,0.32530066
35,6,1,134,0.29249403
35,6,2,209,0.14701557
35,6,3,104,0.08894971
35,6,4,14,0.074405678
35,6,5,228,0.071834378
36,6,0,144,0.38112342
36,6,1,111,0.15874214
36,6,2,138,0.14948785
36,6,3,170,0.12213625
36,6,4,20,0.10137272
36,6,5,8,0.087137647
37,6,0,254,0.26240507
37,6,1,178,0.24630007
37,6,2,3,0.13469686
37,6,3,103,0.12180772
37,6,4,95,0.11320344
37,6,5,134,0.12158684
38,6,0,134,0.37573221
38,6,1,3,0.27427137
38,6,2,242,0.097709678
38,6,3,38,0.085065924
38,6,4,195,0.087464273
38,6,5,139,0.079756588
39,6,0,138,0.26251772
39,6,1,1,0.23986354
39,6,2,16,0.179047
39,6,3,189,0.10625238
39,6,4,165,0.11225627
39,6,5,214,0.10006311
40,6,0,144,0.36613312
40,6,1,165,0.20587422
40,6,2,20,0.19863534
40,6,3,90,0.083626136
40,6,4,201,0.072287939
40,6,5,249,0.073443241
41,6,0,129,0.26971579
41,6,1,246,0.26242751
41,6,2,144,0.24499442
41,6,3,58,0.085662536
41,6,4,138,0.072149724
41,6,5,217,0.065050006
42,6,0,29,0.33732769
42,6,1,144,0.14998528
42,6,2,58,0.13947494
42,6,3,120,0.13251758
42,6,4,14,0.11803281
42,6,5,254,0.12266166
43,6,0,17,0.33579576
43,6,1,254,0.29987141
43,6,2,164,0.14398985
43,6,3,103,0.092737131
43,6,4,178,0.066390477
43,6,5,249,0.061215419
44,6,0,179,0.2167846
44,6,1,73,0.18873192
44,6,2,31,0.19499812
44,6,3,195,0.14594905
44,6,4,50,0.12759662
44,6,5,254,0.12593967
45,6,0,239,0.4835757
45,6,1,95,0.10726386
45,6,2,17,0.10145283
45,6,3,168,0.10443603
45,6,4,195,0.10063996
45,6,5,254,0.10263163
46,6,0,73,0.22565958
46,6,1,147,0.22471842
46,6,2,134,0.18106826
46,6,3,168,0.13710582
46,6,4,242,0.11971434
46,6,5,195,0.11173359
47,6,0,49,0.20455316
47,6,1,124,0.17758588
47,6,2,58,0.17597093
47,6,3,92,0.16748643
47,6,4,179,0.14076
47,6,5,29,0.13364363
48,6,0,138,0.30270711
48,6,1,1,0.21093453
48,6,2,16,0.17128421
48,6,3,214,0.11601321
48,6,4,189,0.099812649
48,6,5,192,0.09924826
49,6,0,49,0.25023124
49,6,1,214,0.18710011
49,6,2,139,0.15994455
49,6,3,3,0.14354189
49,6,4,134,0.1398553
49,6,5,205,0.11932696
50,6,0,134,0.26112661
50,6,1,195,0.17833285
50,6,2,38,0.15287748
50,6,3,179,0.14817342
50,6,4,95,0.13661812
50,6,5,214,0.12287156
51,6,0,91,0.38339254
51,6,1,115,0.1388589
51,6,2,3,0.13080558
51,6,3,254,0.12897018
51,6,4,242,0.12007981
51,6,5,220,0.097893022
52,6,0,195,0.20010543
52,6,1,218,0.16833533
52,6,2,103,0.16391678
52,6,3,64,0.15707509
52,6,4,164,0.1656169
52,6,5,214,0.14495043
53,6,0,1,0.26044655
53,6,1,138,0.20219447
53,6,2,241,0.15187453
53,6,3,16,0.14469337
53,6,4,68,0.1206674
53,6,5,81,0.12012368
0,7,0,56,0.18553554
0,7,1,169,0.18649368
0,7,2,8,0.17174485
0,7,3,0,0.15413991
0,7,4,15,0.15581061
0,7,5,192,0.14627537
1,7,0,159,0.19982265
1,7,1,112,0.20002607
1,7,2,241,0.17082033
1,7,3,213,0.1551608
1,7,4,191,0.14666477
1,7,5,214,0.12750538
2,7,0,159,0.24739213
2,7,1,112,0.22050208
2,7,2,39,0.15144755
2,7,3,20,0.13183995
2,7,4,199,0.12806447
2,7,5,191,0.12075388
3,7,0,68,0.29260647
3,7,1,200,0.15994164
3,7,2,24,0.15155725
3,7,3,191,0.14083368
3,7,4,112,0.1370087
3,7,5,180,0.11805229
4,7,0,200,0.25208685
4,7,1,68,0.22552079
4,7,2,160,0.14442436
4,7,3,112,0.14181468
4,7,4,241,0.12084766
4,7,5,154,0.11530565
5,7,0,185,0.31587985
5,7,1,191,0.30368865
5,7,2,140,0.11123661
5,7,3,24,0.10610338
5,7,4,112,0.083224997
5,7,5,124,0.079866566
6,7,0,191,0.26751134
6,7,1,140,0.20268142
6,7,2,205,0.18973497
6,7,3,122,0.1524182
6,7,4,15,0.10045876
6,7,5,53,0.087195307
7,7,0,245,0.27607176
7,7,1,185,0.17063214
7,7,2,159,0.157884
7,7,3,112,0.14260739
7,7,4,191,0.12906918
7,7,5,65,0.12373549
8,7,0,245,0.36721051
8,7,1,191,0.17282572
8,7,2,185,0.16730195
8,7,3,112,0.12771825
8,7,4,159,0.086811021
8,7,5,26,0.078132592
9,7,0,191,0.32652301
9,7,1,205,0.16089942
9,7,2,140,0.14641353
9,7,3,15,0.13025409
9,7,4,124,0.12156293
9,7,5,122,0.11434703
10,7,0,139,0.27478889
10,7,1,191,0.18847218
10,7,2,200,0.16848969
10,7,3,245,0.13661778
10,7,4,160,0.12402704
10,7,5,24,0.10760444
11,7,0,200,0.31206888
11,7,1,68,0.20216013
11,7,2,160,0.15298386
11,7,3,154,0.13650669
11,7,4,214,0.10935423
11,7,5,148,0.086926192
12,7,0,68,0.58389032
12,7,1,200,0.089093849
12,7,2,95,0.088219307
12,7,3,183,0.084208228
12,7,4,204,0.082399227
12,7,5,3,0.072189122
13,7,0,68,0.31357008
13,7,1,226,0.20771112
13,7,2,200,0.1298576
13,7,3,66,0.1284692
13,7,4,83,0.11328168
13,7,5,204,0.10711031
14,7,0,61,0.34732455
14,7,1,151,0.20989564
14,7,2,54,0.12836669
14,7,3,201,0.10977015
14,7,4,96,0.10532332
14,7,5,24,0.099319622
15,7,0,61,0.31355929
15,7,1,68,0.17930309
15,7,2,200,0.17237768
15,7,3,54,0.13203222
15,7,4,140,0.10821429
15,7,5,66,0.094513386
16,7,0,68,0.39614156
16,7,1,200,0.22676478
16,7,2,204,0.13364027
16,7,3,101,0.089145549
16,7,4,154,0.083159484
16,7,5,167,0.071148284
17,7,0,68,0.37133619
17,7,1,200,0.17636783
17,7,2,55,0.1298541
17,7,3,154,0.11346816
17,7,4,69,0.11217047
17,7,5,95,0.096803278
18,7,0,76,0.35391906
18,7,1,200,0.17311566
18,7,2,40,0.16025595
18,7,3,204,0.11089543
18,7,4,154,0.10378944
18,7,5,124,0.09802442
19,7,0,216,0.38393503
19,7,1,154,0.15301846
19,7,2,76,0.12748219
19,7,3,200,0.12597218
19,7,4,185,0.1311156
19,7,5,57,0.078476503
20,7,0,200,0.26878586
20,7,1,154,0.18643415
20,7,2,216,0.17273709
20,7,3,204,0.1305909
20,7,4,68,0.12255223
20,7,5,138,0.11889978
21,7,0,200,0.3472158
21,7,1,55,0.15629165
21,7,2,68,0.14247069
21,7,3,204,0.12286962
21,7,4,154,0.12181237
21,7,5,216,0.1093399
22,7,0,140,0.21310765
22,7,1,141,0.18223366
22,7,2,191,0.18012361
22,7,3,180,0.15741663
22,7,4,53,0.13517706
22,7,5,205,0.13194141
23,7,0,61,0.38788971
23,7,1,59,0.28345665
23,7,2,248,0.098866023
23,7,3,139,0.092725135
23,7,4,64,0.071684226
23,7,5,216,0.065378211
24,7,0,200,0.37605017
24,7,1,154,0.17068072
24,7,2,68,0.13821453
24,7,3,180,0.10924813
24,7,4,183,0.10254014
24,7,5,55,0.10326631
25,7,0,43,0.21418113
25,7,1,47,0.18931721
25,7,2,191,0.17401329
25,7,3,200,0.14550705
25,7,4,160,0.13986711
25,7,5,141,0.13711426
26,7,0,47,0.26540482
26,7,1,61,0.25272167
26,7,2,59,0.21865538
26,7,3,216,0.09967792
26,7,4,160,0.083549306
26,7,5,139,0.079990871
27,7,0,154,0.34046713
27,7,1,200,0.31568414
27,7,2,249,0.10161566
27,7,3,76,0.089710079
27,7,4,68,0.078273125
27,7,5,214,0.074249819
28,7,0,200,0.39855224
28,7,1,154,0.20306608
28,7,2,249,0.11546215
28,7,3,172,0.1011688
28,7,4,254,0.09423437
28,7,5,216,0.087516397
29,7,0,191,0.2410378
29,7,1,140,0.20820236
29,7,2,233,0.15275037
29,7,3,53,0.1363879
29,7,4,9,0.13882174
29,7,5,180,0.12279979
30,7,0,139,0.40007791
30,7,1,182,0.21675234
30,7,2,103,0.11101733
30,7,3,200,0.094618864
30,7,4,99,0.094249859
30,7,5,221,0.083283663
31,7,0,24,0.31864199
31,7,1,151,0.22866049
31,7,2,200,0.1456456
31,7,3,63,0.11490712
31,7,4,154,0.10117128
31,7,5,139,0.090973534
32,7,0,23,0.3469775
32,7,1,24,0.21662366
32,7,2,226,0.1715412
32,7,3,200,0.10449436
32,7,4,180,0.081017725
32,7,5,160,0.079345524
33,7,0,24,0.27447823
33,7,1,200,0.23363951
33,7,2,154,0.14584962
33,7,3,23,0.12819979
33,7,4,151,0.13372283
33,7,5,249,0.084110044
34,7,0,248,0.2639429
34,7,1,23,0.22455764
34,7,2,24,0.17225535
34,7,3,61,0.12981462
34,7,4,221,0.11928646
34,7,5,213,0.090142988
35,7,0,200,0.28243545
35,7,1,157,0.20616806
35,7,2,154,0.1686464
35,7,3,23,0.1450704
35,7,4,24,0.10654123
35,7,5,68,0.091138475
36,7,0,61,0.41780129
36,7,1,23,0.13832629
36,7,2,32,0.13730042
36,7,3,24,0.10782066
36,7,4,156,0.10226962
36,7,5,221,0.096481726
37,7,0,23,0.39588159
37,7,1,24,0.19060859
37,7,2,61,0.17918631
37,7,3,200,0.082067631
37,7,4,160,0.07891345
37,7,5,121,0.073342413
38,7,0,200,0.31464267
38,7,1,154,0.20443285
38,7,2,24,0.13940492
38,7,3,68,0.12966569
38,7,4,160,0.10824421
38,7,5,157,0.10360969
39,7,0,141,0.20078892
39,7,1,180,0.18271244
39,7,2,160,0.16881582
39,7,3,122,0.1595283
39,7,4,84,0.14017953
39,7,5,9,0.14797501
40,7,0,248,0.29656422
40,7,1,61,0.25380588
40,7,2,221,0.19321589
40,7,3,140,0.087415069
40,7,4,242,0.083630659
40,7,5,191,0.085368328
41,7,0,139,0.3167153
41,7,1,248,0.21350317
41,7,2,103,0.12897754
41,7,3,221,0.11662768
41,7,4,61,0.1165799
41,7,5,182,0.10759637
42,7,0,139,0.26381874
42,7,1,61,0.18259898
42,7,2,6,0.17477266
42,7,3,182,0.16153346
42,7,4,24,0.1132924
42,7,5,103,0.10398375
43,7,0,226,0.25323114
43,7,1,24,0.22876453
43,7,2,200,0.17624994
43,7,3,221,0.15602106
43,7,4,154,0.09449245
43,7,5,103,0.091240846
44,7,0,141,0.22227673
44,7,1,160,0.21423587
44,7,2,68,0.15604722
44,7,3,24,0.14412004
44,7,4,154,0.13546082
44,7,5,200,0.12785932
45,7,0,139,0.33355621
45,7,1,194,0.18772303
45,7,2,24,0.14607954
45,7,3,23,0.12078706
45,7,4,73,0.11850161
45,7,5,216,0.093352608
46,7,0,151,0.45682201
46,7,1,24,0.12190747
46,7,2,82,0.11113039
46,7,3,200,0.10292374
46,7,4,160,0.099421717
46,7,5,189,0.10779466
47,7,0,80,0.41342521
47,7,1,151,0.16570516
47,7,2,200,0.12512605
47,7,3,189,0.10570223
47,7,4,99,0.097258069
47,7,5,154,0.092783302
48,7,0,191,0.21113159
48,7,1,160,0.18443736
48,7,2,180,0.15495536
48,7,3,212,0.16643195
48,7,4,53,0.14157091
48,7,5,122,0.14147288
49,7,0,189,0.45862201
49,7,1,151,0.1503664
49,7,2,68,0.11253524
49,7,3,99,0.096091941
49,7,4,24,0.09169136
49,7,5,232,0.090693086
50,7,0,148,0.19702382
50,7,1,189,0.19631739
50,7,2,151,0.19537987
50,7,3,226,0.15172136
50,7,4,95,0.1315922
50,7,5,24,0.12796539
51,7,0,54,0.25248787
51,7,1,28,0.21559381
51,7,2,96,0.18121149
51,7,3,40,0.1210155
51,7,4,32,0.11764633
51,7,5,61,0.11204501
52,7,0,189,0.36812654
52,7,1,24,0.1554651
52,7,2,151,0.15011333
52,7,3,154,0.11125676
52,7,4,211,0.10334994
52,7,5,238,0.11168836
53,7,0,191,0.20850199
53,7,1,140,0.18061315
53,7,2,122,0.1673957
53,7,3,160,0.14751163
53,7,4,53,0.14555755
53,7,5,212,0.15041997
0,8,0,20,0.53095257
0,8,1,157,0.13523003
0,8,2,49,0.10461755
0,8,3,238,0.080159247
0,8,4,71,0.072060615
0,8,5,192,0.076979958
1,8,0,20,0.35887748
1,8,1,159,0.14172195
1,8,2,157,0.13975684
1,8,3,110,0.13389924
1,8,4,53,0.12105285
1,8,5,148,0.10469158
2,8,0,110,0.4167476
2,8,1,20,0.20602304
2,8,2,159,0.10521334
2,8,3,53,0.098130435
2,8,4,134,0.09143801
2,8,5,187,0.082447641
3,8,0,189,0.25488758
3,8,1,242,0.16912672
3,8,2,20,0.17162763
3,8,3,104,0.14980488
3,8,4,59,0.12672906
3,8,5,146,0.12782419
4,8,0,242,0.25515786
4,8,1,189,0.24091619
4,8,2,199,0.17151883
4,8,3,194,0.11020989
4,8,4,57,0.11203241
4,8,5,104,0.11016481
5,8,0,146,0.2723214
5,8,1,13,0.20786983
5,8,2,148,0.13877414
5,8,3,85,0.14167222
5,8,4,73,0.12278835
5,8,5,174,0.11657403
6,8,0,146,0.17928539
6,8,1,174,0.17394648
6,8,2,53,0.17000808
6,8,3,172,0.16521807
6,8,4,148,0.16333063
6,8,5,234,0.14821135
7,8,0,146,0.2751846
7,8,1,172,0.18168278
7,8,2,73,0.16617069
7,8,3,247,0.14552864
7,8,4,8,0.12517592
7,8,5,28,0.10625738
8,8,0,73,0.34566376
8,8,1,146,0.18683621
8,8,2,57,0.12841968
8,8,3,8,0.11683626
8,8,4,189,0.11360616
8,8,5,53,0.10863793
9,8,0,53,0.24583629
9,8,1,142,0.17075133
9,8,2,174,0.16858494
9,8,3,148,0.15960674
9,8,4,115,0.1245153
9,8,5,141,0.13070545
10,8,0,242,0.19709149
10,8,1,146,0.18335909
10,8,2,174,0.16855973
10,8,3,8,0.16200677
10,8,4,189,0.14826593
10,8,5,199,0.14071701
11,8,0,242,0.35580489
11,8,1,189,0.22583281
11,8,2,104,0.15187255
11,8,3,199,0.1014988
11,8,4,9,0.083081968
11,8,5,60,0.081909016
12,8,0,104,0.38512966
12,8,1,242,0.24280719
12,8,2,189,0.10548223
12,8,3,5,0.10054337
12,8,4,33,0.092478253
12,8,5,174,0.073559292
13,8,0,85,0.41075224
13,8,1,189,0.1486508
13,8,2,104,0.14105664
13,8,3,164,0.10754189
13,8,4,146,0.097139932
13,8,5,174,0.094858475
14,8,0,13,0.32173508
14,8,1,146,0.17280063
14,8,2,85,0.15380971
14,8,3,95,0.14012672
14,8,4,174,0.11316835
14,8,5,53,0.098359488
15,8,0,174,0.21328913
15,8,1,189,0.16519535
15,8,2,146,0.16099635
15,8,3,53,0.16080898
15,8,4,13,0.16114233
15,8,5,199,0.13856786
16,8,0,60,0.23429962
16,8,1,242,0.19570765
16,8,2,104,0.15972604
16,8,3,58,0.14769849
16,8,4,199,0.1333247
16,8,5,189,0.12924349
17,8,0,104,0.24740727
17,8,1,242,0.2253522
17,8,2,189,0.17947973
17,8,3,199,0.15873766
17,8,4,60,0.095537558
17,8,5,30,0.093485564
18,8,0,126,0.29373154
18,8,1,74,0.20770748
18,8,2,189,0.13435978
18,8,3,199,0.12764026
18,8,4,242,0.12091123
18,8,5,58,0.1156497
19,8,0,134,0.25037098
19,8,1,58,0.21784575
19,8,2,189,0.18579775
19,8,3,242,0.16612953
19,8,4,199,0.09235362
19,8,5,22,0.087502338
20,8,0,58,0.33343482
20,8,1,242,0.20476039
20,8,2,158,0.12356348
20,8,3,189,0.12196136
20,8,4,86,0.11853951
20,8,5,60,0.097740389
21,8,0,58,0.3073335
21,8,1,242,0.23176612
21,8,2,189,0.1604853
21,8,3,199,0.12053713
21,8,4,31,0.093582004
21,8,5,86,0.086295985
22,8,0,53,0.2256726
22,8,1,16,0.20914036
22,8,2,146,0.15321538
22,8,3,25,0.14817551
22,8,4,174,0.13428369
22,8,5,142,0.12951244
23,8,0,2,0.30278173
23,8,1,202,0.29822674
23,8,2,146,0.13041468
23,8,3,35,0.09392707
23,8,4,53,0.091387153
23,8,5,174,0.083262607
24,8,0,58,0.29472089
24,8,1,242,0.22358519
24,8,2,189,0.16473983
24,8,3,199,0.13765119
24,8,4,104,0.09834373
24,8,5,194,0.080959149
25,8,0,248,0.27623776
25,8,1,12,0.23644304
25,8,2,146,0.15885426
25,8,3,174,0.1311015
25,8,4,53,0.10513227
25,8,5,255,0.092231214
26,8,0,2,0.28429359
26,8,1,202,0.24941419
26,8,2,80,0.21856155
26,8,3,146,0.086833663
26,8,4,133,0.083796263
26,8,5,210,0.077100754
27,8,0,58,0.26517075
27,8,1,242,0.18383211
27,8,2,74,0.17765518
27,8,3,91,0.14157222
27,8,4,189,0.12393474
27,8,5,104,0.10783498
28,8,0,242,0.2390478
28,8,1,58,0.2055764
28,8,2,189,0.17664365
28,8,3,91,0.1685527
28,8,4,104,0.11043677
28,8,5,194,0.099742614
29,8,0,53,0.3093051
29,8,1,146,0.19625784
29,8,2,142,0.13674188
29,8,3,141,0.13031091
29,8,4,208,0.11704366
29,8,5,174,0.11034065
30,8,0,195,0.25592607
30,8,1,196,0.19667028
30,8,2,146,0.1881655
30,8,3,53,0.11754301
30,8,4,24,0.12071756
30,8,5,200,0.12097759
31,8,0,73,0.3278304
31,8,1,146,0.15381257
31,8,2,199,0.1399166
31,8,3,196,0.13252786
31,8,4,189,0.1253413
31,8,5,194,0.12057127
32,8,0,85,0.33523816
32,8,1,170,0.21147232
32,8,2,146,0.12873784
32,8,3,57,0.11215407
32,8,4,211,0.10853337
32,8,5,189,0.10386424
33,8,0,58,0.24974909
33,8,1,207,0.20478348
33,8,2,189,0.1762639
33,8,3,170,0.13191476
33,8,4,199,0.12996629
33,8,5,179,0.10732245
34,8,0,202,0.34559321
34,8,1,146,0.16430046
34,8,2,170,0.12881337
34,8,3,248,0.14763255
34,8,4,161,0.11270799
34,8,5,53,0.10095235
35,8,0,58,0.28169599
35,8,1,247,0.18374376
35,8,2,189,0.17965071
35,8,3,242,0.1371998
35,8,4,199,0.10896733
35,8,5,194,0.1087424
36,8,0,196,0.22327469
36,8,1,42,0.19368032
36,8,2,200,0.18466872
36,8,3,146,0.14268424
36,8,4,202,0.12762105
36,8,5,155,0.12807101
37,8,0,170,0.33848834
37,8,1,85,0.26424837
37,8,2,133,0.10911276
37,8,3,146,0.10844128
37,8,4,199,0.092205055
37,8,5,247,0.087504238
38,8,0,189,0.26277786
38,8,1,242,0.18153039
38,8,2,199,0.17588954
38,8,3,58,0.16297001
38,8,4,170,0.11845947
38,8,5,104,0.09837275
39,8,0,16,0.23251963
39,8,1,25,0.21568243
39,8,2,189,0.1565764
39,8,3,98,0.16020893
39,8,4,28,0.113308
39,8,5,128,0.12170462
40,8,0,248,0.31033134
40,8,1,202,0.2760379
40,8,2,146,0.16044715
40,8,3,53,0.076940261
40,8,4,200,0.098158397
40,8,5,24,0.078084968
41,8,0,80,0.27874246
41,8,1,195,0.23390529
41,8,2,196,0.19486633
41,8,3,24,0.10337197
41,8,4,202,0.097148679
41,8,5,146,0.091965288
42,8,0,195,0.23046546
42,8,1,80,0.2026473
42,8,2,196,0.16382863
42,8,3,199,0.14440948
42,8,4,24,0.14170711
42,8,5,194,0.116942
43,8,0,85,0.37772864
43,8,1,126,0.22617166
43,8,2,146,0.16684555
43,8,3,133,0.077886932
43,8,4,189,0.077847824
43,8,5,199,0.073519453
44,8,0,189,0.24196005
44,8,1,30,0.21169929
44,8,2,104,0.18002178
44,8,3,25,0.14564139
44,8,4,128,0.11546044
44,8,5,194,0.10521709
45,8,0,35,0.37937281
45,8,1,2,0.1967652
45,8,2,172,0.13346435
45,8,3,74,0.10807969
45,8,4,170,0.093977474
45,8,5,10,0.088340461
46,8,0,179,0.34537297
46,8,1,229,0.29364195
46,8,2,189,0.11655672
46,8,3,126,0.089623377
46,8,4,230,0.080035076
46,8,5,146,0.074769884
47,8,0,73,0.34399366
47,8,1,189,0.22895545
47,8,2,195,0.12917405
47,8,3,16,0.095028259
47,8,4,242,0.095765039
47,8,5,30,0.10708355
48,8,0,30,0.27941716
48,8,1,242,0.18279058
48,8,2,189,0.17346379
48,8,3,16,0.12919866
48,8,4,53,0.11979479
48,8,5,142,0.115335
49,8,0,30,0.27143791
49,8,1,189,0.23906091
49,8,2,104,0.1650244
49,8,3,230,0.13858099
49,8,4,242,0.1066607
49,8,5,82,0.079235077
50,8,0,179,0.25527307
50,8,1,242,0.19536303
50,8,2,189,0.17217515
50,8,3,104,0.1403836
50,8,4,30,0.14688788
50,8,5,82,0.089917302
51,8,0,179,0.37322697
51,8,1,56,0.25568897
51,8,2,235,0.099691845
51,8,3,189,0.095223881
51,8,4,230,0.095156208
51,8,5,126,0.081012085
52,8,0,189,0.27096727
52,8,1,126,0.19186485
52,8,2,85,0.16455549
52,8,3,104,0.13763846
52,8,4,30,0.13095608
52,8,5,95,0.10401782
53,8,0,67,0.25088689
53,8,1,53,0.17898482
53,8,2,148,0.14675692
53,8,3,30,0.15946624
53,8,4,137,0.12870596
53,8,5,248,0.13519916
0,9,0,72,0.75886339
0,9,1,93,0.050207771
0,9,2,103,0.047163352
0,9,3,119,0.0492015
0,9,4,138,0.048014775
0,9,5,207,0.046549197
1,9,0,52,0.23320866
1,9,1,15,0.22511758
1,9,2,133,0.15457717
1,9,3,5,0.13165122
1,9,4,201,0.12783122
1,9,5,171,0.12761414
2,9,0,52,0.22846296
2,9,1,58,0.210839
2,9,2,155,0.15604647
2,9,3,245,0.13950299
2,9,4,223,0.1369077
2,9,5,250,0.12824091
3,9,0,102,0.32077619
3,9,1,243,0.23036996
3,9,2,89,0.12388863
3,9,3,250,0.11555475
3,9,4,219,0.10694734
3,9,5,245,0.10246316
4,9,0,102,0.32292461
4,9,1,219,0.27303103
4,9,2,223,0.12251807
4,9,3,32,0.10489018
4,9,4,151,0.090512156
4,9,5,34,0.086123928
5,9,0,184,0.30412248
5,9,1,161,0.19161452
5,9,2,251,0.19708386
5,9,3,176,0.13481252
5,9,4,220,0.088717856
5,9,5,217,0.083648778
6,9,0,15,0.22304034
6,9,1,34,0.17543736
6,9,2,242,0.16852498
6,9,3,184,0.16208151
6,9,4,236,0.13377589
6,9,5,167,0.13713987
7,9,0,167,0.35092378
7,9,1,72,0.21085851
7,9,2,150,0.12312168
7,9,3,176,0.10786678
7,9,4,161,0.10601267
7,9,5,112,0.10121657
8,9,0,167,0.31721267
8,9,1,78,0.16218063
8,9,2,161,0.15481986
8,9,3,72,0.16164231
8,9,4,179,0.11264599
8,9,5,176,0.091498576
9,9,0,34,0.19739135
9,9,1,220,0.1883097
9,9,2,236,0.16439855
9,9,3,15,0.1759012
9,9,4,167,0.137474
9,9,5,242,0.13652521
10,9,0,48,0.31615564
10,9,1,243,0.29775849
10,9,2,155,0.12442846
10,9,3,219,0.10385767
10,9,4,220,0.081084639
10,9,5,139,0.076715052
11,9,0,219,0.35496923
11,9,1,221,0.15073867
11,9,2,5,0.15180932
11,9,3,64,0.14586365
11,9,4,206,0.10081269
11,9,5,32,0.095806435
12,9,0,64,0.37620404
12,9,1,219,0.21225622
12,9,2,120,0.18147011
12,9,3,24,0.086797148
12,9,4,71,0.081946805
12,9,5,206,0.061325662
13,9,0,90,0.28526521
13,9,1,251,0.26190612
13,9,2,48,0.13938814
13,9,3,136,0.11617985
13,9,4,53,0.10431749
13,9,5,213,0.092943229
14,9,0,240,0.31598911
14,9,1,136,0.18348591
14,9,2,90,0.1544826
14,9,3,83,0.14207937
14,9,4,53,0.12419003
14,9,5,37,0.079773009
15,9,0,83,0.25820431
15,9,1,102,0.22544985
15,9,2,213,0.13842492
15,9,3,136,0.13447067
15,9,4,220,0.12123826
15,9,5,219,0.12221198
16,9,0,64,0.32094997
16,9,1,219,0.20378213
16,9,2,32,0.16834129
16,9,3,213,0.14285193
16,9,4,221,0.10112815
16,9,5,102,0.062946498
17,9,0,219,0.27043709
17,9,1,213,0.24204038
17,9,2,24,0.13823271
17,9,3,102,0.1271323
17,9,4,64,0.11537842
17,9,5,32,0.1067791
18,9,0,213,0.24277471
18,9,1,53,0.2118122
18,9,2,14,0.16963013
18,9,3,219,0.1562517
18,9,4,221,0.11756083
18,9,5,32,0.1019704
19,9,0,2,0.29646641
19,9,1,219,0.2526888
19,9,2,213,0.12450392
19,9,3,176,0.12246481
19,9,4,221,0.11063211
19,9,5,32,0.093243957
20,9,0,219,0.33731219
20,9,1,32,0.18694036
20,9,2,88,0.15001617
20,9,3,71,0.14490749
20,9,4,76,0.093937188
20,9,5,233,0.086886637
21,9,0,219,0.32561412
21,9,1,32,0.19992906
21,9,2,71,0.18650953
21,9,3,24,0.13229294
21,9,4,88,0.078492656
21,9,5,23,0.077161714
22,9,0,236,0.31250414
22,9,1,242,0.17402633
22,9,2,181,0.1380448
22,9,3,30,0.12690923
22,9,4,232,0.12693481
22,9,5,84,0.12158071
23,9,0,96,0.33654505
23,9,1,99,0.30280221
23,9,2,162,0.10359944
23,9,3,157,0.089537904
23,9,4,166,0.084259324
23,9,5,136,0.083256111
24,9,0,219,0.3537297
24,9,1,32,0.25214866
24,9,2,71,0.14516015
24,9,3,221,0.086646006
24,9,4,24,0.092127897
24,9,5,51,0.070187598
25,9,0,128,0.29474455
25,9,1,99,0.20385711
25,9,2,180,0.15126663
25,9,3,140,0.125338
25,9,4,25,0.11330478
25,9,5,220,0.11148892
26,9,0,128,0.3757492
26,9,1,99,0.20973869
26,9,2,96,0.17041236
26,9,3,147,0.085709728
26,9,4,225,0.082537636
26,9,5,220,0.075852394
27,9,0,221,0.24993852
27,9,1,219,0.22828658
27,9,2,32,0.19265561
27,9,3,71,0.12301315
27,9,4,60,0.11660033
27,9,5,236,0.089505829
28,9,0,219,0.28980199
28,9,1,32,0.26108092
28,9,2,60,0.13038394
28,9,3,71,0.10966617
28,9,4,24,0.11400696
28,9,5,220,0.095060028
29,9,0,131,0.24878296
29,9,1,128,0.19564378
29,9,2,30,0.17666288
29,9,3,15,0.15308246
29,9,4,236,0.10729229
29,9,5,198,0.11853566
30,9,0,161,0.29862434
30,9,1,12,0.24247411
30,9,2,175,0.16967855
30,9,3,136,0.098188743
30,9,4,96,0.10392095
30,9,5,236,0.087113336
31,9,0,42,0.26038286
31,9,1,176,0.1751781
31,9,2,161,0.1563759
31,9,3,193,0.15851016
31,9,4,55,0.139789
31,9,5,122,0.10976397
32,9,0,251,0.23842198
32,9,1,90,0.20199345
32,9,2,136,0.17205442
32,9,3,42,0.16937184
32,9,4,53,0.12469901
32,9,5,102,0.093459338
33,9,0,193,0.2880027
33,9,1,209,0.20991917
33,9,2,102,0.20602943
33,9,3,32,0.10412581
33,9,4,219,0.1045119
33,9,5,33,0.087410964
34,9,0,99,0.31193069
34,9,1,193,0.21423374
34,9,2,209,0.1314304
34,9,3,33,0.11697058
34,9,4,90,0.11518955
34,9,5,136,0.11024505
35,9,0,209,0.25581786
35,9,1,193,0.19111286
35,9,2,219,0.15871815
35,9,3,49,0.15244004
35,9,4,32,0.13283136
35,9,5,102,0.10907973
36,9,0,44,0.28152555
36,9,1,99,0.20510414
36,9,2,96,0.16686873
36,9,3,136,0.11572054
36,9,4,14,0.11512171
36,9,5,187,0.11565935
37,9,0,112,0.21312052
37,9,1,140,0.22310726
37,9,2,53,0.18995903
37,9,3,90,0.15906887
37,9,4,42,0.13241421
37,9,5,219,0.08233007
38,9,0,219,0.29568684
38,9,1,209,0.20867167
38,9,2,32,0.20005241
38,9,3,193,0.13660257
38,9,4,49,0.080600373
38,9,5,102,0.07838612
39,9,0,181,0.24368592
39,9,1,191,0.17399551
39,9,2,132,0.171781
39,9,3,102,0.15099767
39,9,4,222,0.13244605
39,9,5,219,0.12709388
40,9,0,96,0.30128157
40,9,1,136,0.18728861
40,9,2,166,0.15403602
40,9,3,99,0.15697712
40,9,4,198,0.1112098
40,9,5,128,0.089206837
41,9,0,96,0.25471997
41,9,1,140,0.20832703
41,9,2,161,0.17147028
41,9,3,12,0.16984989
41,9,4,175,0.13704474
41,9,5,34,0.058588099
42,9,0,175,0.27318695
42,9,1,12,0.23844528
42,9,2,140,0.15522417
42,9,3,161,0.12903748
42,9,4,96,0.11498438
42,9,5,114,0.089121714
43,9,0,90,0.3138077
43,9,1,251,0.22280809
43,9,2,136,0.13739766
43,9,3,53,0.11946931
43,9,4,140,0.11236768
43,9,5,157,0.094149515
44,9,0,102,0.34229371
44,9,1,219,0.230555
44,9,2,100,0.13320681
44,9,3,32,0.11560146
44,9,4,181,0.088371009
44,9,5,191,0.089972012
45,9,0,136,0.20897941
45,9,1,90,0.19749798
45,9,2,162,0.19479996
45,9,3,12,0.1777899
45,9,4,72,0.12927128
45,9,5,36,0.09166152
46,9,0,150,0.38036114
46,9,1,18,0.21098509
46,9,2,102,0.10798486
46,9,3,36,0.10341619
46,9,4,136,0.10092108
46,9,5,72,0.096331626
47,9,0,219,0.24121976
47,9,1,78,0.23373088
47,9,2,12,0.14804085
47,9,3,179,0.13790227
47,9,4,102,0.11660892
47,9,5,193,0.1224973
48,9,0,219,0.36169603
48,9,1,34,0.20648479
48,9,2,84,0.12014271
48,9,3,102,0.10895454
48,9,4,242,0.10915529
48,9,5,13,0.093566597
49,9,0,179,0.24360967
49,9,1,219,0.22770876
49,9,2,102,0.1408871
49,9,3,193,0.14433119
49,9,4,0,0.12581855
49,9,5,32,0.11764476
50,9,0,83,0.23657447
50,9,1,240,0.21997857
50,9,2,150,0.1496489
50,9,3,219,0.13385172
50,9,4,32,0.13192518
50,9,5,221,0.1280212
51,9,0,83,0.29167834
51,9,1,240,0.2217965
51,9,2,150,0.20604199
51,9,3,14,0.10023664
51,9,4,72,0.096820913
51,9,5,165,0.083425611
52,9,0,36,0.37388077
52,9,1,192,0.19668235
52,9,2,240,0.1613486
52,9,3,219,0.096196413
52,9,4,213,0.095623285
52,9,5,130,0.076268628
53,9,0,131,0.29517078
53,9,1,242,0.15974532
53,9,2,198,0.17295572
53,9,3,34,0.12748154
53,9,4,15,0.14222459
53,9,5,30,0.10242207
0,10,0,8,0.61811447
0,10,1,218,0.078188293
0,10,2,241,0.077161707
0,10,3,80,0.077834584
0,10,4,27,0.074739575
0,10,5,186,0.073961385
1,10,0,62,0.2290456
1,10,1,109,0.19662508
1,10,2,168,0.17319176
1,10,3,8,0.16668503
1,10,4,162,0.11938017
1,10,5,188,0.11507235
2,10,0,109,0.38139832
2,10,1,62,0.12984763
2,10,2,8,0.12879622
2,10,3,239,0.12236325
2,10,4,168,0.11988623
2,10,5,238,0.1177084
3,10,0,174,0.26897302
3,10,1,45,0.26342252
3,10,2,35,0.18708839
3,10,3,206,0.10698975
3,10,4,238,0.096515499
3,10,5,56,0.077010855
4,10,0,174,0.33686954
4,10,1,35,0.17083947
4,10,2,238,0.16552709
4,10,3,207,0.12129106
4,10,4,74,0.11091942
4,10,5,91,0.094553463
5,10,0,146,0.27190515
5,10,1,7,0.25149632
5,10,2,238,0.22027835
5,10,3,56,0.092447393
5,10,4,180,0.089387886
5,10,5,29,0.07448487
6,10,0,238,0.2937234
6,10,1,232,0.15730344
6,10,2,153,0.15540409
6,10,3,93,0.14548691
6,10,4,66,0.12617314
6,10,5,7,0.12190903
7,10,0,33,0.2941983
7,10,1,197,0.25815663
7,10,2,180,0.17860694
7,10,3,238,0.089577481
7,10,4,19,0.091266505
7,10,5,86,0.088194191
8,10,0,180,0.30874187
8,10,1,197,0.18767548
8,10,2,109,0.17510565
8,10,3,238,0.15157175
8,10,4,193,0.091541305
8,10,5,7,0.085363992
9,10,0,242,0.19412552
9,10,1,238,0.19118556
9,10,2,101,0.20354317
9,10,3,197,0.15574388
9,10,4,80,0.13737532
9,10,5,59,0.11802658
10,10,0,197,0.27352563
10,10,1,33,0.19962166
10,10,2,168,0.173025
10,10,3,238,0.14287813
10,10,4,56,0.11263724
10,10,5,140,0.098312333
11,10,0,216,0.29900292
11,10,1,45,0.24575864
11,10,2,35,0.16213982
11,10,3,34,0.10381282
11,10,4,207,0.10073021
11,10,5,126,0.088555582
12,10,0,35,0.29133272
12,10,1,207,0.25220677
12,10,2,126,0.12547714
12,10,3,192,0.1197073
12,10,4,238,0.10574786
12,10,5,71,0.10552821
13,10,0,146,0.32616645
13,10,1,7,0.26942208
13,10,2,221,0.15175852
13,10,3,56,0.090759732
13,10,4,147,0.080214813
13,10,5,51,0.081678435
14,10,0,146,0.23114161
14,10,1,234,0.19715916
14,10,2,235,0.18538238
14,10,3,7,0.17683256
14,10,4,49,0.12498029
14,10,5,56,0.084504016
15,10,0,238,0.27284569
15,10,1,7,0.16580747
15,10,2,234,0.15727949
15,10,3,232,0.15349215
15,10,4,35,0.13747148
15,10,5,80,0.11310372
16,10,0,45,0.25834611
16,10,1,216,0.22999856
16,10,2,252,0.21068136
16,10,3,35,0.12658128
16,10,4,150,0.096442714
16,10,5,238,0.077949949
17,10,0,207,0.17675333
17,10,1,98,0.22489685
17,10,2,35,0.17319556
17,10,3,252,0.16820654
17,10,4,238,0.12416199
17,10,5,150,0.13278575
18,10,0,49,0.35238037
18,10,1,41,0.29624185
18,10,2,74,0.12918547
18,10,3,238,0.087311514
18,10,4,241,0.067765191
18,10,5,72,0.067115635
19,10,0,49,0.21497288
19,10,1,164,0.22089453
19,10,2,41,0.21437298
19,10,3,232,0.15016368
19,10,4,25,0.1028666
19,10,5,238,0.096729346
20,10,0,45,0.1922643
20,10,1,207,0.1855633
20,10,2,236,0.17251211
20,10,3,150,0.16314287
20,10,4,19,0.15277493
20,10,5,35,0.13374247
21,10,0,19,0.23582278
21,10,1,207,0.20978935
21,10,2,150,0.18197323
21,10,3,35,0.14926171
21,10,4,229,0.11625942
21,10,5,238,0.10689346
22,10,0,135,0.2956394
22,10,1,8,0.15710054
22,10,2,238,0.13760449
22,10,3,13,0.1455379
22,10,4,153,0.13924746
22,10,5,218,0.1248702
23,10,0,210,0.3275851
23,10,1,138,0.28483364
23,10,2,140,0.12777229
23,10,3,234,0.11092634
23,10,4,244,0.07340569
23,10,5,169,0.075476959
24,10,0,35,0.36238766
24,10,1,150,0.17778151
24,10,2,207,0.12814403
24,10,3,94,0.11738882
24,10,4,26,0.10830685
24,10,5,45,0.10599112
25,10,0,23,0.22522765
25,10,1,238,0.20674177
25,10,2,135,0.17010555
25,10,3,91,0.13465248
25,10,4,63,0.13247463
25,10,5,244,0.13079798
26,10,0,138,0.29350832
26,10,1,210,0.25033453
26,10,2,23,0.16397898
26,10,3,234,0.12815477
26,10,4,238,0.083616503
26,10,5,140,0.08040686
27,10,0,35,0.37246034
27,10,1,150,0.18915132
27,10,2,216,0.12469836
27,10,3,235,0.11987308
27,10,4,238,0.10603524
27,10,5,207,0.087781653
28,10,0,94,0.21306112
28,10,1,35,0.20737877
28,10,2,150,0.17146651
28,10,3,207,0.1525352
28,10,4,238,0.13745482
28,10,5,173,0.11810353
29,10,0,101,0.26612148
29,10,1,42,0.21488404
29,10,2,68,0.18518871
29,10,3,22,0.13195919
29,10,4,238,0.10729563
29,10,5,70,0.094550937
30,10,0,22,0.27041343
30,10,1,21,0.24959947
30,10,2,9,0.20155835
30,10,3,140,0.1097869
30,10,4,139,0.088752545
30,10,5,56,0.07988926
31,10,0,235,0.35192525
31,10,1,109,0.20293085
31,10,2,22,0.15445417
31,10,3,123,0.10252246
31,10,4,21,0.092365146
31,10,5,9,0.095802099
32,10,0,7,0.27411026
32,10,1,19,0.26580209
32,10,2,146,0.15821351
32,10,3,197,0.11869672
32,10,4,120,0.096934572
32,10,5,124,0.086242847
33,10,0,19,0.42906868
33,10,1,98,0.19606081
33,10,2,2,0.12485993
33,10,3,238,0.09077628
33,10,4,197,0.087407574
33,10,5,185,0.071826711
34,10,0,19,0.2682361
34,10,1,138,0.21509616
34,10,2,105,0.17241248
34,10,3,7,0.17334706
34,10,4,238,0.085210711
34,10,5,244,0.085697494
35,10,0,19,0.34007061
35,10,1,94,0.2212135
35,10,2,197,0.17242396
35,10,3,98,0.14042647
35,10,4,223,0.062513702
35,10,5,2,0.063351743
36,10,0,41,0.21466413
36,10,1,138,0.1932217
36,10,2,210,0.18003525
36,10,3,22,0.14829981
36,10,4,19,0.13947532
36,10,5,147,0.12430375
37,10,0,19,0.27663192
37,10,1,252,0.25030333
37,10,2,7,0.20153138
37,10,3,169,0.094831668
37,10,4,244,0.090581484
37,10,5,124,0.086120203
38,10,0,197,0.23493928
38,10,1,19,0.19504476
38,10,2,252,0.18396464
38,10,3,98,0.16289961
38,10,4,2,0.11693642
38,10,5,94,0.10621535
39,10,0,40,0.31083286
39,10,1,202,0.14697391
39,10,2,218,0.13439879
39,10,3,11,0.1471342
39,10,4,70,0.13116755
39,10,5,153,0.12949269
40,10,0,138,0.25241986
40,10,1,135,0.21398868
40,10,2,101,0.2102242
40,10,3,210,0.16238946
40,10,4,22,0.085758202
40,10,5,244,0.075219639
41,10,0,210,0.31914926
41,10,1,21,0.23297915
41,10,2,9,0.1747743
41,10,3,138,0.11386593
41,10,4,244,0.091934226
41,10,5,91,0.067297183
42,10,0,21,0.25232148
42,10,1,210,0.22214982
42,10,2,217,0.21504202
42,10,3,9,0.13638029
42,10,4,108,0.089792594
42,10,5,191,0.08431378
43,10,0,7,0.36534443
43,10,1,147,0.23385413
43,10,2,146,0.16127148
43,10,3,120,0.085492052
43,10,4,244,0.077507138
43,10,5,21,0.076530747
44,10,0,35,0.23265462
44,10,1,45,0.22159499
44,10,2,202,0.22149353
44,10,3,40,0.1221031
44,10,4,19,0.11327917
44,10,5,165,0.088874608
45,10,0,168,0.33259684
45,10,1,33,0.29651839
45,10,2,81,0.12131876
45,10,3,119,0.090916097
45,10,4,244,0.080768362
45,10,5,19,0.077881537
46,10,0,33,0.29640207
46,10,1,75,0.16577734
46,10,2,142,0.15823506
46,10,3,19,0.13627131
46,10,4,244,0.12809618
46,10,5,236,0.11521797
47,10,0,109,0.36530787
47,10,1,197,0.15704678
47,10,2,9,0.13796535
47,10,3,33,0.1223344
47,10,4,244,0.1168878
47,10,5,193,0.10045781
48,10,0,40,0.20814276
48,10,1,91,0.17881103
48,10,2,174,0.16640663
48,10,3,188,0.15807506
48,10,4,70,0.15386747
48,10,5,17,0.13469705
49,10,0,98,0.41718575
49,10,1,34,0.14848332
49,10,2,207,0.11422408
49,10,3,40,0.11449231
49,10,4,109,0.10062607
49,10,5,13,0.10498843
50,10,0,48,0.31696913
50,10,1,34,0.18092318
50,10,2,33,0.14634059
50,10,3,216,0.12670583
50,10,4,10,0.12000433
50,10,5,197,0.10905689
51,10,0,164,0.24593043
51,10,1,19,0.2325857
51,10,2,48,0.16888627
51,10,3,37,0.12384832
51,10,4,105,0.11567875
51,10,5,122,0.11307047
52,10,0,46,0.21600161
52,10,1,48,0.21015298
52,10,2,10,0.16246434
52,10,3,120,0.16532643
52,10,4,49,0.12630391
52,10,5,34,0.11975072
53,10,0,42,0.22942641
53,10,1,101,0.24236064
53,10,2,238,0.1384782
53,10,3,68,0.15467919
53,10,4,70,0.13804437
53,10,5,218,0.097011194
0,11,0,18,0.58120024
0,11,1,35,0.091618948
0,11,2,120,0.081035748
0,11,3,46,0.084420852
0,11,4,147,0.080002405
0,11,5,1,0.08172182
1,11,0,161,0.44027847
1,11,1,68,0.13152824
1,11,2,153,0.11941721
1,11,3,150,0.1021454
1,11,4,101,0.10313068
1,11,5,173,0.10350002
2,11,0,161,0.25154474
2,11,1,9,0.18708178
2,11,2,212,0.15425017
2,11,3,68,0.15414308
2,11,4,141,0.12852293
2,11,5,153,0.12445727
3,11,0,189,0.31770304
3,11,1,12,0.28692734
3,11,2,9,0.13771276
3,11,3,75,0.099871792
3,11,4,176,0.088676132
3,11,5,212,0.06910897
4,11,0,189,0.38058153
4,11,1,117,0.18671227
4,11,2,12,0.12529904
4,11,3,176,0.1213735
4,11,4,9,0.11062301
4,11,5,207,0.075410701
5,11,0,9,0.34652254
5,11,1,232,0.1926247
5,11,2,189,0.14554243
5,11,3,12,0.12167404
5,11,4,75,0.10053816
5,11,5,255,0.093098126
6,11,0,9,0.34924102
6,11,1,232,0.16567938
6,11,2,68,0.14047951
6,11,3,12,0.12034994
6,11,4,207,0.1205263
6,11,5,189,0.1037239
7,11,0,119,0.26560163
7,11,1,144,0.22391775
7,11,2,174,0.13018055
7,11,3,75,0.12846507
7,11,4,191,0.13064228
7,11,5,9,0.12119269
8,11,0,191,0.20246115
8,11,1,9,0.19609798
8,11,2,119,0.17184202
8,11,3,144,0.16564545
8,11,4,174,0.15655567
8,11,5,164,0.10739773
9,11,0,9,0.26262161
9,11,1,232,0.18923417
9,11,2,174,0.16281615
9,11,3,19,0.15312684
9,11,4,75,0.12265203
9,11,5,207,0.10954917
10,11,0,176,0.20994976
10,11,1,9,0.21019208
10,11,2,11,0.19303545
10,11,3,12,0.14152701
10,11,4,164,0.12297205
10,11,5,207,0.12232362
11,11,0,176,0.37932765
11,11,1,117,0.26735187
11,11,2,62,0.11203341
11,11,3,190,0.1067358
11,11,4,12,0.067747779
11,11,5,239,0.066803493
12,11,0,176,0.3980903
12,11,1,190,0.20199795
12,11,2,117,0.12796679
12,11,3,62,0.1045261
12,11,4,143,0.093165614
12,11,5,186,0.074253276
13,11,0,176,0.27818671
13,11,1,187,0.21106935
13,11,2,9,0.18586838
13,11,3,241,0.12733546
13,11,4,171,0.10235427
13,11,5,12,0.095185868
14,11,0,2,0.22029121
14,11,1,138,0.19769505
14,11,2,9,0.14891833
14,11,3,187,0.15474841
14,11,4,84,0.13460214
14,11,5,59,0.14374486
15,11,0,176,0.26016527
15,11,1,12,0.2351281
15,11,2,9,0.17419219
15,11,3,207,0.13924375
15,11,4,138,0.10235359
15,11,5,117,0.088917091
16,11,0,176,0.43708068
16,11,1,117,0.21032052
16,11,2,12,0.13038555
16,11,3,143,0.081711762
16,11,4,188,0.071158834
16,11,5,171,0.069342636
17,11,0,176,0.39885864
17,11,1,12,0.15456882
17,11,2,117,0.13897939
17,11,3,43,0.099501915
17,11,4,9,0.10375464
17,11,5,144,0.10433658
18,11,0,176,0.18446925
18,11,1,9,0.18582392
18,11,2,138,0.1731136
18,11,3,117,0.16494326
18,11,4,224,0.15364538
18,11,5,141,0.13800456
19,11,0,117,0.27898207
19,11,1,141,0.2079428
19,11,2,176,0.19416019
19,11,3,138,0.13459663
19,11,4,188,0.10740823
19,11,5,62,0.076910026
20,11,0,117,0.32120278
20,11,1,176,0.25728574
20,11,2,188,0.14849044
20,11,3,190,0.13424033
20,11,4,62,0.070925504
20,11,5,143,0.067855157
21,11,0,117,0.29922345
21,11,1,176,0.28404367
21,11,2,190,0.12643999
21,11,3,188,0.12120519
21,11,4,143,0.099199504
21,11,5,101,0.069888242
22,11,0,9,0.22133271
22,11,1,232,0.21522593
22,11,2,212,0.1545344
22,11,3,36,0.13727835
22,11,4,68,0.13643743
22,11,5,94,0.13519114
23,11,0,2,0.36901811
23,11,1,138,0.13618483
23,11,2,199,0.13709354
23,11,3,228,0.13545805
23,11,4,68,0.10887083
23,11,5,9,0.11337465
24,11,0,117,0.29773909
24,11,1,176,0.28188008
24,11,2,188,0.12517434
24,11,3,171,0.10933963
24,11,4,143,0.097454324
24,11,5,180,0.088412538
25,11,0,9,0.25605232
25,11,1,12,0.20135722
25,11,2,176,0.14501241
25,11,3,171,0.14065389
25,11,4,68,0.13541472
25,11,5,207,0.12150948
26,11,0,199,0.2332402
26,11,1,117,0.16929403
26,11,2,138,0.15824629
26,11,3,2,0.17329811
26,11,4,176,0.13371411
26,11,5,43,0.13220727
27,11,0,117,0.34823123
27,11,1,176,0.2356528
27,11,2,143,0.13997234
27,11,3,207,0.096968919
27,11,4,12,0.089356482
27,11,5,157,0.089818232
28,11,0,176,0.25898844
28,11,1,117,0.2004129
28,11,2,12,0.16048068
28,11,3,171,0.16196522
28,11,4,207,0.13234203
28,11,5,143,0.085810758
29,11,0,19,0.26464999
29,11,1,9,0.25029695
29,11,2,75,0.14175996
29,11,3,232,0.12695588
29,11,4,68,0.1105734
29,11,5,191,0.10576385
30,11,0,174,0.33653334
30,11,1,25,0.18665513
30,11,2,24,0.1508012
30,11,3,11,0.1081422
30,11,4,187,0.11399738
30,11,5,68,0.10387077
31,11,0,221,0.2057853
31,11,1,174,0.19915335
31,11,2,105,0.1894085
31,11,3,162,0.1454425
31,11,4,191,0.14143884
31,11,5,244,0.11877151
32,11,0,174,0.26182595
32,11,1,221,0.15150696
32,11,2,43,0.149536
32,11,3,187,0.15446904
32,11,4,162,0.13942364
32,11,5,20,0.14323843
33,11,0,227,0.27990314
33,11,1,98,0.26151428
33,11,2,176,0.17087245
33,11,3,43,0.13848455
33,11,4,207,0.078621417
33,11,5,143,0.070604131
34,11,0,98,0.2595377
34,11,1,227,0.18343516
34,11,2,43,0.14451647
34,11,3,221,0.13994795
34,11,4,174,0.14050014
34,11,5,68,0.13206255
35,11,0,98,0.26134866
35,11,1,125,0.22664237
35,11,2,176,0.18287826
35,11,3,117,0.12450024
35,11,4,43,0.12053102
35,11,5,68,0.084099434
36,11,0,2,0.3224878
36,11,1,98,0.16531725
36,11,2,43,0.14900428
36,11,3,221,0.13843983
36,11,4,252,0.13312373
36,11,5,100,0.091627084
37,11,0,2,0.2468117
37,11,1,98,0.2311464
37,11,2,43,0.20822775
37,11,3,207,0.11214371
37,11,4,68,0.10438716
37,11,5,20,0.097283237
38,11,0,98,0.33483621
38,11,1,43,0.16616954
38,11,2,125,0.16561802
38,11,3,176,0.15013142
38,11,4,207,0.11236317
38,11,5,143,0.070881605
39,11,0,94,0.21367322
39,11,1,47,0.1953764
39,11,2,36,0.16272368
39,11,3,124,0.13913068
39,11,4,232,0.14810616
39,11,5,149,0.14098987
40,11,0,2,0.26390785
40,11,1,19,0.21873209
40,11,2,174,0.19513929
40,11,3,252,0.13271376
40,11,4,68,0.0999633
40,11,5,221,0.089543767
41,11,0,174,0.29736024
41,11,1,2,0.3023895
41,11,2,24,0.15461065
41,11,3,68,0.095334597
41,11,4,252,0.077009201
41,11,5,11,0.073295832
42,11,0,174,0.29086053
42,11,1,2,0.22145848
42,11,2,24,0.13732368
42,11,3,25,0.12748405
42,11,4,207,0.11569746
42,11,5,244,0.10717583
43,11,0,174,0.35359654
43,11,1,98,0.18572229
43,11,2,68,0.1353377
43,11,3,187,0.13083164
43,11,4,43,0.10280991
43,11,5,136,0.091701925
44,11,0,207,0.23394369
44,11,1,189,0.21510924
44,11,2,223,0.14650172
44,11,3,94,0.14070666
44,11,4,215,0.13604903
44,11,5,12,0.12768966
45,11,0,119,0.32077017
45,11,1,144,0.30788234
45,11,2,24,0.11849805
45,11,3,187,0.10079191
45,11,4,79,0.081904016
45,11,5,68,0.070153542
46,11,0,79,0.26075992
46,11,1,119,0.21679339
46,11,2,59,0.16375943
46,11,3,144,0.14468278
46,11,4,98,0.10818575
46,11,5,227,0.10581876
47,11,0,144,0.37458998
47,11,1,79,0.17497088
47,11,2,119,0.1506146
47,11,3,90,0.1038404
47,11,4,82,0.10203289
47,11,5,61,0.093951225
48,11,0,9,0.21996534
48,11,1,232,0.21684311
48,11,2,153,0.16346116
48,11,3,212,0.1541357
48,11,4,149,0.12724516
48,11,5,124,0.11834954
49,11,0,79,0.24249092
49,11,1,144,0.20141479
49,11,2,151,0.18050694
49,11,3,193,0.15723982
49,11,4,116,0.11708485
49,11,5,55,0.10126269
50,11,0,59,0.36424017
50,11,1,151,0.17747329
50,11,2,98,0.1312522
50,11,3,68,0.1092075
50,11,4,227,0.11179666
50,11,5,49,0.10603017
51,11,0,138,0.25305593
51,11,1,59,0.22827242
51,11,2,79,0.16813724
51,11,3,98,0.12469903
51,11,4,30,0.11392973
51,11,5,225,0.11190564
52,11,0,79,0.25387409
52,11,1,20,0.17196657
52,11,2,98,0.15821353
52,11,3,225,0.14218153
52,11,4,151,0.13923688
52,11,5,59,0.13452739
53,11,0,19,0.28097486
53,11,1,9,0.19982022
53,11,2,174,0.15247141
53,11,3,232,0.14075203
53,11,4,101,0.11587952
53,11,5,75,0.11010192
0,12,0,80,0.57566559
0,12,1,154,0.08996208
0,12,2,113,0.084420696
0,12,3,169,0.082884423
0,12,4,36,0.082627133
0,12,5,229,0.08444009
1,12,0,19,0.44388127
1,12,1,242,0.11965596
1,12,2,96,0.11480603
1,12,3,105,0.10929149
1,12,4,43,0.10622226
1,12,5,48,0.10614304
2,12,0,130,0.30465052
2,12,1,19,0.19676203
2,12,2,123,0.15442947
2,12,3,193,0.14304297
2,12,4,180,0.11158593
2,12,5,200,0.089529075
3,12,0,130,0.37374097
3,12,1,168,0.17726935
3,12,2,92,0.1356055
3,12,3,152,0.10727873
3,12,4,182,0.1064157
3,12,5,9,0.099689759
4,12,0,9,0.26757792
4,12,1,152,0.21691652
4,12,2,130,0.17550069
4,12,3,242,0.13000651
4,12,4,193,0.11698224
4,12,5,89,0.09301614
5,12,0,130,0.31218278
5,12,1,193,0.20558517
5,12,2,122,0.18351361
5,12,3,109,0.10387393
5,12,4,170,0.102027
5,12,5,40,0.092817456
6,12,0,130,0.21596205
6,12,1,193,0.21414992
6,12,2,19,0.19890186
6,12,3,45,0.1497166
6,12,4,169,0.11831447
6,12,5,43,0.1029551
7,12,0,130,0.26409897
7,12,1,170,0.23047389
7,12,2,122,0.20579316
7,12,3,193,0.12221508
7,12,4,244,0.09086553
7,12,5,218,0.086553372
8,12,0,130,0.34038135
8,12,1,227,0.18564397
8,12,2,170,0.16673505
8,12,3,109,0.10617211
8,12,4,218,0.097831756
8,12,5,193,0.10323575
9,12,0,130,0.27072734
9,12,1,193,0.17845902
9,12,2,122,0.17375226
9,12,3,170,0.16824666
9,12,4,169,0.1090107
9,12,5,63,0.099804029
10,12,0,130,0.31661949
10,12,1,152,0.20946154
10,12,2,123,0.13471262
10,12,3,26,0.13542949
10,12,4,193,0.11014
10,12,5,122,0.093636848
11,12,0,152,0.34196225
11,12,1,206,0.27795967
11,12,2,62,0.096220672
11,12,3,123,0.099322744
11,12,4,39,0.094061337
11,12,5,130,0.090473339
12,12,0,206,0.37355694
12,12,1,168,0.15773748
12,12,2,152,0.1516504
12,12,3,130,0.11961493
12,12,4,60,0.11341241
12,12,5,162,0.084027901
13,12,0,130,0.29624322
13,12,1,152,0.23975031
13,12,2,206,0.19013891
13,12,3,200,0.091618642
13,12,4,63,0.092142992
13,12,5,122,0.090105973
14,12,0,106,0.29412076
14,12,1,152,0.1968452
14,12,2,130,0.1771211
14,12,3,213,0.12264665
14,12,4,122,0.1109326
14,12,5,239,0.098333724
15,12,0,152,0.30194807
15,12,1,193,0.19860648
15,12,2,122,0.16766718
15,12,3,130,0.13519844
15,12,4,177,0.10340174
15,12,5,206,0.093178034
16,12,0,152,0.44636536
16,12,1,206,0.20314312
16,12,2,39,0.095580563
16,12,3,177,0.093942434
16,12,4,144,0.081488982
16,12,5,108,0.07947956
17,12,0,152,0.39285067
17,12,1,206,0.17663608
17,12,2,8,0.1588005
17,12,3,39,0.091176033
17,12,4,125,0.096638784
17,12,5,60,0.083897904
18,12,0,152,0.39944831
18,12,1,223,0.16575618
18,12,2,137,0.12041023
18,12,3,130,0.1208428
18,12,4,25,0.10592455
18,12,5,206,0.087617934
19,12,0,152,0.46638164
19,12,1,39,0.17160212
19,12,2,223,0.13909352
19,12,3,206,0.079507969
19,12,4,130,0.076274335
19,12,5,177,0.067140378
20,12,0,152,0.36473083
20,12,1,39,0.18138044
20,12,2,108,0.17035082
20,12,3,130,0.11084038
20,12,4,177,0.089241438
20,12,5,20,0.083456025
21,12,0,152,0.37536123
21,12,1,130,0.14235969
21,12,2,39,0.12291926
21,12,3,177,0.12185907
21,12,4,108,0.11887874
21,12,5,227,0.11862203
22,12,0,193,0.31685024
22,12,1,130,0.18242563
22,12,2,9,0.14402881
22,12,3,122,0.14066204
22,12,4,148,0.11188079
22,12,5,43,0.10415248
23,12,0,152,0.26001477
23,12,1,130,0.19843088
23,12,2,106,0.15839656
23,12,3,26,0.13811815
23,12,4,227,0.13516302
23,12,5,213,0.10987665
24,12,0,152,0.32931733
24,12,1,39,0.1676597
24,12,2,227,0.16471063
24,12,3,108,0.16406465
24,12,4,144,0.089460783
24,12,5,172,0.084786944
25,12,0,193,0.28985113
25,12,1,130,0.18375722
25,12,2,122,0.18287721
25,12,3,152,0.17357177
25,12,4,177,0.088018566
25,12,5,9,0.08192417
26,12,0,152,0.32090732
26,12,1,26,0.16298841
26,12,2,39,0.13180278
26,12,3,106,0.13389704
26,12,4,227,0.1293619
26,12,5,130,0.1210425
27,12,0,152,0.39550331
27,12,1,108,0.16683359
27,12,2,39,0.15619823
27,12,3,20,0.09964864
27,12,4,227,0.096883103
27,12,5,58,0.084933124
28,12,0,152,0.36071804
28,12,1,227,0.19556801
28,12,2,130,0.13445511
28,12,3,39,0.10870224
28,12,4,108,0.10337829
28,12,5,213,0.09717834
29,12,0,130,0.231575
29,12,1,193,0.19639167
29,12,2,122,0.18765767
29,12,3,106,0.13248481
29,12,4,170,0.1313227
29,12,5,26,0.12056816
30,12,0,130,0.25183496
30,12,1,152,0.21134388
30,12,2,106,0.15258837
30,12,3,170,0.14114156
30,12,4,39,0.11960112
30,12,5,26,0.12349015
31,12,0,106,0.26234686
31,12,1,152,0.21707146
31,12,2,95,0.18742631
31,12,3,120,0.11969596
31,12,4,26,0.11235116
31,12,5,39,0.10110827
32,12,0,152,0.24213281
32,12,1,106,0.18552458
32,12,2,170,0.17882879
32,12,3,222,0.16004162
32,12,4,214,0.1276159
32,12,5,39,0.10585634
33,12,0,196,0.24712318
33,12,1,222,0.22319537
33,12,2,152,0.21471633
33,12,3,120,0.15346877
33,12,4,39,0.076904908
33,12,5,214,0.084591456
34,12,0,152,0.23823409
34,12,1,222,0.17869192
34,12,2,106,0.1787709
34,12,3,26,0.1628519
34,12,4,214,0.12743759
34,12,5,120,0.11401353
35,12,0,152,0.35264766
35,12,1,196,0.24005412
35,12,2,167,0.12157094
35,12,3,222,0.10586654
35,12,4,50,0.10023689
35,12,5,106,0.079623878
36,12,0,239,0.22707044
36,12,1,222,0.19514138
36,12,2,152,0.17728218
36,12,3,63,0.15220457
36,12,4,106,0.14084294
36,12,5,223,0.1074585
37,12,0,152,0.2725476
37,12,1,222,0.21511984
37,12,2,39,0.13247351
37,12,3,214,0.1345679
37,12,4,170,0.13478075
37,12,5,63,0.11051042
38,12,0,196,0.32702759
38,12,1,152,0.22630247
38,12,2,39,0.17355378
38,12,3,222,0.10851828
38,12,4,127,0.097692311
38,12,5,177,0.066905558
39,12,0,220,0.19065994
39,12,1,142,0.18226616
39,12,2,193,0.18017644
39,12,3,47,0.15263698
39,12,4,43,0.15197781
39,12,5,14,0.14228274
40,12,0,130,0.21643901
40,12,1,106,0.18168384
40,12,2,120,0.15777677
40,12,3,152,0.15829995
40,12,4,200,0.14191291
40,12,5,193,0.14388755
41,12,0,167,0.25298834
41,12,1,106,0.16788846
41,12,2,120,0.15638751
41,12,3,95,0.16593179
41,12,4,39,0.12978786
41,12,5,144,0.12701605
42,12,0,152,0.20468074
42,12,1,95,0.18523593
42,12,2,39,0.16808854
42,12,3,130,0.1601546
42,12,4,106,0.15005912
42,12,5,26,0.13178107
43,12,0,214,0.28108585
43,12,1,167,0.20739877
43,12,2,222,0.14639577
43,12,3,152,0.11915523
43,12,4,106,0.12593599
43,12,5,160,0.12002839
44,12,0,130,0.32262382
44,12,1,39,0.17551823
44,12,2,122,0.13264385
44,12,3,152,0.12761399
44,12,4,193,0.12604645
44,12,5,127,0.11555366
45,12,0,130,0.28641516
45,12,1,170,0.1812095
45,12,2,214,0.17038721
45,12,3,123,0.13971788
45,12,4,160,0.11509173
45,12,5,235,0.10717853
46,12,0,196,0.28681326
46,12,1,130,0.18240651
46,12,2,152,0.17382768
46,12,3,222,0.14420426
46,12,4,39,0.10526495
46,12,5,201,0.10748335
47,12,0,170,0.25212619
47,12,1,8,0.24381091
47,12,2,152,0.13935889
47,12,3,179,0.13398241
47,12,4,39,0.10879444
47,12,5,196,0.12192713
48,12,0,9,0.21234137
48,12,1,19,0.18230124
48,12,2,193,0.18310489
48,12,3,10,0.16477667
48,12,4,43,0.14387175
48,12,5,14,0.11360408
49,12,0,196,0.21290262
49,12,1,127,0.17828293
49,12,2,170,0.17726639
49,12,3,39,0.15985614
49,12,4,8,0.14642212
49,12,5,195,0.12526979
50,12,0,196,0.42701474
50,12,1,127,0.13578367
50,12,2,170,0.13523196
50,12,3,39,0.11601347
50,12,4,177,0.095406525
50,12,5,201,0.090549618
51,12,0,196,0.29604173
51,12,1,127,0.17811708
51,12,2,125,0.14985017
51,12,3,68,0.12870805
51,12,4,39,0.12605661
51,12,5,177,0.12122633
52,12,0,152,0.23490767
52,12,1,127,0.20386642
52,12,2,196,0.16392913
52,12,3,168,0.14052734
52,12,4,39,0.12862471
52,12,5,169,0.12814474
53,12,0,193,0.28211877
53,12,1,130,0.20861124
53,12,2,194,0.14656869
53,12,3,122,0.1306731
53,12,4,214,0.12636527
53,12,5,200,0.10566288
0,13,0,129,0.71178764
0,13,1,44,0.065928362
0,13,2,255,0.05704499
0,13,3,107,0.060610972
0,13,4,60,0.052917812
0,13,5,106,0.051710278
1,13,0,129,0.18599233
1,13,1,136,0.17067836
1,13,2,155,0.16525823
1,13,3,47,0.16261284
1,13,4,23,0.1675261
1,13,5,132,0.14793216
2,13,0,125,0.23098885
2,13,1,136,0.17847139
2,13,2,106,0.15712781
2,13,3,31,0.15140945
2,13,4,251,0.14364845
2,13,5,155,0.13835406
3,13,0,251,0.26806346
3,13,1,230,0.2308798
3,13,2,50,0.16132419
3,13,3,106,0.13019577
3,13,4,242,0.1186147
3,13,5,12,0.09092205
4,13,0,251,0.28228647
4,13,1,106,0.24589446
4,13,2,12,0.18440856
4,13,3,109,0.10789785
4,13,4,84,0.1075289
4,13,5,9,0.071983717
5,13,0,106,0.26138267
5,13,1,251,0.25195125
5,13,2,173,0.16864689
5,13,3,12,0.11294328
5,13,4,252,0.10473862
5,13,5,125,0.10033728
6,13,0,106,0.1913598
6,13,1,251,0.17425476
6,13,2,179,0.18041956
6,13,3,252,0.16948168
6,13,4,155,0.15426297
6,13,5,230,0.13022117
7,13,0,115,0.29969987
7,13,1,251,0.21708508
7,13,2,95,0.19536307
7,13,3,173,0.10034259
7,13,4,15,0.096469626
7,13,5,125,0.09103974
8,13,0,251,0.30395523
8,13,1,236,0.16836055
8,13,2,95,0.15173385
8,13,3,115,0.13332702
8,13,4,15,0.12424967
8,13,5,173,0.11837374
9,13,0,106,0.27835706
9,13,1,251,0.22765161
9,13,2,95,0.14612211
9,13,3,173,0.12457062
9,13,4,179,0.12321958
9,13,5,136,0.10007898
10,13,0,251,0.34267431
10,13,1,173,0.16384175
10,13,2,190,0.14994372
10,13,3,106,0.11590524
10,13,4,230,0.12441223
10,13,5,12,0.1032227
11,13,0,251,0.407875
11,13,1,144,0.13940383
11,13,2,55,0.13046244
11,13,3,12,0.1104965
11,13,4,125,0.11032923
11,13,5,24,0.10143301
12,13,0,251,0.38998327
12,13,1,55,0.14281793
12,13,2,13,0.13049829
12,13,3,24,0.1229868
12,13,4,12,0.11136012
12,13,5,109,0.10235361
13,13,0,251,0.40240535
13,13,1,152,0.14344929
13,13,2,115,0.13333936
13,13,3,20,0.12336187
13,13,4,80,0.099935293
13,13,5,173,0.097508863
14,13,0,251,0.46294394
14,13,1,50,0.12738179
14,13,2,230,0.12341309
14,13,3,173,0.097485319
14,13,4,44,0.1024195
14,13,5,106,0.086356401
15,13,0,251,0.27756032
15,13,1,230,0.24311318
15,13,2,106,0.17689583
15,13,3,12,0.10990488
15,13,4,24,0.096554264
15,13,5,13,0.095971555
16,13,0,251,0.41765821
16,13,1,24,0.18279298
16,13,2,50,0.15392376
16,13,3,144,0.094948739
16,13,4,13,0.076770648
16,13,5,80,0.073905699
17,13,0,251,0.4784061
17,13,1,50,0.18550543
17,13,2,24,0.092007585
17,13,3,230,0.089555718
17,13,4,41,0.079325974
17,13,5,109,0.075199224
18,13,0,251,0.4079054
18,13,1,24,0.16604263
18,13,2,96,0.16027386
18,13,3,50,0.1259343
18,13,4,173,0.076343276
18,13,5,203,0.063500546
19,13,0,24,0.34358168
19,13,1,251,0.30796811
19,13,2,20,0.089271709
19,13,3,96,0.086275153
19,13,4,173,0.084021404
19,13,5,50,0.088881917
20,13,0,251,0.36302778
20,13,1,13,0.21674953
20,13,2,24,0.20201573
20,13,3,35,0.079718165
20,13,4,26,0.070181012
20,13,5,37,0.068307735
21,13,0,251,0.38338137
21,13,1,24,0.29667249
21,13,2,13,0.10381745
21,13,3,109,0.073826589
21,13,4,225,0.073739864
21,13,5,41,0.068562225
22,13,0,106,0.28493866
22,13,1,179,0.21424691
22,13,2,47,0.14190231
22,13,3,252,0.12342893
22,13,4,109,0.11566432
22,13,5,251,0.1198189
23,13,0,251,0.44307482
23,13,1,10,0.12861584
23,13,2,230,0.12077586
23,13,3,24,0.10566204
23,13,4,235,0.11187004
23,13,5,12,0.090001412
24,13,0,251,0.332977
24,13,1,13,0.22452705
24,13,2,24,0.21703021
24,13,3,10,0.079705104
24,13,4,35,0.071745992
24,13,5,41,0.074014604
25,13,0,106,0.28987405
25,13,1,251,0.23216473
25,13,2,230,0.13162346
25,13,3,12,0.12068114
25,13,4,14,0.11533921
25,13,5,179,0.11031739
26,13,0,251,0.31457978
26,13,1,10,0.21052529
26,13,2,24,0.1699902
26,13,3,235,0.10847972
26,13,4,139,0.10009196
26,13,5,129,0.096333094
27,13,0,251,0.25756988
27,13,1,24,0.22675562
27,13,2,13,0.16862261
27,13,3,185,0.14904171
27,13,4,50,0.13025314
27,13,5,205,0.067757063
28,13,0,251,0.31332871
28,13,1,24,0.25417122
28,13,2,129,0.13009831
28,13,3,50,0.12539859
28,13,4,13,0.095275626
28,13,5,185,0.081727505
29,13,0,251,0.21641825
29,13,1,106,0.17192629
29,13,2,222,0.17965429
29,13,3,15,0.15160118
29,13,4,159,0.14436111
29,13,5,47,0.13603891
30,13,0,251,0.25983813
30,13,1,173,0.18418317
30,13,2,237,0.17193438
30,13,3,24,0.13714567
30,13,4,129,0.13742399
30,13,5,15,0.10947467
31,13,0,251,0.28321707
31,13,1,237,0.21663202
31,13,2,24,0.17753783
31,13,3,230,0.11691288
31,13,4,139,0.10463753
31,13,5,173,0.10106268
32,13,0,129,0.36538076
32,13,1,251,0.21052581
32,13,2,24,0.18482798
32,13,3,230,0.091286905
32,13,4,114,0.079321079
32,13,5,50,0.068657421
33,13,0,129,0.35712427
33,13,1,24,0.20042595
33,13,2,251,0.17460929
33,13,3,50,0.11432974
33,13,4,230,0.08083272
33,13,5,115,0.07267803
34,13,0,129,0.35904652
34,13,1,251,0.17090939
34,13,2,24,0.11951333
34,13,3,50,0.12330425
34,13,4,230,0.12071992
34,13,5,114,0.10650658
35,13,0,129,0.3613975
35,13,1,251,0.21905029
35,13,2,115,0.14590108
35,13,3,24,0.12005052
35,13,4,225,0.076676339
35,13,5,50,0.076924235
36,13,0,3,0.26694304
36,13,1,129,0.25309283
36,13,2,251,0.19280072
36,13,3,24,0.11622
36,13,4,159,0.092248626
36,13,5,230,0.078694753
37,13,0,129,0.23963584
37,13,1,24,0.21769489
37,13,2,3,0.21964993
37,13,3,251,0.13727421
37,13,4,230,0.11148481
37,13,5,178,0.074260376
38,13,0,129,0.31441322
38,13,1,24,0.27837211
38,13,2,251,0.19183703
38,13,3,13,0.083390437
38,13,4,230,0.068393178
38,13,5,50,0.063594051
39,13,0,242,0.1824653
39,13,1,179,0.19358516
39,13,2,230,0.19040146
39,13,3,194,0.15429598
39,13,4,133,0.14340398
39,13,5,14,0.1358481
40,13,0,251,0.26647511
40,13,1,129,0.24148659
40,13,2,24,0.12756623
40,13,3,173,0.12190051
40,13,4,159,0.12306334
40,13,5,3,0.1195082
41,13,0,3,0.35118854
41,13,1,251,0.18169312
41,13,2,237,0.15457995
41,13,3,212,0.12499212
41,13,4,24,0.093342841
41,13,5,173,0.094203375
42,13,0,251,0.2544848
42,13,1,24,0.20730008
42,13,2,129,0.17000532
42,13,3,80,0.11993502
42,13,4,237,0.12258878
42,13,5,230,0.12568599
43,13,0,251,0.27341259
43,13,1,3,0.20540948
43,13,2,230,0.1677732
43,13,3,50,0.12995386
43,13,4,114,0.11698487
43,13,5,152,0.10646599
44,13,0,12,0.24527043
44,13,1,106,0.1821813
44,13,2,251,0.14608338
44,13,3,129,0.14334419
44,13,4,230,0.14348789
44,13,5,179,0.13963278
45,13,0,204,0.23539075
45,13,1,251,0.16678308
45,13,2,29,0.15460809
45,13,3,129,0.14840057
45,13,4,230,0.15648179
45,13,5,233,0.13833576
46,13,0,251,0.2585977
46,13,1,129,0.2006117
46,13,2,204,0.1580825
46,13,3,199,0.13594507
46,13,4,178,0.12919417
46,13,5,171,0.11756884
47,13,0,186,0.21079907
47,13,1,178,0.18095531
47,13,2,129,0.1629613
47,13,3,230,0.1683044
47,13,4,251,0.14762077
47,13,5,24,0.12935914
48,13,0,252,0.22703607
48,13,1,15,0.17393093
48,13,2,242,0.15563411
48,13,3,179,0.16266219
48,13,4,136,0.1448551
48,13,5,109,0.13588157
49,13,0,129,0.30594671
49,13,1,233,0.14590834
49,13,2,230,0.15639974
49,13,3,251,0.13864423
49,13,4,186,0.13115245
49,13,5,178,0.12194853
50,13,0,129,0.28162038
50,13,1,50,0.1994426
50,13,2,251,0.1597338
50,13,3,230,0.13048941
50,13,4,205,0.11726572
50,13,5,115,0.11144806
51,13,0,129,0.27152622
51,13,1,230,0.16272455
51,13,2,251,0.15352894
51,13,3,50,0.15445192
51,13,4,206,0.13875985
51,13,5,204,0.11900852
52,13,0,129,0.21251547
52,13,1,230,0.18127844
52,13,2,178,0.16774905
52,13,3,50,0.1739611
52,13,4,99,0.13855571
52,13,5,251,0.12594023
53,13,0,106,0.18701993
53,13,1,222,0.1990398
53,13,2,15,0.17501192
53,13,3,159,0.16776058
53,13,4,251,0.14608783
53,13,5,14,0.12507994
0,14,0,164,0.26893866
0,14,1,147,0.19240643
0,14,2,225,0.14286791
0,14,3,33,0.13957995
0,14,4,21,0.13527973
0,14,5,14,0.1209273
1,14,0,224,0.29939538
1,14,1,102,0.167833
1,14,2,38,0.16785453
1,14,3,59,0.15084665
1,14,4,173,0.10989384
1,14,5,151,0.10417659
2,14,0,224,0.31782159
2,14,1,205,0.24166653
2,14,2,59,0.12445827
2,14,3,140,0.1224354
2,14,4,16,0.098315313
2,14,5,142,0.09530285
3,14,0,224,0.23032887
3,14,1,55,0.20038612
3,14,2,176,0.16045955
3,14,3,234,0.16044037
3,14,4,143,0.13930881
3,14,5,1,0.10907626
4,14,0,224,0.37071025
4,14,1,219,0.22740732
4,14,2,234,0.18269609
4,14,3,143,0.07410986
4,14,4,13,0.074645318
4,14,5,55,0.070431121
5,14,0,224,0.37420413
5,14,1,219,0.14649701
5,14,2,200,0.12450422
5,14,3,1,0.12649326
5,14,4,249,0.11875962
5,14,5,55,0.10954172
6,14,0,224,0.30559361
6,14,1,88,0.15354635
6,14,2,235,0.16507781
6,14,3,173,0.13981219
6,14,4,200,0.11687507
6,14,5,59,0.11909499
7,14,0,1,0.22788537
7,14,1,62,0.1737382
7,14,2,55,0.15951182
7,14,3,116,0.15676151
7,14,4,127,0.14347193
7,14,5,233,0.13863122
8,14,0,62,0.2312236
8,14,1,249,0.18862134
8,14,2,234,0.17531146
8,14,3,55,0.16595404
8,14,4,15,0.12245792
8,14,5,143,0.11643166
9,14,0,224,0.38790014
9,14,1,219,0.13431032
9,14,2,178,0.13410023
9,14,3,73,0.11372924
9,14,4,245,0.11427584
9,14,5,59,0.11568427
10,14,0,234,0.23506764
10,14,1,205,0.17166175
10,14,2,55,0.16887163
10,14,3,249,0.14830045
10,14,4,233,0.14535862
10,14,5,224,0.1307399
11,14,0,234,0.36382741
11,14,1,13,0.21479422
11,14,2,249,0.11884386
11,14,3,143,0.10787889
11,14,4,32,0.099710375
11,14,5,205,0.094945282
12,14,0,234,0.44817361
12,14,1,236,0.14782692
12,14,2,13,0.10854232
12,14,3,205,0.10284527
12,14,4,143,0.093782209
12,14,5,55,0.098829687
13,14,0,234,0.30351657
13,14,1,55,0.22235046
13,14,2,1,0.13186768
13,14,3,249,0.12086537
13,14,4,233,0.1163699
13,14,5,143,0.10503002
14,14,0,23,0.21754794
14,14,1,55,0.20967163
14,14,2,249,0.18742019
14,14,3,234,0.15085803
14,14,4,1,0.11746001
14,14,5,94,0.11704217
15,14,0,219,0.2378424
15,14,1,224,0.20466472
15,14,2,234,0.20357472
15,14,3,55,0.15644352
15,14,4,62,0.12011763
15,14,5,170,0.077357054
16,14,0,13,0.27900806
16,14,1,234,0.22452942
16,14,2,249,0.16729806
16,14,3,62,0.12942842
16,14,4,219,0.1013319
16,14,5,224,0.098404117
17,14,0,234,0.24767387
17,14,1,62,0.18185018
17,14,2,249,0.18154703
17,14,3,55,0.1415783
17,14,4,143,0.12975851
17,14,5,219,0.11759209
18,14,0,234,0.23250447
18,14,1,55,0.19091383
18,14,2,97,0.17771852
18,14,3,143,0.17051381
18,14,4,206,0.12043551
18,14,5,249,0.10791384
19,14,0,234,0.37289882
19,14,1,97,0.20706692
19,14,2,15,0.12128373
19,14,3,55,0.10281467
19,14,4,224,0.095334627
19,14,5,249,0.1006012
20,14,0,249,0.33800247
20,14,1,234,0.1778592
20,14,2,13,0.15548399
20,14,3,112,0.12081946
20,14,4,168,0.10497925
20,14,5,149,0.10285559
21,14,0,249,0.30960324
21,14,1,234,0.25414875
21,14,2,13,0.12287891
21,14,3,112,0.11090042
21,14,4,143,0.10109279
21,14,5,55,0.10137591
22,14,0,224,0.46131751
22,14,1,235,0.16888401
22,14,2,219,0.10474629
22,14,3,73,0.090220951
22,14,4,255,0.088529192
22,14,5,175,0.086302027
23,14,0,249,0.24795559
23,14,1,55,0.2270294
23,14,2,67,0.1650234
23,14,3,234,0.13150932
23,14,4,215,0.11780549
23,14,5,206,0.11067681
24,14,0,249,0.34580427
24,14,1,234,0.1902601
24,14,2,118,0.13569804
24,14,3,143,0.12720868
24,14,4,55,0.10506456
24,14,5,224,0.095964327
25,14,0,224,0.29803193
25,14,1,219,0.25227875
25,14,2,245,0.12945406
25,14,3,55,0.11213644
25,14,4,234,0.10830493
25,14,5,143,0.099793851
26,14,0,249,0.23826766
26,14,1,55,0.21427655
26,14,2,67,0.17664321
26,14,3,234,0.16026604
26,14,4,118,0.10975021
26,14,5,63,0.10079631
27,14,0,234,0.27667129
27,14,1,249,0.21566616
27,14,2,143,0.15213463
27,14,3,55,0.12953812
27,14,4,118,0.12713547
27,14,5,149,0.098854333
28,14,0,249,0.25046861
28,14,1,55,0.23370476
28,14,2,234,0.17372727
28,14,3,219,0.13566753
28,14,4,224,0.1056094
28,14,5,149,0.10082242
29,14,0,178,0.2268393
29,14,1,224,0.1976766
29,14,2,73,0.14397562
29,14,3,200,0.13820541
29,14,4,1,0.14941546
29,14,5,234,0.14388758
30,14,0,55,0.28687263
30,14,1,234,0.2401768
30,14,2,112,0.14158392
30,14,3,205,0.13197748
30,14,4,200,0.099089205
30,14,5,118,0.10029996
31,14,0,55,0.29245171
31,14,1,94,0.20558293
31,14,2,234,0.16269176
31,14,3,63,0.12014724
31,14,4,112,0.11312043
31,14,5,118,0.10600588
32,14,0,234,0.2319479
32,14,1,55,0.22150926
32,14,2,112,0.20698304
32,14,3,118,0.17849471
32,14,4,203,0.091686361
32,14,5,206,0.069378749
33,14,0,55,0.28344017
33,14,1,52,0.2467079
33,14,2,112,0.17127788
33,14,3,118,0.11119982
33,14,4,234,0.10762332
33,14,5,27,0.079750933
34,14,0,55,0.28373712
34,14,1,118,0.2414033
34,14,2,234,0.14585902
34,14,3,112,0.14592186
34,14,4,11,0.093940347
34,14,5,230,0.089138374
35,14,0,55,0.31107602
35,14,1,112,0.27611795
35,14,2,234,0.12682194
35,14,3,216,0.098158069
35,14,4,118,0.099080041
35,14,5,149,0.088746011
36,14,0,55,0.25828439
36,14,1,234,0.22412279
36,14,2,112,0.16952696
36,14,3,203,0.13395904
36,14,4,73,0.10866377
36,14,5,102,0.10544301
37,14,0,234,0.23216864
37,14,1,55,0.2088137
37,14,2,112,0.18577713
37,14,3,11,0.17248772
37,14,4,118,0.1034287
37,14,5,203,0.097324111
38,14,0,112,0.28141233
38,14,1,234,0.22776839
38,14,2,55,0.17446044
38,14,3,11,0.11597406
38,14,4,118,0.11154483
38,14,5,219,0.088839956
39,14,0,235,0.35399178
39,14,1,173,0.14892155
39,14,2,88,0.13611133
39,14,3,1,0.13081001
39,14,4,219,0.11545496
39,14,5,30,0.11471042
40,14,0,55,0.37553152
40,14,1,234,0.14026164
40,14,2,118,0.13399822
40,14,3,127,0.12614988
40,14,4,46,0.11229846
40,14,5,138,0.11176031
41,14,0,55,0.3131977
41,14,1,234,0.2093444
41,14,2,127,0.13593824
41,14,3,66,0.12671199
41,14,4,203,0.1132065
41,14,5,143,0.10160118
42,14,0,55,0.33796674
42,14,1,234,0.17312481
42,14,2,63,0.14587805
42,14,3,94,0.13692841
42,14,4,112,0.10570334
42,14,5,143,0.10039867
43,14,0,55,0.39185289
43,14,1,234,0.23168017
43,14,2,118,0.11265481
43,14,3,66,0.097232752
43,14,4,11,0.094350353
43,14,5,127,0.072229028
44,14,0,235,0.23897028
44,14,1,219,0.21404468
44,14,2,224,0.16248648
44,14,3,234,0.1547104
44,14,4,55,0.11884442
44,14,5,245,0.11094378
45,14,0,55,0.36619401
45,14,1,233,0.18358169
45,14,2,234,0.16975072
45,14,3,127,0.1075291
45,14,4,94,0.088859104
45,14,5,206,0.08408539
46,14,0,55,0.46201843
46,14,1,234,0.21599768
46,14,2,112,0.10848029
46,14,3,206,0.073440969
46,14,4,143,0.068825997
46,14,5,233,0.071236603
47,14,0,55,0.45766333
47,14,1,234,0.2258514
47,14,2,112,0.098296732
47,14,3,21,0.07507921
47,14,4,15,0.073937662
47,14,5,62,0.06917166
48,14,0,88,0.17598875
48,14,1,140,0.17391139
48,14,2,173,0.16735828
48,14,3,235,0.18641464
48,14,4,252,0.15459555
48,14,5,30,0.1417314
49,14,0,55,0.38526917
49,14,1,234,0.31010976
49,14,2,15,0.1043532
49,14,3,112,0.071164802
49,14,4,206,0.067054674
49,14,5,175,0.062048357
50,14,0,55,0.33074427
50,14,1,234,0.32810441
50,14,2,112,0.10572065
50,14,3,127,0.08382076
50,14,4,118,0.074907735
50,14,5,184,0.076702207
51,14,0,234,0.30801383
51,14,1,55,0.26074445
51,14,2,118,0.12483341
51,14,3,97,0.11721554
51,14,4,112,0.09715414
51,14,5,184,0.092038669
52,14,0,234,0.29744744
52,14,1,55,0.26544377
52,14,2,118,0.14274812
52,14,3,112,0.11331741
52,14,4,216,0.098098159
52,14,5,184,0.082945101
53,14,0,178,0.22642557
53,14,1,55,0.20206624
53,14,2,234,0.17586464
53,14,3,173,0.14595877
53,14,4,138,0.13522795
53,14,5,224,0.11445685
0,15,0,180,0.31660721
0,15,1,60,0.20570017
0,15,2,88,0.14431238
0,15,3,6,0.12821764
0,15,4,90,0.10479721
0,15,5,4,0.10036542
1,15,0,207,0.32020718
1,15,1,66,0.17070499
1,15,2,238,0.15835679
1,15,3,188,0.12215357
1,15,4,45,0.11708505
1,15,5,225,0.11149246
2,15,0,207,0.23788749
2,15,1,206,0.1864443
2,15,2,100,0.16075404
2,15,3,188,0.15227447
2,15,4,113,0.13720354
2,15,5,45,0.12543613
3,15,0,206,0.26703158
3,15,1,100,0.19824632
3,15,2,188,0.15805282
3,15,3,23,0.12482801
3,15,4,207,0.12923169
3,15,5,148,0.12260956
4,15,0,23,0.47162879
4,15,1,206,0.15949316
4,15,2,100,0.12427955
4,15,3,209,0.10829223
4,15,4,95,0.066506959
4,15,5,112,0.069799334
5,15,0,23,0.28171349
5,15,1,100,0.21829352
5,15,2,206,0.20801838
5,15,3,207,0.12354578
5,15,4,226,0.088952392
5,15,5,212,0.079476461
6,15,0,23,0.25066054
6,15,1,207,0.20485203
6,15,2,100,0.16449229
6,15,3,27,0.16166292
6,15,4,9,0.12735929
6,15,5,206,0.090972938
7,15,0,206,0.34504187
7,15,1,249,0.24192141
7,15,2,23,0.11306657
7,15,3,174,0.11470215
7,15,4,130,0.097410046
7,15,5,100,0.087857895
8,15,0,206,0.30959094
8,15,1,23,0.23921286
8,15,2,100,0.13139129
8,15,3,226,0.11287645
8,15,4,209,0.10610189
8,15,5,249,0.10082657
9,15,0,23,0.26645151
9,15,1,100,0.17615263
9,15,2,207,0.17076154
9,15,3,9,0.1530502
9,15,4,206,0.12787217
9,15,5,188,0.10571197
10,15,0,206,0.29511434
10,15,1,23,0.25270018
10,15,2,209,0.18269044
10,15,3,100,0.10936254
10,15,4,249,0.084061198
10,15,5,122,0.076071277
11,15,0,209,0.27749991
11,15,1,23,0.2426991
11,15,2,206,0.1589776
11,15,3,198,0.12272996
11,15,4,100,0.11150286
11,15,5,148,0.086590566
12,15,0,23,0.23822427
12,15,1,148,0.18469903
12,15,2,209,0.17329596
12,15,3,64,0.16532074
12,15,4,100,0.12510671
12,15,5,198,0.1133533
13,15,0,206,0.27617615
13,15,1,23,0.18282978
13,15,2,249,0.17990348
13,15,3,209,0.13583721
13,15,4,100,0.11676162
13,15,5,10,0.10849179
14,15,0,206,0.32705313
14,15,1,249,0.204806
14,15,2,23,0.14488773
14,15,3,165,0.12886818
14,15,4,209,0.097989671
14,15,5,100,0.096395291
15,15,0,23,0.32336831
15,15,1,206,0.19400957
15,15,2,209,0.14562473
15,15,3,122,0.13824464
15,15,4,100,0.13956654
15,15,5,178,0.059186235
16,15,0,209,0.24264307
16,15,1,206,0.17303424
16,15,2,148,0.17264369
16,15,3,69,0.14127782
16,15,4,118,0.14047714
16,15,5,23,0.129924
17,15,0,148,0.22224717
17,15,1,209,0.17013766
17,15,2,23,0.16480947
17,15,3,206,0.16429943
17,15,4,122,0.14499177
17,15,5,100,0.13351452
18,15,0,17,0.39044714
18,15,1,206,0.14197722
18,15,2,209,0.12619607
18,15,3,23,0.11822875
18,15,4,122,0.11283956
18,15,5,189,0.11031127
19,15,0,122,0.20690273
19,15,1,23,0.18179359
19,15,2,17,0.16810462
19,15,3,209,0.15750629
19,15,4,69,0.15290596
19,15,5,206,0.13278678
20,15,0,198,0.27073109
20,15,1,122,0.1729131
20,15,2,23,0.15293857
20,15,3,164,0.13809185
20,15,4,69,0.13356808
20,15,5,118,0.13175727
21,15,0,122,0.20812447
21,15,1,164,0.18524083
21,15,2,23,0.1775946
21,15,3,76,0.18155086
21,15,4,198,0.12923315
21,15,5,165,0.11825603
22,15,0,23,0.29626864
22,15,1,9,0.20152836
22,15,2,100,0.14099193
22,15,3,207,0.14431721
22,15,4,92,0.11397025
22,15,5,27,0.10292362
23,15,0,206,0.27357855
23,15,1,165,0.23435946
23,15,2,23,0.16212979
23,15,3,122,0.1146247
23,15,4,209,0.11040826
23,15,5,100,0.10489929
24,15,0,118,0.23181085
24,15,1,23,0.18298076
24,15,2,122,0.17708482
24,15,3,69,0.14937632
24,15,4,148,0.1358805
24,15,5,154,0.12286671
25,15,0,23,0.34389135
25,15,1,206,0.19632439
25,15,2,100,0.14339451
25,15,3,209,0.13647823
25,15,4,122,0.097123921
25,15,5,18,0.082787573
26,15,0,165,0.25064445
26,15,1,206,0.23066103
26,15,2,122,0.14590667
26,15,3,23,0.14477791
26,15,4,209,0.12055673
26,15,5,145,0.10745323
27,15,0,23,0.21282806
27,15,1,118,0.20312725
27,15,2,64,0.17412104
27,15,3,122,0.14159656
27,15,4,209,0.1358377
27,15,5,134,0.1324894
28,15,0,23,0.34770933
28,15,1,122,0.15209109
28,15,2,76,0.14103888
28,15,3,206,0.13039622
28,15,4,161,0.12007266
28,15,5,145,0.10869182
29,15,0,23,0.38723928
29,15,1,206,0.19032688
29,15,2,100,0.14818601
29,15,3,9,0.11154125
29,15,4,104,0.089695863
29,15,5,226,0.073010728
30,15,0,206,0.27962184
30,15,1,174,0.17162718
30,15,2,23,0.14368622
30,15,3,166,0.14844508
30,15,4,122,0.13318422
30,15,5,100,0.12343544
31,15,0,206,0.214111
31,15,1,166,0.2142655
31,15,2,141,0.2047812
31,15,3,23,0.1485766
31,15,4,174,0.1234935
31,15,5,100,0.094772227
32,15,0,122,0.20580672
32,15,1,123,0.18805745
32,15,2,23,0.17909454
32,15,3,50,0.19298509
32,15,4,166,0.12844037
32,15,5,249,0.10561582
33,15,0,123,0.33647928
33,15,1,23,0.16652019
33,15,2,122,0.14465708
33,15,3,85,0.15939108
33,15,4,175,0.095276915
33,15,5,221,0.097675443
34,15,0,165,0.26789278
34,15,1,123,0.18544562
34,15,2,206,0.16881651
34,15,3,23,0.15412192
34,15,4,166,0.11993267
34,15,5,42,0.10379046
35,15,0,122,0.23474923
35,15,1,82,0.19938381
35,15,2,23,0.18334132
35,15,3,209,0.13627884
35,15,4,123,0.1304999
35,15,5,100,0.11574686
36,15,0,123,0.22603422
36,15,1,23,0.19509919
36,15,2,206,0.16464293
36,15,3,122,0.14558691
36,15,4,165,0.1403458
36,15,5,249,0.12829094
37,15,0,123,0.29083696
37,15,1,122,0.17638649
37,15,2,23,0.17284745
37,15,3,50,0.14121196
37,15,4,126,0.11084147
37,15,5,206,0.10787565
38,15,0,123,0.2641311
38,15,1,122,0.18160753
38,15,2,209,0.16533098
38,15,3,23,0.15668008
38,15,4,110,0.11239911
38,15,5,85,0.11985121
39,15,0,27,0.25687116
39,15,1,9,0.18581995
39,15,2,92,0.1763362
39,15,3,207,0.14548229
39,15,4,5,0.11562168
39,15,5,83,0.11986869
40,15,0,206,0.31685179
40,15,1,23,0.22629058
40,15,2,175,0.1282637
40,15,3,165,0.11571216
40,15,4,100,0.10843226
40,15,5,42,0.10444952
41,15,0,187,0.4266884
41,15,1,206,0.20121688
41,15,2,23,0.097426802
41,15,3,174,0.09680362
41,15,4,166,0.088296644
41,15,5,141,0.089567699
42,15,0,187,0.23905617
42,15,1,206,0.20863454
42,15,2,220,0.17996353
42,15,3,166,0.14132735
42,15,4,175,0.11500736
42,15,5,141,0.11601102
43,15,0,75,0.18898447
43,15,1,50,0.18481614
43,15,2,206,0.17719889
43,15,3,141,0.17819844
43,15,4,122,0.13405958
43,15,5,187,0.13674246
44,15,0,23,0.23281409
44,15,1,206,0.19672029
44,15,2,207,0.1509264
44,15,3,209,0.1384643
44,15,4,100,0.13394712
44,15,5,92,0.14712784
45,15,0,75,0.34013504
45,15,1,206,0.15787874
45,15,2,209,0.14106007
45,15,3,23,0.13001667
45,15,4,107,0.11900415
45,15,5,122,0.11190534
46,15,0,123,0.20744179
46,15,1,107,0.1758799
46,15,2,209,0.1731423
46,15,3,141,0.16041294
46,15,4,206,0.14741488
46,15,5,142,0.13570817
47,15,0,141,0.24770428
47,15,1,209,0.17846398
47,15,2,107,0.16431722
47,15,3,206,0.15402621
47,15,4,122,0.12750348
47,15,5,186,0.12798488
48,15,0,207,0.1947986
48,15,1,188,0.18804088
48,15,2,9,0.18096992
48,15,3,27,0.1772584
48,15,4,100,0.13479051
48,15,5,92,0.12414166
49,15,0,160,0.21366856
49,15,1,206,0.16942133
49,15,2,100,0.16648756
49,15,3,107,0.15423988
49,15,4,90,0.14973946
49,15,5,74,0.14644319
50,15,0,206,0.26919347
50,15,1,130,0.19379658
50,15,2,209,0.14852598
50,15,3,188,0.13729954
50,15,4,107,0.12547927
50,15,5,160,0.12570521
51,15,0,10,0.24385643
51,15,1,206,0.18968451
51,15,2,209,0.18500371
51,15,3,244,0.14999543
51,15,4,130,0.12346585
51,15,5,205,0.10799406
52,15,0,160,0.25136819
52,15,1,100,0.16752656
52,15,2,223,0.15201166
52,15,3,92,0.15887176
52,15,4,214,0.13227083
52,15,5,206,0.13795097
53,15,0,23,0.31182954
53,15,1,206,0.21494141
53,15,2,9,0.18267688
53,15,3,100,0.12099168
53,15,4,188,0.089269139
53,15,5,158,0.080291383
0,16,0,250,0.22583281
0,16,1,165,0.17563161
0,16,2,76,0.16250719
0,16,3,161,0.1506878
0,16,4,205,0.14401361
0,16,5,10,0.14132699
1,16,0,26,0.45043379
1,16,1,255,0.15326858
1,16,2,12,0.14127208
1,16,3,155,0.089391075
1,16,4,81,0.090669937
1,16,5,205,0.074964494
2,16,0,12,0.27014303
2,16,1,154,0.18840191
2,16,2,81,0.14814726
2,16,3,57,0.15123709
2,16,4,69,0.12115241
2,16,5,178,0.12091833
3,16,0,12,0.21921501
3,16,1,119,0.18285766
3,16,2,154,0.17040434
3,16,3,121,0.1518665
3,16,4,209,0.14688893
3,16,5,131,0.12876752
4,16,0,154,0.34364435
4,16,1,234,0.19817354
4,16,2,131,0.18034165
4,16,3,69,0.11900126
4,16,4,12,0.080769025
4,16,5,148,0.078070186
5,16,0,154,0.37003538
5,16,1,131,0.15516832
5,16,2,57,0.16624615
5,16,3,12,0.12765659
5,16,4,26,0.09043996
5,16,5,148,0.090453573
6,16,0,57,0.29700434
6,16,1,154,0.22332658
6,16,2,12,0.1384062
6,16,3,65,0.13563783
6,16,4,205,0.10176923
6,16,5,31,0.10385586
7,16,0,154,0.27449
7,16,1,143,0.21296927
7,16,2,219,0.17172627
7,16,3,240,0.15117268
7,16,4,131,0.09601599
7,16,5,58,0.093625836
8,16,0,154,0.4148722
8,16,1,143,0.15958551
8,16,2,131,0.12072314
8,16,3,110,0.10083739
8,16,4,24,0.10146526
8,16,5,156,0.1025165
9,16,0,57,0.26641199
9,16,1,154,0.2478251
9,16,2,12,0.13894543
9,16,3,131,0.11493737
9,16,4,31,0.12189186
9,16,5,2,0.10998826
10,16,0,154,0.28900772
10,16,1,229,0.23329371
10,16,2,110,0.16471739
10,16,3,131,0.10444725
10,16,4,240,0.10284843
10,16,5,156,0.10568553
11,16,0,154,0.37449455
11,16,1,186,0.17204078
11,16,2,110,0.12285939
11,16,3,21,0.11371885
11,16,4,69,0.1049945
11,16,5,114,0.11189191
12,16,0,154,0.3098222
12,16,1,186,0.16759734
12,16,2,21,0.15653577
12,16,3,114,0.15251054
12,16,4,96,0.13111281
12,16,5,131,0.082421362
13,16,0,154,0.26115525
13,16,1,143,0.19263689
13,16,2,28,0.18321203
13,16,3,156,0.13924412
13,16,4,224,0.11536152
13,16,5,240,0.10839018
14,16,0,154,0.28328809
14,16,1,229,0.18536279
14,16,2,240,0.16482681
14,16,3,48,0.14850096
14,16,4,21,0.11045683
14,16,5,110,0.10756452
15,16,0,154,0.4176611
15,16,1,131,0.1626517
15,16,2,110,0.13162142
15,16,3,106,0.10143303
15,16,4,119,0.10044891
15,16,5,71,0.086183861
16,16,0,249,0.26594418
16,16,1,186,0.18771683
16,16,2,154,0.18263167
16,16,3,21,0.12662198
16,16,4,138,0.11946411
16,16,5,162,0.11762124
17,16,0,154,0.23014873
17,16,1,106,0.19393094
17,16,2,186,0.16780294
17,16,3,21,0.14784236
17,16,4,118,0.13498332
17,16,5,123,0.12529166
18,16,0,154,0.30186698
18,16,1,131,0.1406738
18,16,2,106,0.13703777
18,16,3,120,0.14402542
18,16,4,238,0.14356518
18,16,5,21,0.13283089
19,16,0,154,0.25550514
19,16,1,110,0.20501073
19,16,2,120,0.16342714
19,16,3,186,0.12876655
19,16,4,100,0.12466499
19,16,5,58,0.12262543
20,16,0,154,0.23582648
20,16,1,186,0.16709802
20,16,2,162,0.16057767
20,16,3,13,0.16356795
20,16,4,230,0.138515
20,16,5,249,0.13441493
21,16,0,154,0.23267366
21,16,1,186,0.22341526
21,16,2,110,0.15480508
21,16,3,162,0.13596152
21,16,4,13,0.13213205
21,16,5,123,0.1210124
22,16,0,57,0.28325102
22,16,1,154,0.21608785
22,16,2,65,0.18643402
22,16,3,100,0.11400491
22,16,4,12,0.11165543
22,16,5,205,0.08856675
23,16,0,154,0.23029055
23,16,1,25,0.22766918
23,16,2,229,0.18146771
23,16,3,235,0.13233599
23,16,4,106,0.11368498
23,16,5,131,0.1145516
24,16,0,186,0.23126784
24,16,1,154,0.19966951
24,16,2,13,0.17567801
24,16,3,162,0.15074076
24,16,4,249,0.13433717
24,16,5,106,0.10830671
25,16,0,154,0.30668437
25,16,1,110,0.18495958
25,16,2,57,0.13966596
25,16,3,131,0.12422487
25,16,4,100,0.12769945
25,16,5,71,0.11676581
26,16,0,25,0.34864977
26,16,1,190,0.19955903
26,16,2,154,0.17682067
26,16,3,110,0.10086496
26,16,4,58,0.089378327
26,16,5,100,0.08472722
27,16,0,154,0.22107351
27,16,1,13,0.21453659
27,16,2,186,0.18457772
27,16,3,249,0.13686806
27,16,4,162,0.11906993
27,16,5,25,0.12387419
28,16,0,154,0.27757865
28,16,1,25,0.25293568
28,16,2,110,0.17428598
28,16,3,144,0.10029706
28,16,4,131,0.097265117
28,16,5,3,0.097637467
29,16,0,154,0.27698737
29,16,1,57,0.2034744
29,16,2,241,0.15442908
29,16,3,189,0.14561783
29,16,4,131,0.11310273
29,16,5,100,0.1063886
30,16,0,154,0.20317611
30,16,1,171,0.20836996
30,16,2,110,0.18122496
30,16,3,169,0.14531362
30,16,4,240,0.1290936
30,16,5,219,0.13282172
31,16,0,171,0.29152757
31,16,1,154,0.20084405
31,16,2,69,0.14668058
31,16,3,110,0.13686463
31,16,4,67,0.1110555
31,16,5,229,0.11302771
32,16,0,154,0.26660535
32,16,1,236,0.2326857
32,16,2,48,0.1711195
32,16,3,28,0.15239793
32,16,4,224,0.092141539
32,16,5,68,0.085049972
33,16,0,154,0.26696354
33,16,1,186,0.18377638
33,16,2,68,0.15036611
33,16,3,231,0.14136931
33,16,4,236,0.14142321
33,16,5,234,0.11610142
34,16,0,154,0.31547454
34,16,1,236,0.21602017
34,16,2,219,0.12370243
34,16,3,234,0.11870603
34,16,4,48,0.12279207
34,16,5,100,0.10330475
35,16,0,154,0.25063398
35,16,1,186,0.21560298
35,16,2,231,0.17087975
35,16,3,236,0.12841563
35,16,4,68,0.11648139
35,16,5,190,0.11798628
36,16,0,154,0.32820389
36,16,1,120,0.1884893
36,16,2,236,0.16166209
36,16,3,48,0.13452084
36,16,4,234,0.093492426
36,16,5,100,0.093631491
37,16,0,154,0.24438302
37,16,1,236,0.2461226
37,16,2,48,0.14232124
37,16,3,68,0.12955286
37,16,4,234,0.12383854
37,16,5,231,0.11378174
38,16,0,186,0.23314282
38,16,1,68,0.23448472
38,16,2,154,0.17432636
38,16,3,157,0.12254488
38,16,4,234,0.11724
38,16,5,236,0.1182612
39,16,0,57,0.30108461
39,16,1,65,0.22052571
39,16,2,154,0.12110468
39,16,3,179,0.13704805
39,16,4,12,0.11154699
39,16,5,100,0.10868993
40,16,0,154,0.39143029
40,16,1,46,0.15677705
40,16,2,219,0.13363199
40,16,3,118,0.10966896
40,16,4,100,0.10073087
40,16,5,236,0.1077608
41,16,0,219,0.25627828
41,16,1,169,0.17741875
41,16,2,171,0.16316266
41,16,3,188,0.14998235
41,16,4,154,0.13964418
41,16,5,58,0.1135138
42,16,0,219,0.22242016
42,16,1,171,0.22063503
42,16,2,154,0.15837635
42,16,3,69,0.13322595
42,16,4,67,0.13241801
42,16,5,114,0.1329245
43,16,0,219,0.25120765
43,16,1,28,0.21801116
43,16,2,154,0.18888323
43,16,3,169,0.11697037
43,16,4,67,0.11622541
43,16,5,58,0.10870222
44,16,0,154,0.26889297
44,16,1,57,0.27122965
44,16,2,100,0.13344231
44,16,3,131,0.11266291
44,16,4,12,0.11086221
44,16,5,110,0.10290994
45,16,0,24,0.19101949
45,16,1,67,0.17136332
45,16,2,177,0.16985305
45,16,3,132,0.16742092
45,16,4,222,0.17360839
45,16,5,70,0.12673482
46,16,0,157,0.19632141
46,16,1,231,0.19098075
46,16,2,24,0.17287219
46,16,3,154,0.16388215
46,16,4,70,0.14395833
46,16,5,107,0.13198514
47,16,0,24,0.30100629
47,16,1,177,0.17004697
47,16,2,231,0.1619132
47,16,3,154,0.13807444
47,16,4,67,0.1242502
47,16,5,219,0.10470893
48,16,0,57,0.29019079
48,16,1,12,0.16303138
48,16,2,65,0.1914169
48,16,3,100,0.12799901
48,16,4,154,0.12733389
48,16,5,241,0.10002801
49,16,0,231,0.26341352
49,16,1,154,0.23693101
49,16,2,24,0.1369679
49,16,3,70,0.12932496
49,16,4,157,0.12318803
49,16,5,67,0.11017458
50,16,0,157,0.25381318
50,16,1,67,0.17815481
50,16,2,169,0.15876092
50,16,3,154,0.14709321
50,16,4,28,0.14601238
50,16,5,231,0.11616551
51,16,0,48,0.18749613
51,16,1,169,0.16885002
51,16,2,58,0.16405693
51,16,3,231,0.16290863
51,16,4,154,0.15965021
51,16,5,67,0.15703809
52,16,0,154,0.26498103
52,16,1,231,0.19668585
52,16,2,157,0.16523153
52,16,3,100,0.14697275
52,16,4,30,0.11390729
52,16,5,178,0.11222158
53,16,0,154,0.29991549
53,16,1,57,0.17065725
53,16,2,241,0.16429105
53,16,3,189,0.1680375
53,16,4,12,0.098660812
53,16,5,100,0.09843789
0,17,0,181,0.2166822
0,17,1,22,0.20070955
0,17,2,113,0.18169969
0,17,3,182,0.14581458
0,17,4,68,0.12939939
0,17,5,27,0.12569459
1,17,0,5,0.64617008
1,17,1,236,0.089825191
1,17,2,104,0.077192955
1,17,3,108,0.078144774
1,17,4,61,0.054045402
1,17,5,198,0.054621574
2,17,0,5,0.22338971
2,17,1,195,0.17780536
2,17,2,213,0.16588227
2,17,3,145,0.15007229
2,17,4,228,0.14288536
2,17,5,251,0.13996504
3,17,0,5,0.27613279
3,17,1,140,0.19248447
3,17,2,208,0.16871114
3,17,3,195,0.13146085
3,17,4,166,0.13023505
3,17,5,253,0.10097568
4,17,0,147,0.18347716
4,17,1,166,0.17255001
4,17,2,221,0.16706233
4,17,3,5,0.16083342
4,17,4,140,0.15712745
4,17,5,249,0.15894967
5,17,0,221,0.22053678
5,17,1,5,0.19716007
5,17,2,112,0.18689308
5,17,3,253,0.1314415
5,17,4,68,0.13272862
5,17,5,249,0.13124
6,17,0,231,0.19697753
6,17,1,68,0.16775987
6,17,2,22,0.15513709
6,17,3,5,0.15488009
6,17,4,115,0.17164533
6,17,5,108,0.1536001
7,17,0,16,0.22841179
7,17,1,3,0.18182597
7,17,2,242,0.16586939
7,17,3,5,0.14916003
7,17,4,112,0.14569797
7,17,5,164,0.12903488
8,17,0,112,0.28844675
8,17,1,16,0.19549632
8,17,2,221,0.17396852
8,17,3,22,0.11185805
8,17,4,104,0.11174804
8,17,5,242,0.11848228
9,17,0,68,0.17784089
9,17,1,231,0.18151547
9,17,2,5,0.1654222
9,17,3,108,0.16096602
9,17,4,221,0.14622037
9,17,5,115,0.1680351
10,17,0,138,0.22678977
10,17,1,22,0.17367321
10,17,2,221,0.17896453
10,17,3,112,0.16158889
10,17,4,5,0.13287881
10,17,5,73,0.1261048
11,17,0,138,0.28806528
11,17,1,202,0.24025655
11,17,2,245,0.13911761
11,17,3,112,0.1162992
11,17,4,205,0.10908164
11,17,5,128,0.10717974
12,17,0,204,0.30126318
12,17,1,202,0.23729296
12,17,2,166,0.14642256
12,17,3,245,0.10955153
12,17,4,164,0.10163686
12,17,5,146,0.10383287
13,17,0,221,0.23169643
13,17,1,164,0.21000463
13,17,2,112,0.16955414
13,17,3,220,0.14977519
13,17,4,93,0.12142508
13,17,5,5,0.11754451
14,17,0,215,0.27675384
14,17,1,126,0.1857934
14,17,2,221,0.14492233
14,17,3,3,0.15588689
14,17,4,112,0.12349892
14,17,5,93,0.11314469
15,17,0,221,0.23813571
15,17,1,5,0.17288177
15,17,2,112,0.16808125
15,17,3,249,0.15528744
15,17,4,220,0.13913311
15,17,5,22,0.12648074
16,17,0,138,0.25699052
16,17,1,245,0.18279107
16,17,2,129,0.16015151
16,17,3,215,0.14279941
16,17,4,220,0.12661371
16,17,5,240,0.13065381
17,17,0,177,0.21732341
17,17,1,204,0.20604584
17,17,2,221,0.1673575
17,17,3,129,0.15891285
17,17,4,220,0.12836809
17,17,5,215,0.12199231
18,17,0,234,0.30258468
18,17,1,121,0.14793929
18,17,2,127,0.14919448
18,17,3,112,0.14839181
18,17,4,220,0.13060099
18,17,5,58,0.12128877
19,17,0,234,0.3077043
19,17,1,127,0.17001911
19,17,2,112,0.15534724
19,17,3,164,0.12956174
19,17,4,120,0.12528162
19,17,5,240,0.11208602
20,17,0,164,0.19997023
20,17,1,241,0.18754159
20,17,2,173,0.1884938
20,17,3,245,0.13969868
20,17,4,240,0.14443402
20,17,5,138,0.13986163
21,17,0,112,0.2033454
21,17,1,234,0.19790934
21,17,2,164,0.1548904
21,17,3,204,0.15542257
21,17,4,140,0.14676024
21,17,5,58,0.14167203
22,17,0,231,0.25962332
22,17,1,115,0.21241628
22,17,2,248,0.13699973
22,17,3,137,0.13343629
22,17,4,249,0.13333009
22,17,5,68,0.12419433
23,17,0,126,0.23556954
23,17,1,215,0.19761895
23,17,2,129,0.16749647
23,17,3,112,0.15404938
23,17,4,221,0.14667675
23,17,5,110,0.098588862
24,17,0,129,0.22659813
24,17,1,177,0.19233622
24,17,2,204,0.16439977
24,17,3,83,0.14445105
24,17,4,173,0.1399792
24,17,5,240,0.13223566
25,17,0,112,0.22652756
25,17,1,221,0.18611598
25,17,2,249,0.15903445
25,17,3,137,0.15064555
25,17,4,104,0.13551912
25,17,5,231,0.14215739
26,17,0,129,0.29417637
26,17,1,126,0.21174316
26,17,2,112,0.16330121
26,17,3,86,0.11308073
26,17,4,215,0.11282508
26,17,5,79,0.10487343
27,17,0,21,0.20387343
27,17,1,177,0.17290775
27,17,2,173,0.17551409
27,17,3,129,0.1627685
27,17,4,240,0.1688614
27,17,5,245,0.11607486
28,17,0,177,0.25367951
28,17,1,112,0.25440231
28,17,2,129,0.14843354
28,17,3,249,0.12236515
28,17,4,221,0.1158233
28,17,5,83,0.10529623
29,17,0,221,0.2373983
29,17,1,75,0.18676151
29,17,2,231,0.17282921
29,17,3,71,0.15652384
29,17,4,112,0.12735359
29,17,5,220,0.11913357
30,17,0,112,0.20441671
30,17,1,242,0.18971416
30,17,2,16,0.18730421
30,17,3,163,0.16556658
30,17,4,252,0.12919551
30,17,5,227,0.12380278
31,17,0,112,0.20661311
31,17,1,163,0.19982824
31,17,2,252,0.18689427
31,17,3,86,0.15230525
31,17,4,5,0.1344588
31,17,5,227,0.11990036
32,17,0,74,0.29390535
32,17,1,112,0.23875345
32,17,2,163,0.13860305
32,17,3,5,0.10652643
32,17,4,52,0.11345202
32,17,5,120,0.1087597
33,17,0,74,0.22220872
33,17,1,154,0.16967039
33,17,2,112,0.16352566
33,17,3,52,0.16617848
33,17,4,101,0.15467121
33,17,5,157,0.12374555
34,17,0,112,0.26842374
34,17,1,74,0.16446164
34,17,2,221,0.14844993
34,17,3,51,0.14362922
34,17,4,58,0.13376176
34,17,5,157,0.14127368
35,17,0,83,0.33929497
35,17,1,177,0.18269199
35,17,2,154,0.14256953
35,17,3,112,0.12813443
35,17,4,157,0.1134029
35,17,5,129,0.093906127
36,17,0,112,0.2599296
36,17,1,126,0.18559025
36,17,2,86,0.14285511
36,17,3,221,0.14299081
36,17,4,58,0.1378772
36,17,5,65,0.13075709
37,17,0,127,0.23903713
37,17,1,129,0.21527839
37,17,2,74,0.15170518
37,17,3,86,0.13854524
37,17,4,126,0.13607822
37,17,5,106,0.11935581
38,17,0,177,0.33443552
38,17,1,154,0.173271
38,17,2,129,0.16729952
38,17,3,86,0.13326482
38,17,4,112,0.10072766
38,17,5,181,0.091001466
39,17,0,115,0.26830125
39,17,1,231,0.22043397
39,17,2,5,0.14947216
39,17,3,68,0.12385069
39,17,4,110,0.11844598
39,17,5,137,0.11949595
40,17,0,221,0.22022712
40,17,1,112,0.20750195
40,17,2,71,0.19599812
40,17,3,12,0.13244572
40,17,4,220,0.12131472
40,17,5,65,0.12251236
41,17,0,242,0.25405884
41,17,1,126,0.17066012
41,17,2,129,0.14420421
41,17,3,227,0.14473316
41,17,4,86,0.14490567
41,17,5,89,0.14143799
42,17,0,242,0.21600682
42,17,1,112,0.17016117
42,17,2,32,0.15963867
42,17,3,86,0.15709917
42,17,4,203,0.15379173
42,17,5,5,0.14330246
43,17,0,106,0.22042975
43,17,1,74,0.19215718
43,17,2,127,0.18304947
43,17,3,86,0.13986726
43,17,4,163,0.1309101
43,17,5,242,0.13358626
44,17,0,115,0.25515255
44,17,1,5,0.19236162
44,17,2,166,0.16930042
44,17,3,249,0.13846274
44,17,4,195,0.12366545
44,17,5,221,0.12105723
45,17,0,50,0.21373209
45,17,1,109,0.20283681
45,17,2,96,0.17595655
45,17,3,139,0.15217888
45,17,4,74,0.12775993
45,17,5,101,0.1275357
46,17,0,109,0.23326196
46,17,1,164,0.1915824
46,17,2,138,0.18419981
46,17,3,52,0.1596459
46,17,4,101,0.14060684
46,17,5,74,0.09070313
47,17,0,50,0.23480521
47,17,1,101,0.18978804
47,17,2,109,0.16214785
47,17,3,52,0.16662849
47,17,4,86,0.12813279
47,17,5,171,0.11849759
48,17,0,115,0.25285807
48,17,1,231,0.21857566
48,17,2,75,0.16357031
48,17,3,5,0.14209595
48,17,4,68,0.11761338
48,17,5,222,0.10528666
49,17,0,109,0.19514091
49,17,1,52,0.19408542
49,17,2,101,0.18461323
49,17,3,140,0.1558902
49,17,4,5,0.14856701
49,17,5,137,0.12170319
50,17,0,215,0.21335526
50,17,1,177,0.20371012
50,17,2,86,0.18646929
50,17,3,109,0.15942517
50,17,4,58,0.11485537
50,17,5,157,0.12218479
51,17,0,100,0.3242842
51,17,1,215,0.19206622
51,17,2,86,0.17202514
51,17,3,109,0.11391637
51,17,4,137,0.099924386
51,17,5,212,0.097783685
52,17,0,177,0.41761097
52,17,1,86,0.16162018
52,17,2,24,0.11190943
52,17,3,112,0.1103491
52,17,4,65,0.10297941
52,17,5,200,0.095530882
53,17,0,75,0.23838827
53,17,1,110,0.16444884
53,17,2,221,0.15527976
53,17,3,12,0.15078707
53,17,4,66,0.15564032
53,17,5,71,0.13545573
0,18,0,83,0.22902192
0,18,1,186,0.1853022
0,18,2,74,0.17656465
0,18,3,152,0.17299804
0,18,4,193,0.12166157
0,18,5,99,0.11445168
1,18,0,50,0.34104544
1,18,1,103,0.17869385
1,18,2,183,0.15599336
1,18,3,130,0.11070795
1,18,4,198,0.11070174
1,18,5,206,0.10285763
2,18,0,50,0.26824322
2,18,1,206,0.18484734
2,18,2,75,0.14191721
2,18,3,186,0.14298344
2,18,4,20,0.13361824
2,18,5,137,0.12839052
3,18,0,50,0.21627849
3,18,1,75,0.18936163
3,18,2,241,0.16016832
3,18,3,137,0.14981918
3,18,4,134,0.14753312
3,18,5,177,0.13683926
4,18,0,75,0.29116833
4,18,1,229,0.20211382
4,18,2,241,0.14365184
4,18,3,162,0.13834159
4,18,4,156,0.11486029
4,18,5,93,0.10986412
5,18,0,75,0.28400141
5,18,1,34,0.1854711
5,18,2,229,0.14802592
5,18,3,241,0.13003299
5,18,4,50,0.13563997
5,18,5,151,0.11682865
6,18,0,50,0.29023907
6,18,1,75,0.20373845
6,18,2,183,0.1442975
6,18,3,34,0.12426288
6,18,4,177,0.12157581
6,18,5,208,0.11588632
7,18,0,75,0.21917404
7,18,1,167,0.18035688
7,18,2,34,0.15455198
7,18,3,107,0.15483902
7,18,4,161,0.1493091
7,18,5,90,0.14176896
8,18,0,75,0.25109115
8,18,1,161,0.16577508
8,18,2,89,0.15153466
8,18,3,107,0.15202287
8,18,4,241,0.1455639
8,18,5,34,0.13401239
9,18,0,75,0.23372109
9,18,1,34,0.17335087
9,18,2,177,0.16417421
9,18,3,50,0.15893504
9,18,4,36,0.13815473
9,18,5,137,0.13166408
10,18,0,75,0.23061264
10,18,1,89,0.18756685
10,18,2,34,0.14764661
10,18,3,115,0.1453432
10,18,4,250,0.1484381
10,18,5,161,0.14039265
11,18,0,241,0.33125386
11,18,1,115,0.20058198
11,18,2,75,0.13294111
11,18,3,237,0.12414037
11,18,4,89,0.11264374
11,18,5,216,0.098438963
12,18,0,241,0.20346346
12,18,1,237,0.18754815
12,18,2,115,0.18404281
12,18,3,60,0.16815074
12,18,4,89,0.13866693
12,18,5,75,0.11812789
13,18,0,68,0.23436554
13,18,1,161,0.18499772
13,18,2,119,0.16772883
13,18,3,89,0.14524749
13,18,4,229,0.14036292
13,18,5,75,0.12729752
14,18,0,119,0.27560312
14,18,1,89,0.16401272
14,18,2,34,0.15790212
14,18,3,151,0.14399104
14,18,4,167,0.13764326
14,18,5,75,0.12084778
15,18,0,75,0.19753301
15,18,1,229,0.19864638
15,18,2,89,0.17975481
15,18,3,119,0.1656808
15,18,4,34,0.13481651
15,18,5,225,0.1235685
16,18,0,115,0.22166626
16,18,1,241,0.21459779
16,18,2,119,0.2127139
16,18,3,37,0.12855579
16,18,4,34,0.112369
16,18,5,216,0.11009721
17,18,0,119,0.19606508
17,18,1,115,0.19295323
17,18,2,237,0.17296831
17,18,3,60,0.17107068
17,18,4,34,0.13628425
17,18,5,176,0.13065843
18,18,0,151,0.23313105
18,18,1,116,0.19119057
18,18,2,237,0.17727087
18,18,3,34,0.1630519
18,18,4,115,0.11890419
18,18,5,161,0.11645145
19,18,0,34,0.18834758
19,18,1,116,0.19211611
19,18,2,88,0.18081528
19,18,3,119,0.17310965
19,18,4,89,0.15491979
19,18,5,33,0.11069163
20,18,0,241,0.30863938
20,18,1,89,0.15851523
20,18,2,38,0.16694073
20,18,3,116,0.12830377
20,18,4,26,0.12695965
20,18,5,169,0.11064127
21,18,0,115,0.19419491
21,18,1,116,0.18292163
21,18,2,26,0.18070611
21,18,3,34,0.16430826
21,18,4,89,0.14712198
21,18,5,241,0.13074712
22,18,0,75,0.21503471
22,18,1,50,0.17837326
22,18,2,34,0.17054518
22,18,3,137,0.14595638
22,18,4,173,0.15560859
22,18,5,183,0.13448189
23,18,0,119,0.26186705
23,18,1,167,0.16498238
23,18,2,34,0.15268858
23,18,3,89,0.14706299
23,18,4,116,0.14602791
23,18,5,75,0.1273711
24,18,0,116,0.21645142
24,18,1,241,0.18415011
24,18,2,89,0.18074419
24,18,3,26,0.1713243
24,18,4,119,0.12493368
24,18,5,115,0.12239629
25,18,0,75,0.28717244
25,18,1,89,0.16269042
25,18,2,34,0.15489814
25,18,3,154,0.13050632
25,18,4,225,0.13254441
25,18,5,229,0.13218829
26,18,0,119,0.26815504
26,18,1,167,0.17933108
26,18,2,34,0.17235018
26,18,3,116,0.14995337
26,18,4,89,0.12601712
26,18,5,75,0.10419321
27,18,0,241,0.29689553
27,18,1,116,0.16966014
27,18,2,89,0.15069743
27,18,3,242,0.14329226
27,18,4,119,0.12493405
27,18,5,115,0.1145206
28,18,0,34,0.20799427
28,18,1,75,0.16942202
28,18,2,116,0.16648874
28,18,3,241,0.15432906
28,18,4,89,0.14982697
28,18,5,119,0.15193895
29,18,0,75,0.27119753
29,18,1,34,0.17852826
29,18,2,89,0.15325621
29,18,3,36,0.14422552
29,18,4,93,0.12187375
29,18,5,143,0.13091877
30,18,0,233,0.29806182
30,18,1,89,0.16684486
30,18,2,238,0.16863896
30,18,3,34,0.14635542
30,18,4,161,0.12180624
30,18,5,241,0.098292664
31,18,0,233,0.26490992
31,18,1,89,0.18483424
31,18,2,176,0.18207031
31,18,3,237,0.12321971
31,18,4,238,0.12696558
31,18,5,84,0.11800023
32,18,0,107,0.27381745
32,18,1,215,0.16726911
32,18,2,119,0.1665671
32,18,3,89,0.13212208
32,18,4,98,0.13313991
32,18,5,161,0.12708431
33,18,0,107,0.27746198
33,18,1,26,0.19264339
33,18,2,89,0.15133137
33,18,3,119,0.13585493
33,18,4,201,0.12822273
33,18,5,241,0.11448559
34,18,0,89,0.21401908
34,18,1,107,0.19162443
34,18,2,98,0.17981979
34,18,3,157,0.15302461
34,18,4,161,0.13919978
34,18,5,75,0.12231231
35,18,0,107,0.38904044
35,18,1,119,0.16904981
35,18,2,34,0.11820516
35,18,3,241,0.11712218
35,18,4,132,0.1043769
35,18,5,89,0.1022055
36,18,0,135,0.20216215
36,18,1,89,0.1899215
36,18,2,107,0.16896458
36,18,3,34,0.14986214
36,18,4,161,0.15143983
36,18,5,119,0.13764982
37,18,0,107,0.2810021
37,18,1,89,0.18231459
37,18,2,215,0.17123143
37,18,3,113,0.133407
37,18,4,34,0.12009444
37,18,5,147,0.1119504
38,18,0,107,0.2910392
38,18,1,89,0.19230144
38,18,2,241,0.157592
38,18,3,113,0.12537748
38,18,4,87,0.1207303
38,18,5,75,0.11295956
39,18,0,50,0.23635031
39,18,1,173,0.1897321
39,18,2,183,0.1627458
39,18,3,34,0.14258745
39,18,4,177,0.1275066
39,18,5,166,0.14107771
40,18,0,75,0.20326993
40,18,1,143,0.21319345
40,18,2,34,0.19459432
40,18,3,89,0.16557273
40,18,4,93,0.11055617
40,18,5,233,0.1128134
41,18,0,145,0.35060182
41,18,1,233,0.19281438
41,18,2,89,0.13903926
41,18,3,98,0.11761452
41,18,4,34,0.099669449
41,18,5,161,0.10026062
42,18,0,233,0.28253943
42,18,1,145,0.22499266
42,18,2,89,0.1646218
42,18,3,237,0.12606329
42,18,4,161,0.10927568
42,18,5,75,0.092507169
43,18,0,68,0.21846795
43,18,1,119,0.1877878
43,18,2,145,0.18146856
43,18,3,238,0.15168586
43,18,4,89,0.13090301
43,18,5,215,0.12968679
44,18,0,75,0.25067875
44,18,1,50,0.20637871
44,18,2,89,0.14638701
44,18,3,34,0.13778692
44,18,4,177,0.12668946
44,18,5,229,0.13207914
45,18,0,167,0.2605764
45,18,1,119,0.19042939
45,18,2,250,0.16308711
45,18,3,37,0.13910487
45,18,4,82,0.1288228
45,18,5,89,0.11797947
46,18,0,37,0.33646923
46,18,1,201,0.20998546
46,18,2,82,0.13198538
46,18,3,119,0.11748964
46,18,4,31,0.10283466
46,18,5,89,0.10123565
47,18,0,119,0.26329353
47,18,1,237,0.20229197
47,18,2,167,0.15065303
47,18,3,37,0.1477029
47,18,4,201,0.1188122
47,18,5,238,0.11724634
48,18,0,173,0.22497505
48,18,1,177,0.17398153
48,18,2,50,0.17760773
48,18,3,183,0.15685587
48,18,4,72,0.14578915
48,18,5,209,0.12079064
49,18,0,176,0.23891868
49,18,1,237,0.2316197
49,18,2,201,0.17876117
49,18,3,119,0.14888698
49,18,4,89,0.10322826
49,18,5,60,0.098585211
50,18,0,119,0.26938787
50,18,1,151,0.18678091
50,18,2,201,0.17330906
50,18,3,89,0.16021685
50,18,4,116,0.10701142
50,18,5,82,0.10329387
51,18,0,119,0.35113999
51,18,1,89,0.16387823
51,18,2,82,0.13171872
51,18,3,151,0.1188457
51,18,4,30,0.11612435
51,18,5,217,0.11829295
52,18,0,151,0.21850438
52,18,1,201,0.17298988
52,18,2,89,0.15395121
52,18,3,45,0.19009753
52,18,4,34,0.13149035
52,18,5,237,0.13296665
53,18,0,75,0.19495392
53,18,1,34,0.17647535
53,18,2,2,0.18774262
53,18,3,143,0.16795355
53,18,4,36,0.14535391
53,18,5,216,0.12752062
0,19,0,236,0.40878722
0,19,1,57,0.14671896
0,19,2,110,0.12582827
0,19,3,77,0.1133104
0,19,4,131,0.10419455
0,19,5,31,0.1011606
1,19,0,158,0.24995312
1,19,1,246,0.19138005
1,19,2,233,0.16844651
1,19,3,251,0.16454741
1,19,4,153,0.12602521
1,19,5,60,0.099647649
2,19,0,158,0.21682853
2,19,1,247,0.20239294
2,19,2,216,0.21162383
2,19,3,238,0.17283361
2,19,4,153,0.10740463
2,19,5,86,0.088916488
3,19,0,233,0.35353494
3,19,1,19,0.18312293
3,19,2,254,0.12658899
3,19,3,222,0.12172311
3,19,4,158,0.11049019
3,19,5,182,0.10453986
4,19,0,254,0.35379463
4,19,1,212,0.32721728
4,19,2,233,0.10626483
4,19,3,134,0.077866428
4,19,4,182,0.069690578
4,19,5,70,0.065166213
5,19,0,22,0.34694517
5,19,1,174,0.19465555
5,19,2,70,0.13731091
5,19,3,48,0.10970336
5,19,4,158,0.10819667
5,19,5,93,0.10318834
6,19,0,224,0.25789425
6,19,1,107,0.1908264
6,19,2,60,0.18829288
6,19,3,46,0.12916724
6,19,4,228,0.11969036
6,19,5,117,0.11412887
7,19,0,228,0.29574725
7,19,1,123,0.26604804
7,19,2,158,0.15039755
7,19,3,53,0.10376222
7,19,4,73,0.094208635
7,19,5,215,0.089836299
8,19,0,25,0.31162775
8,19,1,215,0.22142854
8,19,2,36,0.20376375
8,19,3,46,0.1085728
8,19,4,113,0.088268958
8,19,5,183,0.066338181
9,19,0,107,0.26260599
9,19,1,60,0.19099739
9,19,2,46,0.13954578
9,19,3,70,0.13088326
9,19,4,103,0.17426834
9,19,5,201,0.10169924
10,19,0,215,0.33564344
10,19,1,228,0.16330707
10,19,2,46,0.13510209
10,19,3,158,0.13151197
10,19,4,123,0.11901727
10,19,5,53,0.11541814
11,19,0,170,0.35864237
11,19,1,233,0.21626604
11,19,2,158,0.13443273
11,19,3,13,0.1043261
11,19,4,5,0.095563889
11,19,5,172,0.090768859
12,19,0,160,0.39217904
12,19,1,222,0.15274362
12,19,2,139,0.13410565
12,19,3,5,0.1230663
12,19,4,96,0.099310197
12,19,5,212,0.098595172
13,19,0,45,0.2271352
13,19,1,22,0.17737077
13,19,2,46,0.16041735
13,19,3,38,0.15329401
13,19,4,107,0.15674236
13,19,5,113,0.12504031
14,19,0,46,0.29783696
14,19,1,45,0.17390421
14,19,2,174,0.1549876
14,19,3,93,0.13320617
14,19,4,22,0.13278915
14,19,5,25,0.10727587
15,19,0,93,0.21481492
15,19,1,46,0.18488479
15,19,2,107,0.18264256
15,19,3,216,0.16480368
15,19,4,247,0.13621219
15,19,5,22,0.11664192
16,19,0,172,0.31634921
16,19,1,170,0.28671959
16,19,2,158,0.12088493
16,19,3,254,0.10989472
16,19,4,233,0.085096598
16,19,5,29,0.081054933
17,19,0,134,0.41166562
17,19,1,254,0.2033755
17,19,2,5,0.11903729
17,19,3,212,0.098606341
17,19,4,35,0.085933015
17,19,5,46,0.081382215
18,19,0,97,0.28199652
18,19,1,46,0.19790672
18,19,2,254,0.17811564
18,19,3,174,0.14087309
18,19,4,38,0.12597294
18,19,5,133,0.075135119
19,19,0,86,0.40273735
19,19,1,46,0.17768677
19,19,2,254,0.12962925
19,19,3,247,0.10940815
19,19,4,196,0.10501605
19,19,5,216,0.075522445
20,19,0,212,0.20805277
20,19,1,124,0.20496367
20,19,2,172,0.19832793
20,19,3,5,0.1627876
20,19,4,15,0.13856336
20,19,5,254,0.087304719
21,19,0,212,0.39668503
21,19,1,15,0.15148158
21,19,2,182,0.14308743
21,19,3,5,0.12362023
21,19,4,254,0.10054599
21,19,5,219,0.084579721
22,19,0,203,0.25383621
22,19,1,107,0.22160774
22,19,2,46,0.17579718
22,19,3,211,0.13249323
22,19,4,30,0.10850122
22,19,5,60,0.10776439
23,19,0,154,0.28749204
23,19,1,98,0.23564295
23,19,2,46,0.19952786
23,19,3,9,0.12448212
23,19,4,215,0.088719234
23,19,5,243,0.064135805
24,19,0,254,0.22635095
24,19,1,15,0.22647783
24,19,2,212,0.18721865
24,19,3,5,0.15400688
24,19,4,28,0.10782865
24,19,5,172,0.098117083
25,19,0,203,0.28678578
25,19,1,9,0.16943319
25,19,2,46,0.15477516
25,19,3,107,0.15837137
25,19,4,211,0.13707317
25,19,5,30,0.093561336
26,19,0,154,0.23546422
26,19,1,29,0.19478649
26,19,2,46,0.18024419
26,19,3,98,0.18486245
26,19,4,185,0.11822883
26,19,5,30,0.086413845
27,19,0,254,0.32027027
27,19,1,13,0.21616644
27,19,2,222,0.14962026
27,19,3,182,0.12670162
27,19,4,228,0.095960252
27,19,5,113,0.091281168
28,19,0,212,0.25323123
28,19,1,182,0.25214294
28,19,2,254,0.24473369
28,19,3,134,0.090632237
28,19,4,46,0.080872536
28,19,5,148,0.078387372
29,19,0,107,0.27973232
29,19,1,103,0.26339674
29,19,2,46,0.15618889
29,19,3,201,0.12101851
29,19,4,70,0.10385552
29,19,5,60,0.075808004
30,19,0,102,0.33141881
30,19,1,8,0.25728104
30,19,2,46,0.20488144
30,19,3,149,0.082426347
30,19,4,223,0.065298282
30,19,5,243,0.058694072
31,19,0,251,0.23377527
31,19,1,253,0.20151339
31,19,2,222,0.16920996
31,19,3,238,0.15884985
31,19,4,46,0.12994571
31,19,5,217,0.10670581
32,19,0,22,0.31405243
32,19,1,123,0.26165849
32,19,2,46,0.16958326
32,19,3,252,0.11644309
32,19,4,169,0.07970795
32,19,5,113,0.058554791
33,19,0,39,0.32001284
33,19,1,212,0.22261472
33,19,2,251,0.13199548
33,19,3,83,0.11552942
33,19,4,254,0.10813866
33,19,5,25,0.10170888
34,19,0,30,0.36421862
34,19,1,154,0.24421144
34,19,2,107,0.10969342
34,19,3,9,0.11195215
34,19,4,57,0.091268145
34,19,5,46,0.078656211
35,19,0,43,0.21815188
35,19,1,83,0.190043
35,19,2,212,0.1650673
35,19,3,25,0.15689836
35,19,4,158,0.14766292
35,19,5,254,0.12217652
36,19,0,74,0.26248968
36,19,1,9,0.19179131
36,19,2,154,0.17862716
36,19,3,46,0.13873377
36,19,4,38,0.11847942
36,19,5,107,0.10987867
37,19,0,123,0.26091701
37,19,1,29,0.22952205
37,19,2,22,0.22530396
37,19,3,46,0.14523488
37,19,4,113,0.080405928
37,19,5,174,0.058616154
38,19,0,254,0.26964879
38,19,1,212,0.23337089
38,19,2,83,0.19151029
38,19,3,251,0.17107202
38,19,4,36,0.069852181
38,19,5,29,0.064545855
39,19,0,60,0.24604821
39,19,1,203,0.21254055
39,19,2,107,0.17542104
39,19,3,181,0.14466882
39,19,4,10,0.11346284
39,19,5,117,0.10785849
40,19,0,154,0.25710756
40,19,1,30,0.2326314
40,19,2,107,0.17424667
40,19,3,9,0.15642034
40,19,4,46,0.11477354
40,19,5,223,0.064820535
41,19,0,102,0.25320444
41,19,1,8,0.23623191
41,19,2,29,0.155239
41,19,3,46,0.14047907
41,19,4,52,0.12841679
41,19,5,154,0.086428799
42,19,0,238,0.252911
42,19,1,102,0.19445419
42,19,2,46,0.16518633
42,19,3,8,0.16135539
42,19,4,52,0.1556648
42,19,5,149,0.070428267
43,19,0,34,0.41948158
43,19,1,46,0.24053022
43,19,2,22,0.1631078
43,19,3,52,0.064999588
43,19,4,107,0.059380438
43,19,5,138,0.052500367
44,19,0,224,0.33435187
44,19,1,34,0.25255638
44,19,2,46,0.1368333
44,19,3,107,0.11412308
44,19,4,159,0.087559648
44,19,5,254,0.074575715
45,19,0,98,0.23936985
45,19,1,13,0.21680896
45,19,2,215,0.18272309
45,19,3,46,0.13409518
45,19,4,34,0.11541218
45,19,5,144,0.11159075
46,19,0,158,0.22768655
46,19,1,170,0.22400475
46,19,2,253,0.19320093
46,19,3,46,0.14666946
46,19,4,247,0.10483934
46,19,5,45,0.10359901
47,19,0,25,0.33001465
47,19,1,134,0.26125765
47,19,2,247,0.16612032
47,19,3,46,0.090849817
47,19,4,160,0.087389737
47,19,5,10,0.064367801
48,19,0,60,0.24282333
48,19,1,107,0.21874121
48,19,2,46,0.17051946
48,19,3,216,0.16798919
48,19,4,25,0.10652498
48,19,5,201,0.093401834
49,19,0,134,0.24114728
49,19,1,97,0.22794038
49,19,2,253,0.16264746
49,19,3,157,0.14288293
49,19,4,139,0.1327817
49,19,5,212,0.092600286
50,19,0,158,0.39930561
50,19,1,170,0.21161018
50,19,2,247,0.11274519
50,19,3,46,0.10004301
50,19,4,139,0.094524145
50,19,5,254,0.081771858
51,19,0,203,0.25544375
51,19,1,220,0.22943369
51,19,2,93,0.16728926
51,19,3,158,0.12863554
51,19,4,133,0.11739533
51,19,5,46,0.10180247
52,19,0,252,0.28620654
52,19,1,159,0.20110434
52,19,2,46,0.1688339
52,19,3,97,0.15198979
52,19,4,254,0.10028587
52,19,5,124,0.091579542
53,19,0,107,0.25336879
53,19,1,103,0.24115193
53,19,2,46,0.17404564
53,19,3,201,0.15009731
53,19,4,60,0.10171346
53,19,5,16,0.07962285
0,20,0,86,0.72255343
0,20,1,63,0.083648778
0,20,2,109,0.049337991
0,20,3,244,0.047724351
0,20,4,246,0.047312863
0,20,5,113,0.049422607
1,20,0,171,0.20140862
1,20,1,191,0.18000737
1,20,2,219,0.1786323
1,20,3,130,0.17633015
1,20,4,234,0.1492573
1,20,5,128,0.11436427
2,20,0,171,0.1972001
2,20,1,128,0.19177563
2,20,2,219,0.16676602
2,20,3,200,0.15300091
2,20,4,151,0.1414337
2,20,5,137,0.14982365
3,20,0,128,0.26724619
3,20,1,95,0.16565938
3,20,2,219,0.15311937
3,20,3,58,0.14980754
3,20,4,200,0.13468343
3,20,5,151,0.12948413
4,20,0,128,0.36480123
4,20,1,151,0.15245885
4,20,2,95,0.13765484
4,20,3,200,0.1281748
4,20,4,11,0.11250369
4,20,5,126,0.10440659
5,20,0,128,0.33502841
5,20,1,96,0.27418408
5,20,2,112,0.11745171
5,20,3,219,0.10142969
5,20,4,151,0.087132975
5,20,5,12,0.084773146
6,20,0,128,0.32872951
6,20,1,219,0.22889164
6,20,2,218,0.15162066
6,20,3,129,0.12097715
6,20,4,171,0.085052632
6,20,5,71,0.084728412
7,20,0,128,0.29187191
7,20,1,22,0.25539249
7,20,2,129,0.15577835
7,20,3,151,0.11477109
7,20,4,112,0.10072857
7,20,5,219,0.081457585
8,20,0,128,0.39283887
8,20,1,112,0.15117848
8,20,2,151,0.13541967
8,20,3,11,0.13437091
8,20,4,247,0.097784221
8,20,5,116,0.088407896
9,20,0,128,0.31701052
9,20,1,219,0.20485005
9,20,2,69,0.16518247
9,20,3,53,0.11332457
9,20,4,187,0.098796546
9,20,5,218,0.10083582
10,20,0,128,0.30778882
10,20,1,11,0.19692253
10,20,2,112,0.16057797
10,20,3,229,0.12901215
10,20,4,151,0.10451026
10,20,5,22,0.10118829
11,20,0,128,0.28272703
11,20,1,229,0.1905396
11,20,2,112,0.17603771
11,20,3,11,0.1550509
11,20,4,95,0.11723255
11,20,5,234,0.078412235
12,20,0,128,0.3429459
12,20,1,11,0.17550324
12,20,2,112,0.15252483
12,20,3,202,0.11346494
12,20,4,242,0.11051349
12,20,5,182,0.10504758
13,20,0,96,0.31542382
13,20,1,128,0.22880976
13,20,2,112,0.20942511
13,20,3,38,0.0908117
13,20,4,151,0.076810107
13,20,5,186,0.078719482
14,20,0,128,0.25402778
14,20,1,112,0.24258037
14,20,2,96,0.19655043
14,20,3,172,0.11345992
14,20,4,151,0.091020845
14,20,5,164,0.10236064
15,20,0,128,0.29399386
15,20,1,129,0.1759486
15,20,2,112,0.15361999
15,20,3,164,0.16481403
15,20,4,151,0.11227607
15,20,5,172,0.099347495
16,20,0,128,0.2626079
16,20,1,229,0.24429245
16,20,2,112,0.20324238
16,20,3,172,0.10094412
16,20,4,224,0.094663285
16,20,5,174,0.094249882
17,20,0,128,0.28395101
17,20,1,112,0.20429911
17,20,2,116,0.15245172
17,20,3,91,0.13754575
17,20,4,4,0.12390588
17,20,5,172,0.097846515
18,20,0,4,0.22111732
18,20,1,128,0.2194252
18,20,2,85,0.15235457
18,20,3,112,0.14498603
18,20,4,186,0.14319476
18,20,5,29,0.11892214
19,20,0,128,0.26833016
19,20,1,85,0.18755928
19,20,2,112,0.17508735
19,20,3,0,0.16209814
19,20,4,197,0.11337566
19,20,5,172,0.093549415
20,20,0,128,0.3100557
20,20,1,48,0.26582617
20,20,2,202,0.18239672
20,20,3,70,0.088886663
20,20,4,95,0.078407817
20,20,5,112,0.074426904
21,20,0,128,0.31438893
21,20,1,116,0.15424612
21,20,2,202,0.15543474
21,20,3,112,0.15310727
21,20,4,243,0.14118491
21,20,5,172,0.081638001
22,20,0,128,0.27455279
22,20,1,220,0.20084594
22,20,2,219,0.16284104
22,20,3,50,0.12203711
22,20,4,223,0.13667195
22,20,5,112,0.10305118
23,20,0,128,0.28627598
23,20,1,112,0.19443831
23,20,2,206,0.14557315
23,20,3,223,0.15150002
23,20,4,172,0.10859676
23,20,5,204,0.11361576
24,20,0,128,0.31700665
24,20,1,202,0.22655191
24,20,2,112,0.16332136
24,20,3,172,0.12405076
24,20,4,243,0.095014594
24,20,5,215,0.074054785
25,20,0,128,0.22406919
25,20,1,223,0.21074525
25,20,2,50,0.18137783
25,20,3,220,0.14879651
25,20,4,112,0.14395759
25,20,5,172,0.091053665
26,20,0,128,0.29742578
26,20,1,112,0.23370962
26,20,2,50,0.15310317
26,20,3,172,0.11426054
26,20,4,85,0.11409239
26,20,5,205,0.087408535
27,20,0,128,0.31298423
27,20,1,48,0.2147532
27,20,2,202,0.14308691
27,20,3,241,0.12683024
27,20,4,229,0.11089978
27,20,5,172,0.091445625
28,20,0,116,0.30792272
28,20,1,128,0.30565116
28,20,2,112,0.12212383
28,20,3,124,0.096561529
28,20,4,172,0.089445822
28,20,5,215,0.078294992
29,20,0,128,0.31675172
29,20,1,69,0.23167427
29,20,2,53,0.14310968
29,20,3,172,0.11313243
29,20,4,219,0.11253417
29,20,5,171,0.082797758
30,20,0,74,0.25237855
30,20,1,128,0.24257933
30,20,2,199,0.20550217
30,20,3,145,0.11205595
30,20,4,172,0.10317915
30,20,5,151,0.084304892
31,20,0,128,0.27404344
31,20,1,74,0.19204159
31,20,2,145,0.14611071
31,20,3,112,0.12524481
31,20,4,166,0.14064829
31,20,5,247,0.12191118
32,20,0,112,0.24510378
32,20,1,96,0.24533966
32,20,2,128,0.22744229
32,20,3,172,0.11319674
32,20,4,8,0.086295955
32,20,5,74,0.082621567
33,20,0,112,0.26938277
33,20,1,128,0.24750617
33,20,2,247,0.19004256
33,20,3,16,0.12980293
33,20,4,172,0.082930982
33,20,5,59,0.080334581
34,20,0,205,0.26445225
34,20,1,112,0.26240063
34,20,2,128,0.25259805
34,20,3,172,0.087840922
34,20,4,120,0.066110037
34,20,5,171,0.066598095
35,20,0,112,0.23598696
35,20,1,247,0.23184296
35,20,2,128,0.22177711
35,20,3,116,0.14315701
35,20,4,172,0.10133699
35,20,5,215,0.065898947
36,20,0,112,0.25103682
36,20,1,128,0.22265609
36,20,2,164,0.17550796
36,20,3,88,0.14215404
36,20,4,60,0.11007325
36,20,5,172,0.098571867
37,20,0,112,0.31396988
37,20,1,128,0.23675424
37,20,2,96,0.16051099
37,20,3,164,0.10973207
37,20,4,60,0.092436984
37,20,5,172,0.086595826
38,20,0,116,0.22724307
38,20,1,128,0.2117369
38,20,2,112,0.19100671
38,20,3,247,0.18606488
38,20,4,202,0.096057415
38,20,5,172,0.087891005
39,20,0,219,0.26035944
39,20,1,220,0.22624663
39,20,2,218,0.1938412
39,20,3,146,0.13899437
39,20,4,109,0.090617955
39,20,5,205,0.089940384
40,20,0,98,0.26765707
40,20,1,128,0.21638764
40,20,2,92,0.15604755
40,20,3,112,0.14629336
40,20,4,173,0.11144542
40,20,5,205,0.10216892
41,20,0,74,0.30636984
41,20,1,128,0.20793335
41,20,2,112,0.13158977
41,20,3,199,0.13438077
41,20,4,145,0.11661158
41,20,5,172,0.10311469
42,20,0,74,0.29870722
42,20,1,128,0.19625276
42,20,2,112,0.17675903
42,20,3,172,0.11855757
42,20,4,251,0.12143886
42,20,5,31,0.088284515
43,20,0,96,0.25889701
43,20,1,112,0.23670733
43,20,2,128,0.16491748
43,20,3,145,0.15240386
43,20,4,74,0.10121232
43,20,5,172,0.085861996
44,20,0,129,0.26811022
44,20,1,128,0.21856265
44,20,2,174,0.13788053
44,20,3,74,0.13232902
44,20,4,38,0.12912883
44,20,5,172,0.11398873
45,20,0,73,0.24449304
45,20,1,251,0.20909841
45,20,2,4,0.15244478
45,20,3,112,0.14740136
45,20,4,128,0.13819304
45,20,5,47,0.10836934
46,20,0,112,0.27735043
46,20,1,22,0.20148279
46,20,2,174,0.16560547
46,20,3,37,0.16110016
46,20,4,128,0.10858256
46,20,5,145,0.085878596
47,20,0,112,0.3402721
47,20,1,167,0.17136991
47,20,2,128,0.16415061
47,20,3,145,0.12808141
47,20,4,11,0.11076669
47,20,5,174,0.085359283
48,20,0,219,0.2494559
48,20,1,109,0.19735391
48,20,2,218,0.17946456
48,20,3,128,0.15863004
48,20,4,156,0.113418
48,20,5,61,0.10167757
49,20,0,112,0.23930208
49,20,1,128,0.21383367
49,20,2,242,0.17594168
49,20,3,91,0.16081154
49,20,4,172,0.11589594
49,20,5,2,0.094215088
50,20,0,22,0.26097104
50,20,1,116,0.19828871
50,20,2,112,0.1712877
50,20,3,128,0.14784695
50,20,4,172,0.11461756
50,20,5,229,0.10698803
51,20,0,75,0.34993437
51,20,1,112,0.19242351
51,20,2,128,0.15527156
51,20,3,172,0.11024433
51,20,4,47,0.095885515
51,20,5,22,0.096240669
52,20,0,116,0.2879484
52,20,1,128,0.19374274
52,20,2,112,0.18757321
52,20,3,29,0.17311606
52,20,4,172,0.086990483
52,20,5,47,0.070629075
53,20,0,128,0.30676365
53,20,1,69,0.23525313
53,20,2,53,0.14428015
53,20,3,47,0.11194959
53,20,4,219,0.10230087
53,20,5,172,0.09945263
0,21,0,177,0.72975099
0,21,1,158,0.063262098
0,21,2,129,0.055342626
0,21,3,167,0.04935817
0,21,4,125,0.050227825
0,21,5,93,0.052058253
1,21,0,252,0.21051754
1,21,1,167,0.20403863
1,21,2,75,0.19614549
1,21,3,49,0.18726908
1,21,4,129,0.11188164
1,21,5,98,0.0901476
2,21,0,167,0.20553292
2,21,1,49,0.17794591
2,21,2,252,0.17144555
2,21,3,75,0.1560849
2,21,4,148,0.14864288
2,21,5,226,0.14034779
3,21,0,85,0.24095367
3,21,1,75,0.19503076
3,21,2,167,0.18224244
3,21,3,168,0.1614355
3,21,4,226,0.1455254
3,21,5,89,0.074812263
4,21,0,85,0.29092872
4,21,1,75,0.17631583
4,21,2,167,0.16971366
4,21,3,176,0.14371902
4,21,4,197,0.10995187
4,21,5,155,0.10937086
5,21,0,23,0.30161864
5,21,1,89,0.21054147
5,21,2,17,0.17167839
5,21,3,138,0.13805838
5,21,4,90,0.098673888
5,21,5,197,0.079429276
6,21,0,156,0.24042906
6,21,1,49,0.21087739
6,21,2,23,0.16867709
6,21,3,167,0.14774729
6,21,4,75,0.11732068
6,21,5,102,0.11494847
7,21,0,89,0.43501952
7,21,1,156,0.20633645
7,21,2,23,0.20064616
7,21,3,197,0.060165014
7,21,4,219,0.055464838
7,21,5,92,0.042368043
8,21,0,89,0.43761146
8,21,1,23,0.33420947
8,21,2,197,0.06815014
8,21,3,239,0.058626115
8,21,4,16,0.05446868
8,21,5,55,0.046934109
9,21,0,243,0.28743583
9,21,1,111,0.18926848
9,21,2,49,0.15094718
9,21,3,23,0.15130746
9,21,4,167,0.10742103
9,21,5,90,0.11362003
10,21,0,151,0.30059248
10,21,1,75,0.20676064
10,21,2,219,0.20120378
10,21,3,38,0.10240169
10,21,4,23,0.098878726
10,21,5,155,0.090162717
11,21,0,208,0.29508471
11,21,1,85,0.19232325
11,21,2,75,0.14834259
11,21,3,167,0.1303215
11,21,4,219,0.1267592
11,21,5,155,0.1071687
12,21,0,85,0.24667452
12,21,1,155,0.23987851
12,21,2,168,0.23242429
12,21,3,134,0.102304
12,21,4,75,0.08977522
12,21,5,89,0.088943452
13,21,0,73,0.36250713
13,21,1,16,0.16788885
13,21,2,153,0.16392858
13,21,3,17,0.11125179
13,21,4,76,0.097543664
13,21,5,197,0.096879952
14,21,0,16,0.26265788
14,21,1,17,0.17115532
14,21,2,157,0.17995989
14,21,3,38,0.13668485
14,21,4,197,0.12651612
14,21,5,134,0.12302591
15,21,0,85,0.27627429
15,21,1,16,0.22788402
15,21,2,157,0.14179741
15,21,3,56,0.13379838
15,21,4,55,0.11885154
15,21,5,38,0.10139435
16,21,0,208,0.33181044
16,21,1,85,0.19748826
16,21,2,219,0.17777239
16,21,3,9,0.11180079
16,21,4,15,0.093807414
16,21,5,16,0.08732067
17,21,0,85,0.38901949
17,21,1,176,0.20499012
17,21,2,15,0.12507844
17,21,3,16,0.10001691
17,21,4,134,0.092832543
17,21,5,155,0.088062525
18,21,0,1,0.32561123
18,21,1,135,0.23357785
18,21,2,210,0.14743268
18,21,3,94,0.10269987
18,21,4,103,0.095784053
18,21,5,138,0.094894305
19,21,0,138,0.30137348
19,21,1,1,0.261944
19,21,2,94,0.14318284
19,21,3,16,0.10477429
19,21,4,135,0.10409706
19,21,5,81,0.084628403
20,21,0,9,0.3370685
20,21,1,150,0.25664595
20,21,2,16,0.098699249
20,21,3,199,0.097796358
20,21,4,208,0.11253444
20,21,5,168,0.097255453
21,21,0,9,0.3074106
21,21,1,176,0.2338115
21,21,2,150,0.19470677
21,21,3,81,0.09776634
21,21,4,203,0.095214926
21,21,5,16,0.071089886
22,21,0,85,0.1803644
22,21,1,194,0.20147705
22,21,2,55,0.1600088
22,21,3,49,0.15995437
22,21,4,81,0.15357019
22,21,5,26,0.14462525
23,21,0,194,0.29815635
23,21,1,38,0.17723256
23,21,2,128,0.1590841
23,21,3,81,0.12918475
23,21,4,55,0.12064869
23,21,5,197,0.1156935
24,21,0,9,0.34796208
24,21,1,150,0.17492691
24,21,2,203,0.17728475
24,21,3,176,0.12422348
24,21,4,56,0.098531634
24,21,5,85,0.077071123
25,21,0,85,0.21801831
25,21,1,128,0.17125234
25,21,2,194,0.19751398
25,21,3,55,0.1427189
25,21,4,81,0.13802388
25,21,5,56,0.1324726
26,21,0,128,0.24599378
26,21,1,38,0.21129175
26,21,2,81,0.15787421
26,21,3,16,0.12914129
26,21,4,219,0.1368992
26,21,5,197,0.1187998
27,21,0,9,0.2943812
27,21,1,56,0.16569102
27,21,2,45,0.1455763
27,21,3,135,0.13854007
27,21,4,150,0.13545084
27,21,5,85,0.12036055
28,21,0,168,0.30983537
28,21,1,9,0.25191018
28,21,2,150,0.11149015
28,21,3,176,0.11846098
28,21,4,45,0.10814781
28,21,5,85,0.10015545
29,21,0,243,0.34125495
29,21,1,111,0.2677936
29,21,2,90,0.11212193
29,21,3,128,0.097602814
29,21,4,23,0.095753305
29,21,5,55,0.085473411
30,21,0,151,0.25727877
30,21,1,219,0.20723312
30,21,2,117,0.17083856
30,21,3,155,0.15045685
30,21,4,23,0.12780041
30,21,5,75,0.086392298
31,21,0,155,0.25421479
31,21,1,56,0.23943537
31,21,2,252,0.14500301
31,21,3,151,0.13798895
31,21,4,221,0.11122014
31,21,5,130,0.11213773
32,21,0,56,0.25257295
32,21,1,225,0.21729305
32,21,2,72,0.17089979
32,21,3,6,0.14025496
32,21,4,66,0.10777248
32,21,5,89,0.11120673
33,21,0,234,0.30511934
33,21,1,66,0.26754931
33,21,2,168,0.17554107
33,21,3,203,0.098455444
33,21,4,225,0.083318792
33,21,5,59,0.070016041
34,21,0,234,0.2689741
34,21,1,66,0.23627695
34,21,2,225,0.15889645
34,21,3,168,0.10540102
34,21,4,83,0.099857241
34,21,5,194,0.13059422
35,21,0,234,0.36054751
35,21,1,89,0.20734701
35,21,2,183,0.15678929
35,21,3,176,0.10293431
35,21,4,171,0.0889256
35,21,5,225,0.083456263
36,21,0,225,0.27886775
36,21,1,83,0.18314761
36,21,2,89,0.18051869
36,21,3,66,0.12122301
36,21,4,234,0.12331942
36,21,5,171,0.11292351
37,21,0,72,0.25303677
37,21,1,89,0.19856562
37,21,2,56,0.16176143
37,21,3,225,0.16827875
37,21,4,234,0.115766
37,21,5,83,0.10259142
38,21,0,234,0.3358258
38,21,1,203,0.20338978
38,21,2,15,0.14614014
38,21,3,225,0.13030699
38,21,4,59,0.10016521
38,21,5,171,0.084172055
39,21,0,49,0.31395319
39,21,1,167,0.21498665
39,21,2,26,0.12934838
39,21,3,85,0.12156843
39,21,4,244,0.10853747
39,21,5,234,0.11160584
40,21,0,225,0.21884663
40,21,1,190,0.21155696
40,21,2,171,0.15980496
40,21,3,155,0.14139934
40,21,4,244,0.1318996
40,21,5,234,0.13649251
41,21,0,151,0.30727133
41,21,1,155,0.2228846
41,21,2,219,0.16158611
41,21,3,117,0.1250712
41,21,4,23,0.094871074
41,21,5,190,0.088315718
42,21,0,155,0.27986586
42,21,1,4,0.20574102
42,21,2,151,0.14349169
42,21,3,225,0.14482121
42,21,4,24,0.11709669
42,21,5,7,0.10898356
43,21,0,190,0.33615533
43,21,1,56,0.20030828
43,21,2,225,0.17600185
43,21,3,24,0.11021072
43,21,4,135,0.090269297
43,21,5,26,0.087054506
44,21,0,156,0.35708499
44,21,1,225,0.23525622
44,21,2,231,0.10680149
44,21,3,85,0.10083416
44,21,4,59,0.10155251
44,21,5,248,0.098470613
45,21,0,38,0.25654998
45,21,1,156,0.23439589
45,21,2,249,0.17809847
45,21,3,1,0.11634487
45,21,4,219,0.10524865
45,21,5,225,0.10936216
46,21,0,122,0.20908159
46,21,1,248,0.20653053
46,21,2,135,0.15891755
46,21,3,219,0.15353739
46,21,4,72,0.14991264
46,21,5,56,0.12202034
47,21,0,219,0.25405449
47,21,1,248,0.21419273
47,21,2,72,0.18698348
47,21,3,183,0.15591881
47,21,4,148,0.09887749
47,21,5,156,0.08997298
48,21,0,49,0.27051574
48,21,1,167,0.22569212
48,21,2,129,0.15905493
48,21,3,93,0.12969476
48,21,4,36,0.11345356
48,21,5,146,0.10158892
49,21,0,248,0.54999942
49,21,1,239,0.099000879
49,21,2,183,0.093966149
49,21,3,122,0.089196838
49,21,4,176,0.090638258
49,21,5,46,0.077198498
50,21,0,248,0.20796227
50,21,1,135,0.1800041
50,21,2,122,0.17781255
50,21,3,15,0.16275148
50,21,4,231,0.14289203
50,21,5,83,0.12857756
51,21,0,248,0.37882596
51,21,1,122,0.16083018
51,21,2,173,0.14155369
51,21,3,1,0.11511691
51,21,4,14,0.1087688
51,21,5,6,0.094904475
52,21,0,15,0.23618825
52,21,1,135,0.23308104
52,21,2,248,0.15926361
52,21,3,50,0.13472739
52,21,4,85,0.1214126
52,21,5,184,0.11532708
53,21,0,243,0.37110487
53,21,1,111,0.2539106
53,21,2,49,0.11420237
53,21,3,85,0.088632844
53,21,4,178,0.085195281
53,21,5,104,0.086954057
0,22,0,205,0.90320015
0,22,1,133,0.023961712
0,22,2,64,0.019287877
0,22,3,183,0.021701876
0,22,4,203,0.015741974
0,22,5,36,0.01610638
1,22,0,241,0.22010845
1,22,1,13,0.16916129
1,22,2,239,0.1747099
1,22,3,136,0.16110641
1,22,4,205,0.14385153
1,22,5,97,0.13106245
2,22,0,136,0.23535502
2,22,1,159,0.19723779
2,22,2,13,0.16066825
2,22,3,166,0.14628957
2,22,4,241,0.1392573
2,22,5,87,0.12119204
3,22,0,136,0.35254234
3,22,1,13,0.16661374
3,22,2,159,0.16148697
3,22,3,99,0.12397552
3,22,4,69,0.10589425
3,22,5,176,0.08948715
4,22,0,13,0.31196243
4,22,1,136,0.3129203
4,22,2,69,0.17036703
4,22,3,176,0.072389632
4,22,4,73,0.067923017
4,22,5,99,0.064437583
5,22,0,136,0.28482667
5,22,1,13,0.25440395
5,22,2,23,0.15776943
5,22,3,27,0.14180988
5,22,4,230,0.090924054
5,22,5,80,0.070266053
6,22,0,13,0.25648838
6,22,1,136,0.19957322
6,22,2,61,0.19446179
6,22,3,206,0.1282212
6,22,4,166,0.11410952
6,22,5,25,0.10714588
7,22,0,61,0.24988653
7,22,1,13,0.23011369
7,22,2,136,0.21340694
7,22,3,216,0.14877172
7,22,4,49,0.11012635
7,22,5,66,0.047694795
8,22,0,133,0.26802126
8,22,1,136,0.24230744
8,22,2,13,0.18891609
8,22,3,91,0.14267811
8,22,4,61,0.11984016
8,22,5,145,0.038236957
9,22,0,13,0.27745488
9,22,1,117,0.19614914
9,22,2,136,0.19142133
9,22,3,91,0.13391216
9,22,4,166,0.11620437
9,22,5,203,0.084858134
10,22,0,203,0.27124763
10,22,1,13,0.23426315
10,22,2,136,0.20119423
10,22,3,55,0.11494426
10,22,4,176,0.087961987
10,22,5,214,0.09038879
11,22,0,13,0.27144274
11,22,1,99,0.20080587
11,22,2,164,0.17632617
11,22,3,136,0.17249575
11,22,4,176,0.099452391
11,22,5,181,0.079477079
12,22,0,13,0.33977547
12,22,1,69,0.21500349
12,22,2,193,0.13393618
12,22,3,92,0.12187572
12,22,4,176,0.099151917
12,22,5,73,0.09025725
13,22,0,218,0.26876768
13,22,1,13,0.2085105
13,22,2,136,0.14789023
13,22,3,230,0.14500137
13,22,4,80,0.13320018
13,22,5,237,0.096629992
14,22,0,80,0.29165789
14,22,1,23,0.24355392
14,22,2,13,0.19562885
14,22,3,136,0.1114042
14,22,4,230,0.090652652
14,22,5,133,0.067102514
15,22,0,80,0.22872382
15,22,1,136,0.21076371
15,22,2,13,0.18210419
15,22,3,29,0.13656142
15,22,4,99,0.12329224
15,22,5,73,0.11855462
16,22,0,99,0.2174274
16,22,1,13,0.17400511
16,22,2,136,0.17069401
16,22,3,29,0.16496639
16,22,4,164,0.1590977
16,22,5,137,0.11380944
17,22,0,13,0.33446005
17,22,1,136,0.18562236
17,22,2,215,0.18744478
17,22,3,73,0.1026253
17,22,4,29,0.095462799
17,22,5,164,0.094384693
18,22,0,80,0.38777331
18,22,1,136,0.18684167
18,22,2,23,0.14981532
18,22,3,13,0.13265638
18,22,4,73,0.071283355
18,22,5,29,0.071629949
19,22,0,80,0.41196939
19,22,1,48,0.14316103
19,22,2,137,0.14100718
19,22,3,13,0.1171382
19,22,4,136,0.10652404
19,22,5,230,0.080200158
20,22,0,137,0.22029671
20,22,1,99,0.20449503
20,22,2,164,0.19122106
20,22,3,29,0.18430962
20,22,4,83,0.10394751
20,22,5,251,0.095730059
21,22,0,194,0.2540381
21,22,1,137,0.23344809
21,22,2,29,0.18748286
21,22,3,13,0.15705582
21,22,4,193,0.087541774
21,22,5,164,0.080433317
22,22,0,254,0.31254572
22,22,1,33,0.16402628
22,22,2,29,0.1526373
22,22,3,13,0.13627549
22,22,4,80,0.1246061
22,22,5,181,0.10990912
23,22,0,80,0.25789255
23,22,1,13,0.20086123
23,22,2,33,0.15926598
23,22,3,55,0.1459828
23,22,4,149,0.12461076
23,22,5,164,0.11138669
24,22,0,137,0.33753487
24,22,1,194,0.22857176
24,22,2,29,0.17081949
24,22,3,13,0.095499329
24,22,4,99,0.093826704
24,22,5,36,0.073747881
25,22,0,254,0.28901309
25,22,1,13,0.18070345
25,22,2,80,0.14535403
25,22,3,33,0.14545271
25,22,4,29,0.13159671
25,22,5,136,0.10788009
26,22,0,80,0.28159505
26,22,1,13,0.19102509
26,22,2,33,0.18980245
26,22,3,149,0.13428073
26,22,4,164,0.11208367
26,22,5,55,0.091213033
27,22,0,137,0.36237511
27,22,1,29,0.15141387
27,22,2,13,0.1464057
27,22,3,83,0.12508215
27,22,4,136,0.11434154
27,22,5,164,0.10038162
28,22,0,137,0.29563919
28,22,1,13,0.27385217
28,22,2,136,0.13719241
28,22,3,81,0.123599
28,22,4,29,0.090868838
28,22,5,73,0.078848407
29,22,0,13,0.27418303
29,22,1,117,0.25875977
29,22,2,136,0.17075606
29,22,3,31,0.10773712
29,22,4,4,0.10168961
29,22,5,91,0.086874411
30,22,0,250,0.36494592
30,22,1,18,0.21317041
30,22,2,13,0.1727331
30,22,3,136,0.086491168
30,22,4,31,0.085284539
30,22,5,176,0.077374838
31,22,0,69,0.28576532
31,22,1,13,0.17462058
31,22,2,133,0.17644596
31,22,3,91,0.13973862
31,22,4,18,0.14061454
31,22,5,194,0.082815006
32,22,0,62,0.32136238
32,22,1,230,0.1810986
32,22,2,13,0.1657145
32,22,3,23,0.16924071
32,22,4,212,0.098101132
32,22,5,164,0.064482696
33,22,0,145,0.34904814
33,22,1,13,0.22037452
33,22,2,62,0.20121317
33,22,3,240,0.10575581
33,22,4,137,0.062548317
33,22,5,164,0.061060015
34,22,0,62,0.25212744
34,22,1,76,0.24295415
34,22,2,33,0.1779108
34,22,3,13,0.13622831
34,22,4,145,0.12243864
34,22,5,240,0.068340659
35,22,0,145,0.35574237
35,22,1,13,0.22947228
35,22,2,240,0.11653979
35,22,3,91,0.10936425
35,22,4,62,0.10331328
35,22,5,164,0.085568011
36,22,0,62,0.32129809
36,22,1,13,0.21310863
36,22,2,243,0.1384455
36,22,3,134,0.124019
36,22,4,51,0.1025483
36,22,5,37,0.10058046
37,22,0,62,0.4176766
37,22,1,13,0.20362881
37,22,2,230,0.14510916
37,22,3,164,0.07955125
37,22,4,145,0.071678452
37,22,5,23,0.082355678
38,22,0,91,0.33230653
38,22,1,145,0.18739523
38,22,2,13,0.17354424
38,22,3,240,0.16823028
38,22,4,164,0.072648913
38,22,5,62,0.065874793
39,22,0,166,0.22314101
39,22,1,254,0.21210563
39,22,2,240,0.15563643
39,22,3,138,0.14606017
39,22,4,33,0.14846525
39,22,5,181,0.11459149
40,22,0,76,0.3863776
40,22,1,13,0.23358114
40,22,2,62,0.10716102
40,22,3,91,0.10005905
40,22,4,136,0.088798866
40,22,5,164,0.084022291
41,22,0,76,0.30640492
41,22,1,250,0.27197531
41,22,2,13,0.14097466
41,22,3,69,0.13168357
41,22,4,18,0.079698607
41,22,5,31,0.069262981
42,22,0,76,0.33760333
42,22,1,69,0.28132331
42,22,2,250,0.13419268
42,22,3,13,0.10424769
42,22,4,164,0.071775354
42,22,5,175,0.070857666
43,22,0,230,0.25112268
43,22,1,13,0.18944167
43,22,2,62,0.16371375
43,22,3,76,0.13835841
43,22,4,209,0.1551598
43,22,5,68,0.10220366
44,22,0,61,0.31943324
44,22,1,124,0.15943892
44,22,2,136,0.13593115
44,22,3,13,0.13136648
44,22,4,137,0.12708211
44,22,5,99,0.1267481
45,22,0,61,0.23820062
45,22,1,55,0.23465307
45,22,2,214,0.2132529
45,22,3,49,0.17261931
45,22,4,13,0.078785293
45,22,5,175,0.062488787
46,22,0,49,0.28520161
46,22,1,61,0.27881148
46,22,2,214,0.20637906
46,22,3,13,0.089536674
46,22,4,50,0.087130189
46,22,5,43,0.052941028
47,22,0,255,0.36099991
47,22,1,133,0.32832631
47,22,2,214,0.12640487
47,22,3,61,0.086114064
47,22,4,49,0.053590924
47,22,5,181,0.044563912
48,22,0,166,0.34724101
48,22,1,136,0.16419426
48,22,2,219,0.14101128
48,22,3,125,0.1234938
48,22,4,13,0.11708444
48,22,5,156,0.10697525
49,22,0,215,0.34532219
49,22,1,69,0.163903
49,22,2,136,0.16059849
49,22,3,181,0.13994685
49,22,4,13,0.10582294
49,22,5,122,0.084406525
50,22,0,60,0.3059057
50,22,1,13,0.17916381
50,22,2,215,0.15680827
50,22,3,96,0.13536221
50,22,4,79,0.11415113
50,22,5,136,0.10860887
51,22,0,43,0.32189268
51,22,1,134,0.17620309
51,22,2,60,0.14930537
51,22,3,209,0.13569549
51,22,4,234,0.119721
51,22,5,136,0.097182445
52,22,0,215,0.41566184
52,22,1,13,0.16153723
52,22,2,136,0.13024049
52,22,3,181,0.11289646
52,22,4,220,0.093608223
52,22,5,230,0.086055763
53,22,0,117,0.24081765
53,22,1,13,0.23074397
53,22,2,4,0.19631758
53,22,3,136,0.15638393
53,22,4,91,0.088022336
53,22,5,31,0.087714545
0,23,0,209,0.82555044
0,23,1,21,0.042877935
0,23,2,71,0.036025662
0,23,3,190,0.03586911
0,23,4,248,0.029906681
0,23,5,228,0.029770164
1,23,0,80,0.46526703
1,23,1,30,0.12567955
1,23,2,209,0.11432668
1,23,3,35,0.11185704
1,23,4,163,0.096648455
1,23,5,64,0.08622124
2,23,0,80,0.39299878
2,23,1,127,0.20921521
2,23,2,77,0.12223042
2,23,3,85,0.10322121
2,23,4,64,0.096475601
2,23,5,241,0.075858764
3,23,0,175,0.51904511
3,23,1,253,0.24577166
3,23,2,100,0.062254902
3,23,3,109,0.05865632
3,23,4,254,0.054856375
3,23,5,35,0.059415568
4,23,0,175,0.76787394
4,23,1,67,0.099723741
4,23,2,153,0.041721545
4,23,3,253,0.036123652
4,23,4,207,0.027740698
4,23,5,142,0.026816439
5,23,0,175,0.75531834
5,23,1,241,0.11345305
5,23,2,2,0.037281699
5,23,3,194,0.031360339
5,23,4,172,0.03822501
5,23,5,10,0.024361581
6,23,0,175,0.7155984
6,23,1,241,0.12430493
6,23,2,7,0.047953434
6,23,3,2,0.037405856
6,23,4,194,0.035008825
6,23,5,172,0.0397285
7,23,0,175,0.75545019
7,23,1,241,0.116621
7,23,2,2,0.043894224
7,23,3,125,0.03702452
7,23,4,43,0.025366871
7,23,5,147,0.021643182
8,23,0,175,0.60343456
8,23,1,125,0.28358024
8,23,2,241,0.039967742
8,23,3,127,0.026115114
8,23,4,43,0.025472106
8,23,5,67,0.021430224
9,23,0,175,0.68463326
9,23,1,49,0.10349333
9,23,2,241,0.088384531
9,23,3,125,0.046475872
9,23,4,174,0.038931526
9,23,5,43,0.038081501
10,23,0,175,0.65587503
10,23,1,6,0.10179972
10,23,2,241,0.071004339
10,23,3,108,0.072087146
10,23,4,174,0.058889791
10,23,5,77,0.040343981
11,23,0,175,0.55952501
11,23,1,6,0.11326452
11,23,2,64,0.10538463
11,23,3,253,0.074818119
11,23,4,106,0.074337624
11,23,5,174,0.072670117
12,23,0,175,0.28987572
12,23,1,144,0.24383885
12,23,2,253,0.1543113
12,23,3,106,0.13392547
12,23,4,158,0.11900801
12,23,5,0,0.059040688
13,23,0,175,0.31693032
13,23,1,130,0.27842283
13,23,2,178,0.16256295
13,23,3,158,0.093882352
13,23,4,106,0.088537693
13,23,5,64,0.059663814
14,23,0,175,0.50181806
14,23,1,178,0.18720567
14,23,2,106,0.10111102
14,23,3,158,0.087745272
14,23,4,253,0.067463323
14,23,5,237,0.054656681
15,23,0,175,0.69598013
15,23,1,106,0.067317419
15,23,2,253,0.066763408
15,23,3,158,0.063732244
15,23,4,2,0.054821923
15,23,5,147,0.05138484
16,23,0,175,0.50695962
16,23,1,11,0.16070282
16,23,2,253,0.10355331
16,23,3,6,0.095520556
16,23,4,77,0.068565428
16,23,5,158,0.064698234
17,23,0,175,0.48038709
17,23,1,11,0.30127499
17,23,2,158,0.071500525
17,23,3,253,0.066357665
17,23,4,144,0.044851471
17,23,5,77,0.035628282
18,23,0,175,0.68146396
18,23,1,253,0.12423445
18,23,2,64,0.049212381
18,23,3,174,0.051028933
18,23,4,106,0.04873601
18,23,5,207,0.045324277
19,23,0,175,0.68718636
19,23,1,207,0.07588964
19,23,2,253,0.072599299
19,23,3,106,0.063317634
19,23,4,174,0.054900561
19,23,5,237,0.04610648
20,23,0,175,0.37612808
20,23,1,253,0.26495746
20,23,2,54,0.18641193
20,23,3,207,0.069561407
20,23,4,6,0.055513084
20,23,5,77,0.047428012
21,23,0,175,0.3906295
21,23,1,54,0.24669611
21,23,2,253,0.17752828
21,23,3,207,0.062923208
21,23,4,77,0.061780721
21,23,5,144,0.060442127
22,23,0,175,0.48500669
22,23,1,253,0.15921843
22,23,2,54,0.12563229
22,23,3,77,0.10910909
22,23,4,11,0.063418746
22,23,5,207,0.057614803
23,23,0,175,0.43425119
23,23,1,104,0.202714
23,23,2,234,0.12777776
23,23,3,253,0.10054088
23,23,4,77,0.070553862
23,23,5,207,0.064162336
24,23,0,175,0.47321552
24,23,1,11,0.23503396
24,23,2,253,0.089074925
24,23,3,77,0.087851807
24,23,4,174,0.062612459
24,23,5,144,0.052211277
25,23,0,175,0.51044786
25,23,1,11,0.15583049
25,23,2,77,0.10548361
25,23,3,253,0.086733118
25,23,4,174,0.072129175
25,23,5,207,0.069375731
26,23,0,175,0.55616087
26,23,1,104,0.18927066
26,23,2,234,0.097172968
26,23,3,207,0.055987459
26,23,4,253,0.051048592
26,23,5,174,0.050359469
27,23,0,175,0.41126966
27,23,1,11,0.32798684
27,23,2,160,0.088941447
27,23,3,6,0.061504755
27,23,4,207,0.05557172
27,23,5,77,0.054725591
28,23,0,175,0.41182959
28,23,1,11,0.35364914
28,23,2,160,0.13026311
28,23,3,77,0.042207744
28,23,4,54,0.032098502
28,23,5,174,0.029951913
29,23,0,175,0.52926594
29,23,1,11,0.22027262
29,23,2,77,0.081024006
29,23,3,217,0.072816752
29,23,4,174,0.050617665
29,23,5,160,0.046003029
30,23,0,175,0.63334525
30,23,1,77,0.13966437
30,23,2,2,0.069232963
30,23,3,160,0.058463477
30,23,4,11,0.051747344
30,23,5,226,0.047546584
31,23,0,175,0.48872939
31,23,1,77,0.23702598
31,23,2,172,0.083713718
31,23,3,147,0.073685803
31,23,4,106,0.060885798
31,23,5,2,0.055959344
32,23,0,175,0.664253
32,23,1,77,0.11879362
32,23,2,162,0.063722938
32,23,3,75,0.059754714
32,23,4,147,0.050361525
32,23,5,106,0.043114211
33,23,0,247,0.48209399
33,23,1,175,0.3657153
33,23,2,75,0.049437627
33,23,3,162,0.038887382
33,23,4,208,0.042414997
33,23,5,77,0.021450728
34,23,0,247,0.41788638
34,23,1,175,0.39385787
34,23,2,208,0.064437144
34,23,3,162,0.047190722
34,23,4,77,0.042205572
34,23,5,106,0.034422308
35,23,0,175,0.31035772
35,23,1,247,0.29318491
35,23,2,10,0.28299552
35,23,3,208,0.04448298
35,23,4,11,0.035885911
35,23,5,162,0.033093024
36,23,0,175,0.54101825
36,23,1,247,0.24189046
36,23,2,208,0.063389555
36,23,3,162,0.050566114
36,23,4,106,0.051477324
36,23,5,77,0.051658262
37,23,0,175,0.65362549
37,23,1,247,0.15273318
37,23,2,11,0.056456197
37,23,3,147,0.054100301
37,23,4,162,0.043526459
37,23,5,106,0.03955831
38,23,0,175,0.61227077
38,23,1,11,0.17184505
38,23,2,225,0.07080704
38,23,3,29,0.060981508
38,23,4,147,0.044464998
38,23,5,207,0.039630644
39,23,0,175,0.62797242
39,23,1,11,0.09409868
39,23,2,147,0.078148142
39,23,3,208,0.078241259
39,23,4,106,0.061450899
39,23,5,225,0.06008853
40,23,0,175,0.63238442
40,23,1,11,0.11427675
40,23,2,147,0.071906194
40,23,3,208,0.075025752
40,23,4,77,0.058405839
40,23,5,207,0.048001051
41,23,0,175,0.55960739
41,23,1,197,0.13929203
41,23,2,77,0.10015959
41,23,3,247,0.071106382
41,23,4,2,0.065123633
41,23,5,147,0.064711012
42,23,0,175,0.54432166
42,23,1,2,0.12284253
42,23,2,77,0.11797421
42,23,3,197,0.081289604
42,23,4,147,0.071307719
42,23,5,106,0.062264279
43,23,0,175,0.57824403
43,23,1,208,0.11867514
43,23,2,77,0.097629391
43,23,3,147,0.075023718
43,23,4,247,0.072672233
43,23,5,106,0.057755515
44,23,0,175,0.45914388
44,23,1,147,0.14520895
44,23,2,208,0.12162043
44,23,3,77,0.11051784
44,23,4,106,0.084369436
44,23,5,116,0.079139464
45,23,0,175,0.45979825
45,23,1,208,0.15204617
45,23,2,147,0.14191931
45,23,3,77,0.092428826
45,23,4,106,0.083647728
45,23,5,100,0.070159718
46,23,0,175,0.40738234
46,23,1,108,0.19572635
46,23,2,29,0.15127735
46,23,3,208,0.095491864
46,23,4,147,0.080192365
46,23,5,106,0.069929734
47,23,0,175,0.5971204
47,23,1,106,0.098980263
47,23,2,147,0.098086782
47,23,3,108,0.080861323
47,23,4,162,0.066863798
47,23,5,6,0.058087382
48,23,0,60,0.24554856
48,23,1,165,0.17554492
48,23,2,210,0.16031575
48,23,3,164,0.1791839
48,23,4,217,0.12009274
48,23,5,65,0.11931415
49,23,0,175,0.34396321
49,23,1,35,0.25248343
49,23,2,106,0.16613369
49,23,3,208,0.10126919
49,23,4,116,0.081314288
49,23,5,109,0.054836225
50,23,0,175,0.42870519
50,23,1,29,0.16520971
50,23,2,106,0.1531007
50,23,3,108,0.09899357
50,23,4,11,0.085199989
50,23,5,208,0.068790823
51,23,0,175,0.32639247
51,23,1,29,0.22064015
51,23,2,106,0.1925436
51,23,3,130,0.14487162
51,23,4,208,0.067348927
51,23,5,108,0.048203256
52,23,0,175,0.53404337
52,23,1,93,0.14777233
52,23,2,11,0.10333955
52,23,3,106,0.10001513
52,23,4,208,0.083728924
52,23,5,109,0.031100657
53,23,0,175,0.6488167
53,23,1,217,0.11716657
53,23,2,77,0.069285214
53,23,3,11,0.065577552
53,23,4,147,0.05439391
53,23,5,106,0.044760074
0,24,0,114,0.73895913
0,24,1,156,0.081219532
0,24,2,96,0.049622089
0,24,3,29,0.04550679
0,24,4,54,0.044142134
0,24,5,106,0.040550321
1,24,0,12,0.2600767
1,24,1,179,0.16480128
1,24,2,29,0.16440782
1,24,3,135,0.15665397
1,24,4,152,0.14249463
1,24,5,87,0.1115656
2,24,0,12,0.29591116
2,24,1,29,0.20152226
2,24,2,135,0.19033696
2,24,3,254,0.1168277
2,24,4,179,0.10238531
2,24,5,152,0.093016617
3,24,0,15,0.29593724
3,24,1,254,0.2716774
3,24,2,221,0.15340795
3,24,3,12,0.14895187
3,24,4,214,0.06513565
3,24,5,69,0.064889856
4,24,0,254,0.37415317
4,24,1,22,0.26570711
4,24,2,97,0.12736516
4,24,3,12,0.082570389
4,24,4,69,0.079759255
4,24,5,221,0.070444919
5,24,0,254,0.53819329
5,24,1,12,0.11719521
5,24,2,153,0.11150359
5,24,3,121,0.086442381
5,24,4,198,0.076153606
5,24,5,16,0.070511945
6,24,0,254,0.40990594
6,24,1,24,0.19031958
6,24,2,12,0.122734
6,24,3,153,0.098220654
6,24,4,121,0.090359576
6,24,5,34,0.088460267
7,24,0,254,0.31131729
7,24,1,24,0.26118085
7,24,2,121,0.13000584
7,24,3,12,0.10463179
7,24,4,153,0.099338576
7,24,5,198,0.093525656
8,24,0,121,0.28864354
8,24,1,254,0.27417469
8,24,2,153,0.17055136
8,24,3,198,0.12661654
8,24,4,12,0.068857156
8,24,5,112,0.071156748
9,24,0,254,0.45670772
9,24,1,121,0.28828472
9,24,2,198,0.076490387
9,24,3,59,0.060177736
9,24,4,153,0.056985192
9,24,5,112,0.061354227
10,24,0,254,0.5476135
10,24,1,198,0.16982771
10,24,2,12,0.095366471
10,24,3,22,0.0760919
10,24,4,121,0.059380572
10,24,5,81,0.051719882
11,24,0,254,0.49606284
11,24,1,198,0.17468718
11,24,2,12,0.16262245
11,24,3,63,0.074983157
11,24,4,22,0.053368051
11,24,5,70,0.038276341
12,24,0,254,0.48247948
12,24,1,198,0.26740301
12,24,2,33,0.10803077
12,24,3,123,0.061636295
12,24,4,15,0.043676343
12,24,5,170,0.036774114
13,24,0,198,0.39826527
13,24,1,254,0.36785319
13,24,2,170,0.070130363
13,24,3,123,0.071986921
13,24,4,229,0.047217239
13,24,5,92,0.04454698
14,24,0,254,0.45694858
14,24,1,198,0.33228734
14,24,2,170,0.091650344
14,24,3,92,0.045255788
14,24,4,229,0.040772296
14,24,5,123,0.033085633
15,24,0,254,0.4798494
15,24,1,198,0.30296507
15,24,2,170,0.078793958
15,24,3,229,0.049493123
15,24,4,103,0.046466548
15,24,5,12,0.042431932
16,24,0,254,0.5081228
16,24,1,198,0.29903045
16,24,2,170,0.076411285
16,24,3,12,0.043958459
16,24,4,123,0.038616706
16,24,5,229,0.033860363
17,24,0,254,0.44691777
17,24,1,198,0.24267481
17,24,2,33,0.20153496
17,24,3,63,0.04295731
17,24,4,170,0.035194378
17,24,5,229,0.030720755
18,24,0,254,0.4592388
18,24,1,198,0.28477958
18,24,2,170,0.10526348
18,24,3,229,0.056379851
18,24,4,123,0.051950175
18,24,5,49,0.042388096
19,24,0,254,0.38002995
19,24,1,198,0.24305922
19,24,2,170,0.12591743
19,24,3,240,0.12429212
19,24,4,229,0.06963598
19,24,5,118,0.057065327
20,24,0,254,0.4290376
20,24,1,198,0.18415788
20,24,2,170,0.15657876
20,24,3,86,0.094227374
20,24,4,229,0.084982887
20,24,5,243,0.051015526
21,24,0,254,0.39047417
21,24,1,198,0.17629384
21,24,2,170,0.16470678
21,24,3,33,0.12152258
21,24,4,86,0.10449868
21,24,5,229,0.042503938
22,24,0,254,0.41764009
22,24,1,170,0.2163875
22,24,2,198,0.18306352
22,24,3,33,0.065809958
22,24,4,86,0.061185345
22,24,5,229,0.055913638
23,24,0,254,0.43512321
23,24,1,170,0.27139178
23,24,2,198,0.19854365
23,24,3,229,0.034220774
23,24,4,86,0.031426437
23,24,5,223,0.029294118
24,24,0,254,0.5227586
24,24,1,33,0.14610144
24,24,2,170,0.1307824
24,24,3,198,0.10128157
24,24,4,233,0.062940076
24,24,5,86,0.036135867
25,24,0,254,0.46353602
25,24,1,170,0.24650747
25,24,2,198,0.12789018
25,24,3,233,0.071398236
25,24,4,33,0.046017103
25,24,5,167,0.044650964
26,24,0,254,0.43951404
26,24,1,170,0.28286105
26,24,2,198,0.12736621
26,24,3,233,0.064656571
26,24,4,167,0.045171913
26,24,5,240,0.040430207
27,24,0,254,0.45664644
27,24,1,167,0.23950318
27,24,2,170,0.10854688
27,24,3,233,0.090097815
27,24,4,33,0.060968854
27,24,5,86,0.044236779
28,24,0,254,0.51303583
28,24,1,167,0.13780929
28,24,2,170,0.11545804
28,24,3,33,0.10546807
28,24,4,233,0.068015553
28,24,5,198,0.060213257
29,24,0,254,0.57657945
29,24,1,198,0.12454966
29,24,2,170,0.10080654
29,24,3,233,0.081508979
29,24,4,12,0.068474106
29,24,5,33,0.048081215
30,24,0,254,0.32483721
30,24,1,198,0.19252108
30,24,2,24,0.16553174
30,24,3,170,0.13670948
30,24,4,179,0.1294052
30,24,5,233,0.050995313
31,24,0,198,0.26378977
31,24,1,179,0.22591093
31,24,2,170,0.21910819
31,24,3,254,0.13793898
31,24,4,112,0.088183932
31,24,5,24,0.065068178
32,24,0,198,0.37673685
32,24,1,170,0.30754864
32,24,2,254,0.11445358
32,24,3,162,0.086833552
32,24,4,12,0.064051256
32,24,5,111,0.05037611
33,24,0,198,0.32587081
33,24,1,170,0.27905306
33,24,2,214,0.17685829
33,24,3,162,0.076992951
33,24,4,112,0.071850784
33,24,5,136,0.069374137
34,24,0,198,0.32367724
34,24,1,170,0.28074047
34,24,2,214,0.11927482
34,24,3,136,0.12304037
34,24,4,162,0.089749433
34,24,5,254,0.063517682
35,24,0,214,0.33375329
35,24,1,198,0.25271973
35,24,2,170,0.21680807
35,24,3,37,0.068958975
35,24,4,112,0.069120161
35,24,5,162,0.058639809
36,24,0,198,0.28889713
36,24,1,170,0.25091562
36,24,2,37,0.17146914
36,24,3,136,0.14238185
36,24,4,12,0.077214263
36,24,5,106,0.069121949
37,24,0,198,0.28181738
37,24,1,170,0.2549583
37,24,2,37,0.2485712
37,24,3,136,0.1141334
37,24,4,12,0.06084336
37,24,5,214,0.039676353
38,24,0,170,0.26654753
38,24,1,198,0.247136
38,24,2,37,0.20402846
38,24,3,214,0.17425385
38,24,4,162,0.056794379
38,24,5,254,0.0512398
39,24,0,198,0.29456812
39,24,1,170,0.24540153
39,24,2,37,0.17025568
39,24,3,214,0.10849174
39,24,4,254,0.1031979
39,24,5,162,0.078085028
40,24,0,198,0.302663
40,24,1,170,0.28161842
40,24,2,37,0.12976025
40,24,3,254,0.10337236
40,24,4,214,0.091801584
40,24,5,12,0.090784386
41,24,0,170,0.31415713
41,24,1,198,0.31372058
41,24,2,24,0.10360605
41,24,3,12,0.090452448
41,24,4,254,0.097777829
41,24,5,112,0.080285959
42,24,0,198,0.32341883
42,24,1,170,0.27771986
42,24,2,12,0.11194723
42,24,3,136,0.10994164
42,24,4,37,0.091343932
42,24,5,254,0.085628487
43,24,0,198,0.32179227
43,24,1,170,0.26220161
43,24,2,136,0.14407638
43,24,3,12,0.12577583
43,24,4,112,0.075504132
43,24,5,254,0.070649788
44,24,0,198,0.28105694
44,24,1,170,0.22762756
44,24,2,254,0.15288967
44,24,3,136,0.13150294
44,24,4,12,0.1054778
44,24,5,24,0.1014451
45,24,0,198,0.34770519
45,24,1,170,0.22629683
45,24,2,24,0.13138038
45,24,3,246,0.11730605
45,24,4,254,0.099263221
45,24,5,136,0.078048356
46,24,0,198,0.29218104
46,24,1,155,0.27629954
46,24,2,24,0.2043965
46,24,3,170,0.13706023
46,24,4,162,0.043488365
46,24,5,254,0.046574358
47,24,0,198,0.42353159
47,24,1,170,0.19497745
47,24,2,155,0.18850328
47,24,3,3,0.1034913
47,24,4,224,0.050987169
47,24,5,162,0.038509179
48,24,0,189,0.22851558
48,24,1,59,0.19168185
48,24,2,123,0.16281229
48,24,3,58,0.15407753
48,24,4,196,0.14494427
48,24,5,112,0.11796848
49,24,0,198,0.41647729
49,24,1,3,0.32223654
49,24,2,170,0.091217324
49,24,3,155,0.076008484
49,24,4,136,0.049602479
49,24,5,24,0.044457879
50,24,0,198,0.430834
50,24,1,155,0.29573861
50,24,2,254,0.080173023
50,24,3,224,0.066492707
50,24,4,3,0.065114893
50,24,5,214,0.061646782
51,24,0,198,0.4573603
51,24,1,155,0.22935711
51,24,2,3,0.10538215
51,24,3,246,0.07820347
51,24,4,224,0.067379266
51,24,5,170,0.062317666
52,24,0,198,0.52408361
52,24,1,214,0.11654949
52,24,2,170,0.10684921
52,24,3,254,0.11463231
52,24,4,155,0.086857468
52,24,5,121,0.051027894
53,24,0,198,0.32923377
53,24,1,254,0.30973077
53,24,2,170,0.15567046
53,24,3,228,0.10112344
53,24,4,87,0.055463556
53,24,5,112,0.048778005
0,25,0,60,0.39148822
0,25,1,120,0.17313628
0,25,2,64,0.13011724
0,25,3,91,0.12850823
0,25,4,244,0.090943597
0,25,5,169,0.0858064
1,25,0,1,0.25193438
1,25,1,65,0.24304715
1,25,2,55,0.22307731
1,25,3,250,0.10062062
1,25,4,217,0.099703036
1,25,5,243,0.081617497
2,25,0,1,0.31135312
2,25,1,47,0.18659344
2,25,2,48,0.16146109
2,25,3,212,0.12324088
2,25,4,65,0.11920267
2,25,5,55,0.098148808
3,25,0,48,0.21040396
3,25,1,175,0.20057641
3,25,2,232,0.19620536
3,25,3,1,0.1742664
3,25,4,143,0.16970125
3,25,5,102,0.048846662
4,25,0,48,0.40939221
4,25,1,143,0.18650043
4,25,2,175,0.14758243
4,25,3,232,0.10874281
4,25,4,1,0.10739477
4,25,5,102,0.040387381
5,25,0,48,0.42046449
5,25,1,143,0.21201979
5,25,2,102,0.19159432
5,25,3,211,0.07542368
5,25,4,221,0.055971902
5,25,5,233,0.044525836
6,25,0,48,0.30107707
6,25,1,44,0.1961282
6,25,2,143,0.16631667
6,25,3,93,0.15200755
6,25,4,102,0.119637
6,25,5,211,0.064833507
7,25,0,85,0.39158237
7,25,1,44,0.22022238
7,25,2,48,0.18197973
7,25,3,143,0.10066415
7,25,4,211,0.06731984
7,25,5,93,0.038231518
8,25,0,85,0.48096117
8,25,1,48,0.27837947
8,25,2,211,0.082170673
8,25,3,102,0.069525674
8,25,4,143,0.064727038
8,25,5,175,0.024235964
9,25,0,48,0.33305746
9,25,1,85,0.19058675
9,25,2,143,0.19289006
9,25,3,211,0.14037676
9,25,4,175,0.076218717
9,25,5,117,0.066870213
10,25,0,48,0.28211635
10,25,1,143,0.24161157
10,25,2,212,0.18326613
10,25,3,117,0.16087967
10,25,4,175,0.070169292
10,25,5,20,0.061956931
11,25,0,48,0.31121439
11,25,1,183,0.19772144
11,25,2,117,0.17978333
11,25,3,143,0.12829049
11,25,4,175,0.096437521
11,25,5,201,0.086552843
12,25,0,48,0.39132023
12,25,1,175,0.20821181
12,25,2,137,0.13747518
12,25,3,143,0.12052711
12,25,4,201,0.087594934
12,25,5,166,0.054870721
13,25,0,48,0.50518191
13,25,1,143,0.20286037
13,25,2,118,0.0843831
13,25,3,175,0.079848751
13,25,4,111,0.06656453
13,25,5,221,0.061161384
14,25,0,48,0.38117844
14,25,1,143,0.37289399
14,25,2,58,0.083150268
14,25,3,221,0.054870788
14,25,4,212,0.055836018
14,25,5,20,0.052070532
15,25,0,48,0.37810278
15,25,1,143,0.35455781
15,25,2,175,0.079681233
15,25,3,58,0.064897731
15,25,4,122,0.0643984
15,25,5,232,0.058362007
16,25,0,48,0.30196682
16,25,1,143,0.26781076
16,25,2,183,0.19102632
16,25,3,175,0.11481181
16,25,4,58,0.067397438
16,25,5,234,0.056986894
17,25,0,48,0.44468346
17,25,1,175,0.21674603
17,25,2,143,0.18728758
17,25,3,58,0.06348972
17,25,4,234,0.0456478
17,25,5,79,0.042145368
18,25,0,227,0.2988421
18,25,1,143,0.24320032
18,25,2,48,0.19305313
18,25,3,54,0.12996189
18,25,4,234,0.07545571
18,25,5,58,0.059486821
19,25,0,227,0.25533262
19,25,1,143,0.22619101
19,25,2,48,0.20582564
19,25,3,234,0.14048439
19,25,4,54,0.094478957
19,25,5,183,0.077687405
20,25,0,234,0.27161807
20,25,1,48,0.22700159
20,25,2,143,0.22981039
20,25,3,58,0.099621326
20,25,4,54,0.090083838
20,25,5,102,0.081864834
21,25,0,48,0.28404844
21,25,1,234,0.25248951
21,25,2,143,0.24404585
21,25,3,174,0.082899824
21,25,4,58,0.078484885
21,25,5,102,0.058031529
22,25,0,48,0.36369482
22,25,1,234,0.17816497
22,25,2,174,0.16674343
22,25,3,143,0.16910386
22,25,4,58,0.064810015
22,25,5,79,0.05748295
23,25,0,48,0.35779607
23,25,1,143,0.28139028
23,25,2,234,0.14792198
23,25,3,174,0.086782522
23,25,4,58,0.070255205
23,25,5,79,0.055853914
24,25,0,48,0.26110643
24,25,1,143,0.26227185
24,25,2,234,0.20128852
24,25,3,58,0.12574394
24,25,4,33,0.075746685
24,25,5,211,0.073842607
25,25,0,143,0.30004203
25,25,1,48,0.28095847
25,25,2,234,0.12970407
25,25,3,94,0.11556675
25,25,4,58,0.11463656
25,25,5,174,0.059092093
26,25,0,143,0.261657
26,25,1,94,0.21953423
26,25,2,48,0.21982592
26,25,3,234,0.12856378
26,25,4,58,0.083600298
26,25,5,223,0.086818799
27,25,0,183,0.25051096
27,25,1,48,0.20335025
27,25,2,94,0.18639491
27,25,3,211,0.1364035
27,25,4,143,0.12405491
27,25,5,234,0.099285416
28,25,0,48,0.4001798
28,25,1,94,0.16927025
28,25,2,143,0.16717529
28,25,3,234,0.10175312
28,25,4,211,0.083036914
28,25,5,79,0.078584678
29,25,0,48,0.45240155
29,25,1,143,0.31681427
29,25,2,234,0.071207434
29,25,3,211,0.06576965
29,25,4,221,0.047901064
29,25,5,79,0.045906037
30,25,0,48,0.34048259
30,25,1,143,0.33908615
30,25,2,234,0.098149642
30,25,3,175,0.079632275
30,25,4,211,0.072096258
30,25,5,221,0.070553049
31,25,0,143,0.33291638
31,25,1,48,0.24722551
31,25,2,234,0.17842655
31,25,3,69,0.12632407
31,25,4,212,0.058295116
31,25,5,26,0.056812346
32,25,0,48,0.28538454
32,25,1,234,0.27365991
32,25,2,143,0.15485236
32,25,3,53,0.13996717
32,25,4,223,0.10700386
32,25,5,18,0.039132174
33,25,0,48,0.28001341
33,25,1,234,0.20705022
33,25,2,143,0.19163758
33,25,3,53,0.11249365
33,25,4,110,0.11678065
33,25,5,223,0.092024513
34,25,0,48,0.23107526
34,25,1,234,0.20532994
34,25,2,143,0.19966723
34,25,3,174,0.15621077
34,25,4,53,0.11746252
34,25,5,223,0.090254247
35,25,0,48,0.33191258
35,25,1,143,0.20328248
35,25,2,234,0.17477714
35,25,3,223,0.15936266
35,25,4,211,0.072534747
35,25,5,53,0.058130439
36,25,0,143,0.3125062
36,25,1,48,0.2830818
36,25,2,234,0.16619696
36,25,3,223,0.1191639
36,25,4,174,0.061502811
36,25,5,211,0.057548296
37,25,0,48,0.30786923
37,25,1,143,0.30713728
37,25,2,234,0.14959905
37,25,3,223,0.11673293
37,25,4,157,0.071186848
37,25,5,18,0.047474671
38,25,0,48,0.30251381
38,25,1,143,0.30526617
38,25,2,234,0.14677589
38,25,3,223,0.11599657
38,25,4,174,0.064299852
38,25,5,53,0.065147676
39,25,0,143,0.32259247
39,25,1,48,0.25713786
39,25,2,234,0.16523787
39,25,3,223,0.091570809
39,25,4,53,0.083943099
39,25,5,174,0.079517879
40,25,0,143,0.36314026
40,25,1,48,0.31269303
40,25,2,174,0.14039081
40,25,3,234,0.064524993
40,25,4,157,0.061550949
40,25,5,223,0.057699904
41,25,0,143,0.40121835
41,25,1,48,0.27045721
41,25,2,157,0.096317671
41,25,3,53,0.079532512
41,25,4,174,0.077212691
41,25,5,234,0.075261563
42,25,0,143,0.45617726
42,25,1,48,0.22570273
42,25,2,53,0.098888278
42,25,3,234,0.092814945
42,25,4,223,0.068128824
42,25,5,137,0.058287974
43,25,0,143,0.45480031
43,25,1,48,0.23653501
43,25,2,53,0.10714774
43,25,3,234,0.090743214
43,25,4,207,0.061076067
43,25,5,18,0.049697652
44,25,0,143,0.37460753
44,25,1,48,0.19679146
44,25,2,53,0.13493615
44,25,3,44,0.10858996
44,25,4,234,0.094968349
44,25,5,93,0.090106502
45,25,0,143,0.42786288
45,25,1,163,0.16419697
45,25,2,53,0.11401162
45,25,3,44,0.10584361
45,25,4,110,0.10293041
45,25,5,207,0.085154504
46,25,0,143,0.37422928
46,25,1,44,0.32601023
46,25,2,53,0.091817081
46,25,3,223,0.08010342
46,25,4,104,0.066231243
46,25,5,207,0.061608769
47,25,0,143,0.3866412
47,25,1,48,0.1726141
47,25,2,207,0.16009749
47,25,3,53,0.11449337
47,25,4,183,0.087131158
47,25,5,234,0.079022646
48,25,0,48,0.32665503
48,25,1,143,0.21512443
48,25,2,220,0.17357463
48,25,3,212,0.12281451
48,25,4,183,0.081863403
48,25,5,211,0.079968005
49,25,0,48,0.20415215
49,25,1,207,0.18743367
49,25,2,53,0.18691301
49,25,3,100,0.14117217
49,25,4,143,0.15312885
49,25,5,154,0.12720011
50,25,0,143,0.24675599
50,25,1,207,0.18978637
50,25,2,48,0.16831508
50,25,3,54,0.14873454
50,25,4,100,0.12463868
50,25,5,126,0.12176932
51,25,0,143,0.20749328
51,25,1,54,0.19213396
51,25,2,53,0.17691934
51,25,3,223,0.17931734
51,25,4,207,0.14647615
51,25,5,48,0.097659953
52,25,0,54,0.25862402
52,25,1,48,0.24625833
52,25,2,223,0.13651335
52,25,3,143,0.13647005
52,25,4,207,0.11353265
52,25,5,100,0.10860157
53,25,0,48,0.45923403
53,25,1,143,0.34522158
53,25,2,118,0.062682465
53,25,3,221,0.057619333
53,25,4,234,0.037524179
53,25,5,211,0.037718464
0,26,0,73,0.28154206
0,26,1,63,0.18543601
0,26,2,167,0.14440817
0,26,3,8,0.13942231
0,26,4,113,0.12995787
0,26,5,48,0.11923358
1,26,0,52,0.2499925
1,26,1,66,0.20928113
1,26,2,201,0.15290537
1,26,3,239,0.14693859
1,26,4,186,0.14410681
1,26,5,68,0.096775606
2,26,0,52,0.29878584
2,26,1,239,0.15683162
2,26,2,47,0.15058719
2,26,3,66,0.14402896
2,26,4,36,0.12140371
2,26,5,252,0.12836272
3,26,0,233,0.50235045
3,26,1,153,0.14754389
3,26,2,186,0.11631434
3,26,3,245,0.10150304
3,26,4,229,0.06764584
3,26,5,113,0.064642474
4,26,0,9,0.44263276
4,26,1,113,0.20660873
4,26,2,128,0.11133931
4,26,3,245,0.11059954
4,26,4,91,0.066373475
4,26,5,71,0.062446188
5,26,0,128,0.42359707
5,26,1,9,0.16348135
5,26,2,41,0.12859298
5,26,3,142,0.11228907
5,26,4,117,0.10001744
5,26,5,146,0.072022028
6,26,0,128,0.42194867
6,26,1,41,0.17278463
6,26,2,9,0.14857861
6,26,3,91,0.11718325
6,26,4,98,0.075338416
6,26,5,150,0.064166442
7,26,0,128,0.36611
7,26,1,9,0.17912708
7,26,2,41,0.15984392
7,26,3,91,0.13387825
7,26,4,98,0.080196954
7,26,5,202,0.080843769
8,26,0,91,0.50855112
8,26,1,128,0.22843568
8,26,2,9,0.07640332
8,26,3,41,0.071732521
8,26,4,220,0.06286373
8,26,5,98,0.052013647
9,26,0,9,0.25027734
9,26,1,128,0.19381304
9,26,2,91,0.17286587
9,26,3,188,0.17014101
9,26,4,32,0.11716489
9,26,5,101,0.095737882
10,26,0,245,0.24637038
10,26,1,128,0.18719117
10,26,2,98,0.17707938
10,26,3,7,0.13487089
10,26,4,58,0.13637418
10,26,5,41,0.11811403
11,26,0,131,0.25920862
11,26,1,98,0.2251257
11,26,2,245,0.21263444
11,26,3,232,0.12564272
11,26,4,128,0.091262132
11,26,5,7,0.086126395
12,26,0,7,0.34254277
12,26,1,91,0.20065078
12,26,2,98,0.1667881
12,26,3,245,0.16439135
12,26,4,75,0.083453089
12,26,5,232,0.042173948
13,26,0,136,0.35669613
13,26,1,7,0.28011027
13,26,2,98,0.16277218
13,26,3,202,0.082568079
13,26,4,46,0.06157193
13,26,5,75,0.056281451
14,26,0,7,0.37207779
14,26,1,251,0.18320976
14,26,2,98,0.16922402
14,26,3,66,0.10174789
14,26,4,128,0.087899931
14,26,5,41,0.085840642
15,26,0,7,0.3579089
15,26,1,202,0.16873434
15,26,2,98,0.16014989
15,26,3,251,0.12238475
15,26,4,136,0.10326289
15,26,5,46,0.087559208
16,26,0,58,0.58424765
16,26,1,7,0.17855985
16,26,2,131,0.087720245
16,26,3,202,0.052805081
16,26,4,98,0.051181737
16,26,5,66,0.045485489
17,26,0,91,0.40267
17,26,1,58,0.24613917
17,26,2,7,0.11241212
17,26,3,202,0.099834204
17,26,4,66,0.06867709
17,26,5,41,0.070267379
18,26,0,91,0.2452735
18,26,1,202,0.19507009
18,26,2,98,0.16682285
18,26,3,41,0.16459267
18,26,4,7,0.1169717
18,26,5,60,0.11126918
19,26,0,60,0.21984652
19,26,1,202,0.20881334
19,26,2,98,0.18100099
19,26,3,7,0.1455505
19,26,4,91,0.13850172
19,26,5,46,0.10628696
20,26,0,232,0.27982715
20,26,1,91,0.24495697
20,26,2,60,0.16764663
20,26,3,202,0.12987162
20,26,4,46,0.088439196
20,26,5,98,0.08925841
21,26,0,91,0.35765699
21,26,1,202,0.23049101
21,26,2,232,0.13395204
21,26,3,7,0.098968439
21,26,4,60,0.098020434
21,26,5,46,0.080911122
22,26,0,202,0.28680041
22,26,1,232,0.20705347
22,26,2,60,0.16548257
22,26,3,41,0.13551871
22,26,4,91,0.12125602
22,26,5,7,0.083888777
23,26,0,60,0.24610266
23,26,1,202,0.23327817
23,26,2,41,0.22808495
23,26,3,232,0.11415953
23,26,4,7,0.10491191
23,26,5,46,0.073462792
24,26,0,118,0.22170869
24,26,1,60,0.21453743
24,26,2,232,0.18339176
24,26,3,91,0.13747244
24,26,4,202,0.12165435
24,26,5,41,0.12123534
25,26,0,60,0.23597415
25,26,1,202,0.19206218
25,26,2,41,0.17563789
25,26,3,232,0.16753627
25,26,4,118,0.12623616
25,26,5,7,0.10255338
26,26,0,60,0.28202409
26,26,1,41,0.18489587
26,26,2,232,0.14625947
26,26,3,7,0.1370064
26,26,4,202,0.14055845
26,26,5,118,0.10925568
27,26,0,141,0.53231829
27,26,1,91,0.14260416
27,26,2,41,0.10512307
27,26,3,118,0.095332928
27,26,4,60,0.063352406
27,26,5,98,0.061269119
28,26,0,141,0.30588081
28,26,1,91,0.24200796
28,26,2,118,0.13117287
28,26,3,93,0.14476724
28,26,4,41,0.096467674
28,26,5,98,0.079703413
29,26,0,188,0.28587967
29,26,1,186,0.18689698
29,26,2,98,0.18733425
29,26,3,91,0.14281869
29,26,4,24,0.10237397
29,26,5,7,0.094696432
30,26,0,157,0.5475058
30,26,1,245,0.16665851
30,26,2,186,0.10328398
30,26,3,60,0.082508869
30,26,4,46,0.049362935
30,26,5,202,0.050679874
31,26,0,157,0.50941795
31,26,1,245,0.18482986
31,26,2,202,0.1106408
31,26,3,60,0.069231182
31,26,4,46,0.063086234
31,26,5,117,0.062794007
32,26,0,197,0.38165674
32,26,1,157,0.27789167
32,26,2,46,0.13046771
32,26,3,60,0.094834544
32,26,4,202,0.093110219
32,26,5,7,0.022039153
33,26,0,197,0.36416063
33,26,1,157,0.22511351
33,26,2,46,0.14338493
33,26,3,202,0.12398637
33,26,4,238,0.083868302
33,26,5,232,0.05948621
34,26,0,197,0.42017484
34,26,1,157,0.20105053
34,26,2,46,0.13747181
34,26,3,202,0.13801898
34,26,4,238,0.054860797
34,26,5,60,0.048423059
35,26,0,197,0.48079076
35,26,1,157,0.25809449
35,26,2,202,0.095949858
35,26,3,46,0.069316655
35,26,4,60,0.051694695
35,26,5,238,0.044153541
36,26,0,197,0.46874097
36,26,1,157,0.15745267
36,26,2,202,0.12549555
36,26,3,46,0.12101883
36,26,4,7,0.078403763
36,26,5,128,0.048888255
37,26,0,197,0.58168632
37,26,1,157,0.13052294
37,26,2,46,0.093108445
37,26,3,202,0.085184798
37,26,4,7,0.057080507
37,26,5,232,0.052417036
38,26,0,197,0.48643079
38,26,1,202,0.18665627
38,26,2,46,0.12227044
38,26,3,157,0.097695567
38,26,4,238,0.05635231
38,26,5,125,0.050594613
39,26,0,197,0.45601672
39,26,1,202,0.2414394
39,26,2,232,0.095610932
39,26,3,125,0.070394531
39,26,4,60,0.071603812
39,26,5,46,0.064934582
40,26,0,197,0.43947339
40,26,1,157,0.2408841
40,26,2,202,0.13341108
40,26,3,46,0.07640107
40,26,4,60,0.059246469
40,26,5,125,0.050583884
41,26,0,157,0.56261116
41,26,1,197,0.15306681
41,26,2,202,0.092879899
41,26,3,186,0.066634759
41,26,4,46,0.061752331
41,26,5,60,0.063055046
42,26,0,157,0.54314005
42,26,1,197,0.18501972
42,26,2,202,0.083584674
42,26,3,46,0.065716736
42,26,4,117,0.065999664
42,26,5,60,0.056539219
43,26,0,157,0.40741879
43,26,1,197,0.23634629
43,26,2,202,0.15267615
43,26,3,46,0.11749639
43,26,4,186,0.044149358
43,26,5,95,0.04191304
44,26,0,157,0.42329279
44,26,1,136,0.18249543
44,26,2,202,0.11861532
44,26,3,197,0.11367907
44,26,4,46,0.10521068
44,26,5,235,0.056706745
45,26,0,202,0.2767188
45,26,1,157,0.23706311
45,26,2,186,0.14723985
45,26,3,104,0.14104302
45,26,4,46,0.095244385
45,26,5,82,0.10269081
46,26,0,186,0.30132794
46,26,1,202,0.28231138
46,26,2,157,0.23272847
46,26,3,46,0.083246574
46,26,4,197,0.057374608
46,26,5,7,0.043011062
47,26,0,202,0.43410513
47,26,1,46,0.15759221
47,26,2,91,0.13634679
47,26,3,197,0.10898535
47,26,4,104,0.10589801
47,26,5,193,0.057072539
48,26,0,188,0.23386729
48,26,1,209,0.18464661
48,26,2,146,0.14807652
48,26,3,191,0.1434747
48,26,4,39,0.15202591
48,26,5,227,0.13790895
49,26,0,202,0.32955962
49,26,1,104,0.20691313
49,26,2,91,0.17363647
49,26,3,46,0.10284744
49,26,4,157,0.10897496
49,26,5,245,0.078068368
50,26,0,138,0.45593846
50,26,1,202,0.24102944
50,26,2,157,0.10239437
50,26,3,91,0.085011207
50,26,4,131,0.068049736
50,26,5,46,0.047576807
51,26,0,138,0.3753849
51,26,1,202,0.33301422
51,26,2,157,0.097456887
51,26,3,15,0.072278358
51,26,4,104,0.067444131
51,26,5,46,0.054421552
52,26,0,202,0.40476301
52,26,1,138,0.29805234
52,26,2,91,0.085734099
52,26,3,188,0.072431952
52,26,4,157,0.086521015
52,26,5,46,0.052497558
53,26,0,188,0.45816937
53,26,1,202,0.19005696
53,26,2,186,0.11019555
53,26,3,157,0.09602759
53,26,4,46,0.079431757
53,26,5,95,0.066118762
0,27,0,233,0.77436668
0,27,1,135,0.04940166
0,27,2,203,0.049474843
0,27,3,240,0.045034286
0,27,4,128,0.042588618
0,27,5,188,0.039133944
1,27,0,117,0.3177225
1,27,1,240,0.29557899
1,27,2,135,0.19194013
1,27,3,145,0.067769513
1,27,4,203,0.066050924
1,27,5,169,0.060937967
2,27,0,117,0.38673005
2,27,1,135,0.29488444
2,27,2,240,0.17618531
2,27,3,172,0.056511573
2,27,4,158,0.04401394
2,27,5,2,0.041674662
3,27,0,117,0.54741871
3,27,1,163,0.27498162
3,27,2,165,0.061100703
3,27,3,1,0.053107101
3,27,4,253,0.031225046
3,27,5,172,0.032166865
4,27,0,231,0.6616295
4,27,1,117,0.23766349
4,27,2,163,0.03421976
4,27,3,243,0.028772887
4,27,4,76,0.019922839
4,27,5,253,0.017791536
5,27,0,155,0.54808843
5,27,1,76,0.14940989
5,27,2,253,0.1167161
5,27,3,227,0.1017951
5,27,4,231,0.045170825
5,27,5,25,0.038819596
6,27,0,102,0.44049236
6,27,1,155,0.25638044
6,27,2,76,0.09625873
6,27,3,227,0.088010803
6,27,4,253,0.068581514
6,27,5,179,0.050276157
7,27,0,102,0.60222429
7,27,1,76,0.16698618
7,27,2,179,0.072379984
7,27,3,174,0.057427078
7,27,4,155,0.054800097
7,27,5,84,0.046182383
8,27,0,245,0.26371384
8,27,1,76,0.2347368
8,27,2,240,0.20492302
8,27,3,84,0.10714196
8,27,4,227,0.10281008
8,27,5,179,0.086674325
9,27,0,76,0.27459332
9,27,1,253,0.2383244
9,27,2,224,0.12697834
9,27,3,117,0.12032165
9,27,4,121,0.14294404
9,27,5,243,0.096838221
10,27,0,253,0.29618937
10,27,1,117,0.22800373
10,27,2,174,0.16811429
10,27,3,231,0.14698482
10,27,4,121,0.090956859
10,27,5,254,0.069750965
11,27,0,121,0.30100778
11,27,1,253,0.26581579
11,27,2,117,0.17255692
11,27,3,231,0.12602109
11,27,4,209,0.099837177
11,27,5,206,0.034761224
12,27,0,121,0.39331698
12,27,1,253,0.2879411
12,27,2,231,0.15913711
12,27,3,117,0.068263978
12,27,4,235,0.049552903
12,27,5,208,0.041787926
13,27,0,253,0.34318188
13,27,1,121,0.31957453
13,27,2,239,0.13859943
13,27,3,155,0.078156032
13,27,4,208,0.07051041
13,27,5,63,0.049977731
14,27,0,253,0.35214615
14,27,1,63,0.26066473
14,27,2,121,0.19353795
14,27,3,155,0.11227914
14,27,4,227,0.049796075
14,27,5,99,0.031575985
15,27,0,253,0.37526053
15,27,1,121,0.38605151
15,27,2,168,0.064410001
15,27,3,76,0.0584126
15,27,4,227,0.060600758
15,27,5,231,0.055264596
16,27,0,121,0.33013189
16,27,1,253,0.29890838
16,27,2,209,0.15593126
16,27,3,165,0.10911963
16,27,4,115,0.058226794
16,27,5,227,0.047682032
17,27,0,253,0.36428684
17,27,1,121,0.3689532
17,27,2,235,0.10514828
17,27,3,227,0.08510749
17,27,4,76,0.038156595
17,27,5,29,0.038347624
18,27,0,253,0.28508386
18,27,1,121,0.24404712
18,27,2,138,0.2456733
18,27,3,227,0.10382799
18,27,4,76,0.082436591
18,27,5,88,0.038931154
19,27,0,253,0.35047039
19,27,1,121,0.28432369
19,27,2,76,0.13224484
19,27,3,135,0.12715778
19,27,4,227,0.061401933
19,27,5,83,0.04440134
20,27,0,121,0.39671752
20,27,1,253,0.31353456
20,27,2,76,0.12152547
20,27,3,168,0.070370451
20,27,4,63,0.049984742
20,27,5,60,0.047867261
21,27,0,253,0.38070747
21,27,1,121,0.35765964
21,27,2,235,0.10616149
21,27,3,76,0.078237556
21,27,4,60,0.043144815
21,27,5,63,0.034089025
22,27,0,121,0.31182975
22,27,1,253,0.27467617
22,27,2,87,0.16067629
22,27,3,76,0.12616166
22,27,4,60,0.070883244
22,27,5,232,0.055772863
23,27,0,253,0.33488098
23,27,1,76,0.20838833
23,27,2,121,0.21445017
23,27,3,60,0.12964424
23,27,4,87,0.056442212
23,27,5,254,0.056194078
24,27,0,253,0.20135902
24,27,1,121,0.22724274
24,27,2,76,0.17206234
24,27,3,60,0.17315625
24,27,4,235,0.16713436
24,27,5,127,0.059045359
25,27,0,76,0.27996209
25,27,1,60,0.20008671
25,27,2,253,0.18827513
25,27,3,121,0.19977674
25,27,4,87,0.079041593
25,27,5,127,0.052857753
26,27,0,76,0.32457384
26,27,1,60,0.22196579
26,27,2,253,0.18927345
26,27,3,121,0.16498548
26,27,4,226,0.056304604
26,27,5,127,0.042896859
27,27,0,76,0.29197758
27,27,1,253,0.22731484
27,27,2,121,0.17755419
27,27,3,227,0.12155352
27,27,4,235,0.099039458
27,27,5,60,0.082560427
28,27,0,76,0.2681275
28,27,1,253,0.26164791
28,27,2,121,0.19529402
28,27,3,235,0.13614102
28,27,4,227,0.079648644
28,27,5,27,0.059140857
29,27,0,253,0.47384712
29,27,1,76,0.27686906
29,27,2,121,0.12528025
29,27,3,168,0.048197523
29,27,4,224,0.044041812
29,27,5,176,0.031764179
30,27,0,76,0.37723199
30,27,1,253,0.31499043
30,27,2,117,0.12136908
30,27,3,121,0.11188731
30,27,4,128,0.036044732
30,27,5,179,0.03847643
31,27,0,100,0.34530336
31,27,1,76,0.30732289
31,27,2,253,0.11511967
31,27,3,117,0.10686734
31,27,4,63,0.082285501
31,27,5,213,0.043101206
32,27,0,155,0.25920534
32,27,1,76,0.22614539
32,27,2,174,0.18362302
32,27,3,253,0.17182346
32,27,4,63,0.073650807
32,27,5,121,0.08555197
33,27,0,58,0.49448973
33,27,1,76,0.25497943
33,27,2,253,0.14141327
33,27,3,14,0.046016477
33,27,4,49,0.039779365
33,27,5,155,0.02332169
34,27,0,58,0.28715977
34,27,1,76,0.247036
34,27,2,253,0.19769758
34,27,3,60,0.12352531
34,27,4,49,0.077917345
34,27,5,183,0.066664033
35,27,0,14,0.34640795
35,27,1,76,0.24228932
35,27,2,253,0.18007821
35,27,3,58,0.10034408
35,27,4,49,0.073251098
35,27,5,176,0.057629328
36,27,0,76,0.26208076
36,27,1,253,0.25317773
36,27,2,183,0.1726602
36,27,3,49,0.12057468
36,27,4,60,0.10923767
36,27,5,179,0.082268953
37,27,0,183,0.25644141
37,27,1,76,0.22868636
37,27,2,155,0.18464355
37,27,3,253,0.14067839
37,27,4,121,0.10916446
37,27,5,60,0.080385797
38,27,0,14,0.31329361
38,27,1,76,0.263937
38,27,2,183,0.16818872
38,27,3,253,0.11120412
38,27,4,242,0.075889386
38,27,5,60,0.067487173
39,27,0,76,0.40152636
39,27,1,183,0.17137899
39,27,2,14,0.11931093
39,27,3,181,0.10868052
39,27,4,87,0.10748085
39,27,5,253,0.09162239
40,27,0,76,0.36826622
40,27,1,60,0.2888971
40,27,2,253,0.13647257
40,27,3,183,0.10625739
40,27,4,242,0.057958916
40,27,5,82,0.042147793
41,27,0,76,0.48278028
41,27,1,60,0.16698949
41,27,2,253,0.10502539
41,27,3,117,0.093231626
41,27,4,242,0.090847544
41,27,5,99,0.061125692
42,27,0,76,0.47403392
42,27,1,60,0.1413762
42,27,2,131,0.1086704
42,27,3,117,0.095898688
42,27,4,253,0.092971191
42,27,5,242,0.087049633
43,27,0,76,0.35874555
43,27,1,253,0.26753253
43,27,2,121,0.11829727
43,27,3,242,0.094058327
43,27,4,58,0.080113262
43,27,5,155,0.081253089
44,27,0,76,0.33598059
44,27,1,102,0.22582626
44,27,2,179,0.14608139
44,27,3,177,0.10192594
44,27,4,155,0.098118372
44,27,5,82,0.092067473
45,27,0,76,0.24145521
45,27,1,30,0.23094401
45,27,2,102,0.15644126
45,27,3,121,0.16142638
45,27,4,253,0.11371243
45,27,5,177,0.096020713
46,27,0,102,0.35654446
46,27,1,253,0.22860809
46,27,2,76,0.21152666
46,27,3,177,0.093009032
46,27,4,58,0.059211418
46,27,5,231,0.051100388
47,27,0,76,0.31810257
47,27,1,240,0.30693614
47,27,2,253,0.12953781
47,27,3,231,0.087018989
47,27,4,179,0.087203354
47,27,5,131,0.071201131
48,27,0,222,0.28646308
48,27,1,203,0.24922711
48,27,2,218,0.19596696
48,27,3,140,0.10627244
48,27,4,147,0.084510595
48,27,5,39,0.077559792
49,27,0,76,0.24347037
49,27,1,231,0.23770012
49,27,2,27,0.18034592
49,27,3,253,0.12876359
49,27,4,131,0.10981827
49,27,5,43,0.099901751
50,27,0,27,0.47604552
50,27,1,231,0.16255042
50,27,2,76,0.15157947
50,27,3,253,0.093063265
50,27,4,43,0.05587041
50,27,5,209,0.060890947
51,27,0,27,0.36909652
51,27,1,231,0.31859094
51,27,2,76,0.11080594
51,27,3,43,0.068031095
51,27,4,83,0.078312308
51,27,5,177,0.055163227
52,27,0,27,0.57436794
52,27,1,76,0.14498612
52,27,2,231,0.11895468
52,27,3,253,0.082246989
52,27,4,101,0.045005068
52,27,5,25,0.034439173
53,27,0,253,0.47574091
53,27,1,76,0.25000653
53,27,2,224,0.095377542
53,27,3,27,0.062893704
53,27,4,109,0.060958195
53,27,5,25,0.055023104
0,28,0,32,0.75612938
0,28,1,211,0.058667477
0,28,2,218,0.057897635
0,28,3,239,0.044263642
0,28,4,88,0.042982865
0,28,5,9,0.040058978
1,28,0,104,0.31897208
1,28,1,125,0.2016121
1,28,2,128,0.16610982
1,28,3,129,0.11777302
1,28,4,137,0.099074915
1,28,5,76,0.096458063
2,28,0,104,0.33200824
2,28,1,125,0.21916623
2,28,2,130,0.13862012
2,28,3,57,0.13822688
2,28,4,71,0.08727736
2,28,5,56,0.084701143
3,28,0,57,0.30928394
3,28,1,125,0.18471117
3,28,2,51,0.17843553
3,28,3,160,0.17076905
3,28,4,61,0.096716151
3,28,5,171,0.060084153
4,28,0,57,0.53814179
4,28,1,125,0.22983928
4,28,2,160,0.11672394
4,28,3,51,0.044013388
4,28,4,119,0.035722196
4,28,5,46,0.035559397
5,28,0,57,0.45528865
5,28,1,228,0.27061856
5,28,2,8,0.09325587
5,28,3,160,0.085914358
5,28,4,104,0.053534713
5,28,5,193,0.041387804
6,28,0,57,0.45165387
6,28,1,228,0.26883084
6,28,2,8,0.0889268
6,28,3,160,0.074378967
6,28,4,17,0.060213313
6,28,5,171,0.055996176
7,28,0,57,0.47082609
7,28,1,171,0.1760594
7,28,2,160,0.16273417
7,28,3,196,0.074683435
7,28,4,119,0.054321531
7,28,5,8,0.06137538
8,28,0,171,0.43240935
8,28,1,57,0.30643153
8,28,2,196,0.091945209
8,28,3,160,0.067181349
8,28,4,228,0.05134296
8,28,5,94,0.050689567
9,28,0,57,0.54189044
9,28,1,85,0.20675462
9,28,2,178,0.080638453
9,28,3,171,0.069187738
9,28,4,160,0.059417497
9,28,5,91,0.042111259
10,28,0,149,0.37538832
10,28,1,57,0.29302368
10,28,2,125,0.20232002
10,28,3,160,0.056529734
10,28,4,89,0.042634271
10,28,5,135,0.030103976
11,28,0,125,0.33397743
11,28,1,149,0.22350471
11,28,2,89,0.19860305
11,28,3,160,0.11531509
11,28,4,57,0.088610783
11,28,5,201,0.039988965
12,28,0,125,0.43598902
12,28,1,89,0.30717194
12,28,2,57,0.081015274
12,28,3,160,0.068337739
12,28,4,149,0.063058831
12,28,5,91,0.044427242
13,28,0,89,0.31502974
13,28,1,57,0.17788844
13,28,2,125,0.15271102
13,28,3,29,0.15703993
13,28,4,160,0.11490292
13,28,5,62,0.082427964
14,28,0,160,0.21806061
14,28,1,89,0.2116387
14,28,2,57,0.18962747
14,28,3,62,0.19567175
14,28,4,112,0.10528225
14,28,5,12,0.079719171
15,28,0,57,0.29526234
15,28,1,62,0.21724905
15,28,2,89,0.16479903
15,28,3,160,0.14424838
15,28,4,233,0.093431309
15,28,5,53,0.085009895
16,28,0,160,0.42594093
16,28,1,57,0.20682594
16,28,2,4,0.087350711
16,28,3,12,0.094492264
16,28,4,89,0.0960453
16,28,5,62,0.089344881
17,28,0,160,0.46508393
17,28,1,57,0.20932046
17,28,2,91,0.10613548
17,28,3,104,0.080786958
17,28,4,94,0.075144894
17,28,5,233,0.06352824
18,28,0,160,0.42004997
18,28,1,233,0.15278617
18,28,2,112,0.13966011
18,28,3,228,0.11681858
18,28,4,57,0.084320307
18,28,5,8,0.086364903
19,28,0,160,0.30491975
19,28,1,228,0.2568773
19,28,2,233,0.21218908
19,28,3,54,0.084555283
19,28,4,112,0.073391274
19,28,5,53,0.068067357
20,28,0,239,0.53054148
20,28,1,160,0.19850595
20,28,2,233,0.093627863
20,28,3,57,0.060387377
20,28,4,54,0.065980636
20,28,5,53,0.050956666
21,28,0,160,0.37810737
21,28,1,233,0.21002361
21,28,2,57,0.17018983
21,28,3,94,0.08669728
21,28,4,91,0.077460095
21,28,5,80,0.077521764
22,28,0,160,0.29419199
22,28,1,80,0.22055265
22,28,2,233,0.16416024
22,28,3,62,0.12940413
22,28,4,57,0.1157041
22,28,5,54,0.075986914
23,28,0,62,0.34843677
23,28,1,160,0.22211027
23,28,2,233,0.16329296
23,28,3,80,0.096722193
23,28,4,57,0.080997638
23,28,5,54,0.088440165
24,28,0,62,0.25416866
24,28,1,233,0.21165994
24,28,2,57,0.2038932
24,28,3,160,0.14783916
24,28,4,251,0.1127971
24,28,5,61,0.069641963
25,28,0,62,0.32345366
25,28,1,233,0.18415584
25,28,2,160,0.17872901
25,28,3,57,0.11733023
25,28,4,80,0.11215191
25,28,5,54,0.084179409
26,28,0,62,0.3610647
26,28,1,233,0.23142765
26,28,2,160,0.16232629
26,28,3,54,0.10313819
26,28,4,57,0.080540106
26,28,5,80,0.061503004
27,28,0,57,0.25098917
27,28,1,160,0.24198489
27,28,2,112,0.18507017
27,28,3,62,0.13414265
27,28,4,251,0.10201225
27,28,5,8,0.085800856
28,28,0,57,0.38912803
28,28,1,160,0.23540157
28,28,2,233,0.097286902
28,28,3,62,0.12230106
28,28,4,251,0.078639083
28,28,5,8,0.07724335
29,28,0,57,0.41261628
29,28,1,160,0.23811004
29,28,2,233,0.10073305
29,28,3,178,0.079698294
29,28,4,62,0.093349285
29,28,5,85,0.07549303
30,28,0,167,0.46416765
30,28,1,233,0.15970472
30,28,2,57,0.13750429
30,28,3,160,0.093208671
30,28,4,103,0.084109187
30,28,5,112,0.061305515
31,28,0,233,0.28456885
31,28,1,103,0.22195275
31,28,2,160,0.16679502
31,28,3,125,0.14700237
31,28,4,57,0.10697448
31,28,5,147,0.072706521
32,28,0,233,0.50297552
32,28,1,57,0.20010868
32,28,2,160,0.097982377
32,28,3,29,0.096460357
32,28,4,167,0.053229082
32,28,5,111,0.049243934
33,28,0,233,0.46867782
33,28,1,57,0.22909924
33,28,2,160,0.11960606
33,28,3,196,0.078580499
33,28,4,104,0.048834611
33,28,5,191,0.055201791
34,28,0,233,0.35513252
34,28,1,41,0.22450316
34,28,2,118,0.15045187
34,28,3,57,0.13229534
34,28,4,160,0.071970545
34,28,5,243,0.065646559
35,28,0,233,0.35095584
35,28,1,57,0.22996284
35,28,2,196,0.17927809
35,28,3,171,0.089773379
35,28,4,160,0.084428936
35,28,5,19,0.065600887
36,28,0,233,0.29684514
36,28,1,57,0.16769885
36,28,2,118,0.17766881
36,28,3,41,0.14273366
36,28,4,53,0.12379367
36,28,5,160,0.091259912
37,28,0,233,0.26681188
37,28,1,41,0.19608873
37,28,2,57,0.15114954
37,28,3,156,0.12622249
37,28,4,160,0.12530695
37,28,5,118,0.13442041
38,28,0,233,0.28842306
38,28,1,41,0.27518126
38,28,2,57,0.15884981
38,28,3,80,0.11263686
38,28,4,196,0.085652307
38,28,5,156,0.079256676
39,28,0,80,0.28336832
39,28,1,233,0.23776612
39,28,2,41,0.16716923
39,28,3,156,0.15878795
39,28,4,130,0.08527635
39,28,5,57,0.067632012
40,28,0,233,0.30182746
40,28,1,41,0.28834933
40,28,2,57,0.13459222
40,28,3,156,0.10199115
40,28,4,80,0.093562245
40,28,5,191,0.07967753
41,28,0,233,0.2768406
41,28,1,167,0.25295836
41,28,2,103,0.19161454
41,28,3,41,0.09557116
41,28,4,160,0.093500532
41,28,5,57,0.089514844
42,28,0,233,0.30272865
42,28,1,103,0.24134184
42,28,2,41,0.12718855
42,28,3,160,0.12039077
42,28,4,167,0.10543255
42,28,5,156,0.10291765
43,28,0,233,0.40599242
43,28,1,103,0.13997136
43,28,2,160,0.11444376
43,28,3,156,0.11363737
43,28,4,191,0.12041474
43,28,5,147,0.10554038
44,28,0,233,0.40604973
44,28,1,160,0.19198115
44,28,2,17,0.11771757
44,28,3,57,0.10964158
44,28,4,29,0.093628414
44,28,5,103,0.080981568
45,28,0,160,0.30343583
45,28,1,233,0.24393061
45,28,2,81,0.20876381
45,28,3,91,0.087404184
45,28,4,191,0.086496748
45,28,5,162,0.069968782
46,28,0,233,0.35515514
46,28,1,21,0.21672322
46,28,2,160,0.1571119
46,28,3,135,0.10292236
46,28,4,191,0.089189261
46,28,5,81,0.078898147
47,28,0,233,0.2600854
47,28,1,160,0.20724608
47,28,2,21,0.16267802
47,28,3,81,0.13672729
47,28,4,57,0.12808439
47,28,5,91,0.10517884
48,28,0,45,0.27579919
48,28,1,177,0.18706976
48,28,2,57,0.15792805
48,28,3,130,0.15266955
48,28,4,127,0.12651022
48,28,5,124,0.10002326
49,28,0,91,0.27961794
49,28,1,160,0.27911186
49,28,2,162,0.19899106
49,28,3,233,0.10229751
49,28,4,57,0.08129362
49,28,5,147,0.058688007
50,28,0,160,0.26800761
50,28,1,91,0.16295046
50,28,2,57,0.16554309
50,28,3,154,0.14804155
50,28,4,233,0.1312007
50,28,5,121,0.12425661
51,28,0,160,0.42799866
51,28,1,91,0.12780756
51,28,2,249,0.13241309
51,28,3,228,0.10329599
51,28,4,57,0.096769795
51,28,5,212,0.11171488
52,28,0,160,0.31742516
52,28,1,57,0.20137993
52,28,2,233,0.16594335
52,28,3,91,0.13108052
52,28,4,121,0.10524317
52,28,5,112,0.078927837
53,28,0,178,0.30051515
53,28,1,57,0.21594366
53,28,2,160,0.1682009
53,28,3,233,0.13432221
53,28,4,85,0.11350057
53,28,5,135,0.067517534
0,29,0,180,0.9195165
0,29,1,239,0.013870494
0,29,2,126,0.018665807
0,29,3,55,0.019275224
0,29,4,51,0.014480021
0,29,5,130,0.01419197
1,29,0,59,0.25309545
1,29,1,3,0.225113
1,29,2,131,0.16032395
1,29,3,33,0.16317491
1,29,4,57,0.11132343
1,29,5,252,0.086969279
2,29,0,3,0.36902291
2,29,1,33,0.26960564
2,29,2,186,0.11290097
2,29,3,57,0.090084776
2,29,4,131,0.086004443
2,29,5,145,0.072381265
3,29,0,251,0.54331023
3,29,1,215,0.20385048
3,29,2,172,0.086835459
3,29,3,175,0.065043196
3,29,4,51,0.051678233
3,29,5,177,0.049282443
4,29,0,215,0.39717793
4,29,1,177,0.20254332
4,29,2,172,0.12892795
4,29,3,119,0.11910664
4,29,4,175,0.080003947
4,29,5,114,0.072240159
5,29,0,177,0.25580788
5,29,1,100,0.24985638
5,29,2,175,0.15385076
5,29,3,129,0.11375453
5,29,4,223,0.12853184
5,29,5,198,0.098198555
6,29,0,98,0.4222455
6,29,1,177,0.13002577
6,29,2,100,0.12630798
6,29,3,33,0.14145291
6,29,4,175,0.091229364
6,29,5,129,0.088738464
7,29,0,98,0.53985763
7,29,1,33,0.19904822
7,29,2,43,0.069347389
7,29,3,177,0.070379458
7,29,4,90,0.069275096
7,29,5,60,0.052092195
8,29,0,3,0.25106844
8,29,1,198,0.19982539
8,29,2,177,0.18137899
8,29,3,33,0.16558354
8,29,4,175,0.11784039
8,29,5,149,0.084303319
9,29,0,177,0.37669274
9,29,1,175,0.23417203
9,29,2,33,0.13595691
9,29,3,149,0.087818421
9,29,4,67,0.090055428
9,29,5,222,0.075304419
10,29,0,88,0.39035416
10,29,1,238,0.16130947
10,29,2,131,0.16100921
10,29,3,33,0.11940733
10,29,4,175,0.096312456
10,29,5,177,0.071607396
11,29,0,88,0.56676805
11,29,1,149,0.14973196
11,29,2,119,0.13006112
11,29,3,131,0.066255391
11,29,4,238,0.044470709
11,29,5,215,0.042712737
12,29,0,119,0.35288143
12,29,1,55,0.298989
12,29,2,149,0.13192058
12,29,3,215,0.12136485
12,29,4,175,0.055207364
12,29,5,171,0.039636776
13,29,0,235,0.26425558
13,29,1,33,0.25418654
13,29,2,119,0.14551355
13,29,3,176,0.12088542
13,29,4,144,0.11386286
13,29,5,209,0.10129602
14,29,0,149,0.3387982
14,29,1,119,0.21419053
14,29,2,255,0.15100014
14,29,3,166,0.12019671
14,29,4,198,0.094319247
14,29,5,175,0.081495158
15,29,0,149,0.28829053
15,29,1,33,0.17940061
15,29,2,166,0.14279506
15,29,3,88,0.13901773
15,29,4,119,0.13037841
15,29,5,175,0.12011764
16,29,0,88,0.37179676
16,29,1,166,0.13886645
16,29,2,149,0.13594936
16,29,3,156,0.12582295
16,29,4,54,0.12131608
16,29,5,119,0.10624842
17,29,0,55,0.43501282
17,29,1,175,0.13477941
17,29,2,166,0.13361678
17,29,3,119,0.10857762
17,29,4,149,0.10102911
17,29,5,100,0.086984225
18,29,0,17,0.36752513
18,29,1,149,0.25055841
18,29,2,100,0.10962861
18,29,3,33,0.11480067
18,29,4,175,0.082409792
18,29,5,166,0.075077437
19,29,0,149,0.26037955
19,29,1,94,0.19777042
19,29,2,223,0.17721781
19,29,3,33,0.15563004
19,29,4,54,0.12353902
19,29,5,247,0.085463181
20,29,0,76,0.32638517
20,29,1,119,0.26035035
20,29,2,149,0.17342871
20,29,3,88,0.13293688
20,29,4,181,0.056645956
20,29,5,54,0.050252967
21,29,0,55,0.41479748
21,29,1,119,0.21321389
21,29,2,149,0.18229385
21,29,3,54,0.068365276
21,29,4,43,0.061466601
21,29,5,166,0.059862833
22,29,0,149,0.21265024
22,29,1,243,0.17239554
22,29,2,43,0.15903959
22,29,3,83,0.16239263
22,29,4,119,0.15684105
22,29,5,55,0.13668096
23,29,0,83,0.47869575
23,29,1,45,0.10970589
23,29,2,149,0.10309715
23,29,3,43,0.10404278
23,29,4,48,0.10337031
23,29,5,255,0.10108815
24,29,0,55,0.43140796
24,29,1,83,0.13618557
24,29,2,109,0.13411503
24,29,3,120,0.11412486
24,29,4,43,0.10606201
24,29,5,149,0.078104563
25,29,0,83,0.29779211
25,29,1,43,0.17797135
25,29,2,48,0.16188486
25,29,3,54,0.12269448
25,29,4,41,0.12376887
25,29,5,149,0.11588836
26,29,0,83,0.32579225
26,29,1,54,0.18121393
26,29,2,43,0.15747586
26,29,3,149,0.12152651
26,29,4,48,0.11485938
26,29,5,247,0.099132054
27,29,0,126,0.48123643
27,29,1,88,0.19087306
27,29,2,43,0.11777219
27,29,3,119,0.077173643
27,29,4,120,0.066333935
27,29,5,55,0.066610739
28,29,0,126,0.28567293
28,29,1,55,0.27262589
28,29,2,43,0.12911221
28,29,3,119,0.12030381
28,29,4,90,0.098079987
28,29,5,54,0.094205186
29,29,0,33,0.31098866
29,29,1,90,0.15669318
29,29,2,67,0.14762565
29,29,3,222,0.14132003
29,29,4,43,0.12657611
29,29,5,121,0.11679635
30,29,0,247,0.20227163
30,29,1,41,0.17977823
30,29,2,43,0.17789465
30,29,3,223,0.15497455
30,29,4,33,0.15238637
30,29,5,252,0.13269453
31,29,0,43,0.28006974
31,29,1,247,0.17712143
31,29,2,41,0.15065214
31,29,3,175,0.13276905
31,29,4,149,0.12767534
31,29,5,235,0.13171226
32,29,0,235,0.27973145
32,29,1,177,0.19173004
32,29,2,41,0.1432582
32,29,3,90,0.14012846
32,29,4,247,0.12986058
32,29,5,149,0.11529126
33,29,0,177,0.35891351
33,29,1,43,0.16636091
33,29,2,235,0.17818926
33,29,3,90,0.1291566
33,29,4,41,0.10146908
33,29,5,247,0.065910593
34,29,0,235,0.30883613
34,29,1,177,0.28622818
34,29,2,43,0.13470566
34,29,3,41,0.098080575
34,29,4,90,0.092116676
34,29,5,158,0.080032818
35,29,0,177,0.38516325
35,29,1,173,0.36055365
35,29,2,41,0.098020762
35,29,3,43,0.068327934
35,29,4,138,0.04496086
35,29,5,90,0.042973593
36,29,0,177,0.38554734
36,29,1,235,0.2558549
36,29,2,83,0.14124152
36,29,3,43,0.080971934
36,29,4,247,0.069324508
36,29,5,90,0.067059763
37,29,0,177,0.48065469
37,29,1,235,0.25442001
37,29,2,45,0.078708701
37,29,3,43,0.064886123
37,29,4,251,0.060978737
37,29,5,247,0.060351703
38,29,0,177,0.53613192
38,29,1,45,0.18337967
38,29,2,43,0.11383302
38,29,3,235,0.083016343
38,29,4,90,0.044259991
38,29,5,41,0.039379053
39,29,0,177,0.35298285
39,29,1,45,0.21158692
39,29,2,235,0.18204658
39,29,3,43,0.15008731
39,29,4,149,0.061442457
39,29,5,157,0.041853931
40,29,0,177,0.21293132
40,29,1,235,0.21071602
40,29,2,83,0.17638683
40,29,3,33,0.15801159
40,29,4,43,0.14326367
40,29,5,90,0.098690502
41,29,0,177,0.2203241
41,29,1,247,0.1802665
41,29,2,235,0.17996565
41,29,3,43,0.16308726
41,29,4,83,0.14841521
41,29,5,33,0.10794128
42,29,0,235,0.35167658
42,29,1,177,0.15625581
42,29,2,43,0.14221244
42,29,3,83,0.1065492
42,29,4,33,0.11103687
42,29,5,186,0.13226907
43,29,0,235,0.44950259
43,29,1,177,0.14529453
43,29,2,43,0.10629185
43,29,3,33,0.11387322
43,29,4,247,0.09499485
43,29,5,41,0.090042934
44,29,0,235,0.29501304
44,29,1,98,0.23717187
44,29,2,46,0.15366969
44,29,3,177,0.11291935
44,29,4,43,0.10990616
44,29,5,41,0.091319866
45,29,0,46,0.42474607
45,29,1,98,0.21847112
45,29,2,43,0.11216664
45,29,3,247,0.088553794
45,29,4,41,0.085562028
45,29,5,15,0.070500366
46,29,0,98,0.38764158
46,29,1,239,0.248946
46,29,2,180,0.098556049
46,29,3,43,0.085510299
46,29,4,70,0.098943681
46,29,5,41,0.080402397
47,29,0,49,0.6997456
47,29,1,43,0.088614359
47,29,2,239,0.053272188
47,29,3,41,0.056263357
47,29,4,70,0.065191872
47,29,5,149,0.036912635
48,29,0,132,0.23953538
48,29,1,177,0.22162433
48,29,2,140,0.15951604
48,29,3,104,0.13324392
48,29,4,192,0.12400356
48,29,5,11,0.12207678
49,29,0,46,0.38849178
49,29,1,159,0.28638709
49,29,2,70,0.1149692
49,29,3,235,0.079559341
49,29,4,76,0.06661918
49,29,5,234,0.063973427
50,29,0,188,0.22997312
50,29,1,177,0.15296437
50,29,2,70,0.15644969
50,29,3,35,0.23904242
50,29,4,22,0.12001804
50,29,5,43,0.10155234
51,29,0,74,0.44541496
51,29,1,70,0.18273531
51,29,2,239,0.10193346
51,29,3,94,0.1115493
51,29,4,46,0.084497459
51,29,5,119,0.073869556
52,29,0,177,0.19858368
52,29,1,70,0.20757993
52,29,2,17,0.17685279
52,29,3,41,0.15389085
52,29,4,43,0.10813128
52,29,5,72,0.15496148
53,29,0,177,0.28688857
53,29,1,222,0.28207207
53,29,2,33,0.14976564
53,29,3,67,0.10477771
53,29,4,41,0.096967235
53,29,5,43,0.079528786
0,30,0,121,0.92021042
0,30,1,176,0.023229411
0,30,2,104,0.026207699
0,30,3,70,0.011540354
0,30,4,90,0.0097979074
0,30,5,30,0.0090141958
1,30,0,36,0.31884834
1,30,1,23,0.2221726
1,30,2,37,0.13065435
1,30,3,222,0.13325511
1,30,4,228,0.10335632
1,30,5,102,0.091713302
2,30,0,36,0.33657935
2,30,1,37,0.22999316
2,30,2,23,0.16160755
2,30,3,117,0.10901582
2,30,4,89,0.084955946
2,30,5,132,0.077848181
3,30,0,234,0.44308615
3,30,1,36,0.31050715
3,30,2,249,0.070049234
3,30,3,227,0.071385473
3,30,4,228,0.055387754
3,30,5,219,0.049584273
4,30,0,36,0.28278184
4,30,1,79,0.27942768
4,30,2,234,0.1694178
4,30,3,35,0.1232121
4,30,4,30,0.093427435
4,30,5,12,0.051733159
5,30,0,219,0.33223739
5,30,1,30,0.1786963
5,30,2,156,0.14557874
5,30,3,243,0.14693446
5,30,4,79,0.10242608
5,30,5,189,0.094127029
6,30,0,8,0.36530444
6,30,1,219,0.15160818
6,30,2,243,0.15586834
6,30,3,37,0.1265559
6,30,4,30,0.10442882
6,30,5,174,0.096234255
7,30,0,8,0.33019468
7,30,1,201,0.305785
7,30,2,200,0.13039266
7,30,3,117,0.083141133
7,30,4,219,0.077578872
7,30,5,30,0.072907642
8,30,0,201,0.5092572
8,30,1,200,0.23861666
8,30,2,219,0.11536243
8,30,3,189,0.062715188
8,30,4,30,0.038923241
8,30,5,234,0.035125323
9,30,0,219,0.3991189
9,30,1,200,0.22838771
9,30,2,30,0.13749017
9,30,3,37,0.097034045
9,30,4,189,0.068964258
9,30,5,234,0.069004931
10,30,0,36,0.43311089
10,30,1,219,0.16599895
10,30,2,30,0.14053892
10,30,3,117,0.10609961
10,30,4,234,0.0865255
10,30,5,163,0.067726173
11,30,0,36,0.52552456
11,30,1,35,0.11258513
11,30,2,141,0.11401293
11,30,3,75,0.10289515
11,30,4,189,0.069886662
11,30,5,72,0.075095586
12,30,0,36,0.19896753
12,30,1,158,0.16654892
12,30,2,248,0.17285746
12,30,3,35,0.15636799
12,30,4,63,0.15171808
12,30,5,228,0.15354005
13,30,0,162,0.30848163
13,30,1,243,0.201406
13,30,2,248,0.15123762
13,30,3,106,0.15951405
13,30,4,19,0.095974632
13,30,5,239,0.083386071
14,30,0,248,0.36046788
14,30,1,219,0.21803187
14,30,2,40,0.15051034
14,30,3,213,0.10561675
14,30,4,30,0.084867105
14,30,5,63,0.080506034
15,30,0,248,0.30671585
15,30,1,30,0.29247677
15,30,2,219,0.18876193
15,30,3,213,0.084793173
15,30,4,40,0.066330649
15,30,5,75,0.060921669
16,30,0,30,0.43923756
16,30,1,103,0.18042742
16,30,2,40,0.11317454
16,30,3,117,0.088387273
16,30,4,75,0.091809638
16,30,5,248,0.086963587
17,30,0,40,0.2124442
17,30,1,200,0.19825195
17,30,2,30,0.18638736
17,30,3,219,0.12984787
17,30,4,0,0.143418
17,30,5,248,0.12965062
18,30,0,40,0.40842041
18,30,1,30,0.30427733
18,30,2,248,0.11867812
18,30,3,118,0.063806221
18,30,4,158,0.049242441
18,30,5,139,0.05557552
19,30,0,30,0.44613439
19,30,1,40,0.24962668
19,30,2,158,0.088384651
19,30,3,248,0.084076576
19,30,4,107,0.077425294
19,30,5,31,0.054352403
20,30,0,30,0.54715341
20,30,1,163,0.13398339
20,30,2,251,0.10277525
20,30,3,220,0.074275352
20,30,4,45,0.073450655
20,30,5,118,0.068361923
21,30,0,30,0.63047701
21,30,1,158,0.07649333
21,30,2,40,0.074230738
21,30,3,118,0.079066031
21,30,4,6,0.072933517
21,30,5,213,0.066799328
22,30,0,30,0.57884127
22,30,1,118,0.11875397
22,30,2,40,0.10112423
22,30,3,31,0.071989827
22,30,4,248,0.069635183
22,30,5,6,0.05965551
23,30,0,30,0.51061094
23,30,1,243,0.19380876
23,30,2,118,0.088953607
23,30,3,6,0.079112865
23,30,4,40,0.066990152
23,30,5,31,0.060523726
24,30,0,30,0.63660932
24,30,1,118,0.079664432
24,30,2,117,0.075584695
24,30,3,228,0.077951871
24,30,4,51,0.066931404
24,30,5,251,0.063258246
25,30,0,30,0.59622651
25,30,1,40,0.10608028
25,30,2,139,0.092000522
25,30,3,78,0.071097717
25,30,4,248,0.068160817
25,30,5,118,0.06643419
26,30,0,30,0.59074938
26,30,1,40,0.098310068
26,30,2,117,0.097010016
26,30,3,248,0.080007687
26,30,4,213,0.072729342
26,30,5,158,0.06119347
27,30,0,30,0.47354835
27,30,1,75,0.14589076
27,30,2,200,0.12573837
27,30,3,235,0.10875109
27,30,4,107,0.083990216
27,30,5,163,0.062081203
28,30,0,200,0.26976037
28,30,1,30,0.25052905
28,30,2,235,0.13497674
28,30,3,109,0.11839601
28,30,4,37,0.11375077
28,30,5,0,0.11258709
29,30,0,50,0.29001117
29,30,1,30,0.21928202
29,30,2,37,0.18355228
29,30,3,109,0.13161249
29,30,4,3,0.086514615
29,30,5,248,0.08902742
30,30,0,30,0.3759751
30,30,1,36,0.27093655
30,30,2,234,0.1053272
30,30,3,75,0.10416475
30,30,4,228,0.075985856
30,30,5,158,0.067610495
31,30,0,30,0.23150638
31,30,1,243,0.23892608
31,30,2,228,0.16051617
31,30,3,36,0.1298804
31,30,4,106,0.13533427
31,30,5,234,0.10383666
32,30,0,156,0.2538524
32,30,1,30,0.22503938
32,30,2,19,0.18257844
32,30,3,136,0.13951847
32,30,4,243,0.11208319
32,30,5,239,0.086928137
33,30,0,30,0.36173952
33,30,1,19,0.27990231
33,30,2,222,0.11971173
33,30,3,177,0.10684717
33,30,4,136,0.079389691
33,30,5,87,0.052409597
34,30,0,30,0.3052156
34,30,1,19,0.30507123
34,30,2,136,0.13614273
34,30,3,31,0.084061727
34,30,4,184,0.083969593
34,30,5,243,0.085539147
35,30,0,30,0.28724679
35,30,1,222,0.23243652
35,30,2,19,0.15285599
35,30,3,243,0.15679726
35,30,4,200,0.12087905
35,30,5,189,0.049784396
36,30,0,19,0.32310903
36,30,1,30,0.28942108
36,30,2,184,0.10820106
36,30,3,248,0.099638641
36,30,4,136,0.10353096
36,30,5,74,0.076099209
37,30,0,19,0.27902868
37,30,1,156,0.20145571
37,30,2,30,0.16211641
37,30,3,136,0.16834937
37,30,4,74,0.12782927
37,30,5,118,0.061220597
38,30,0,19,0.42944008
38,30,1,30,0.22643927
38,30,2,222,0.10253908
38,30,3,74,0.084324948
38,30,4,213,0.0833418
38,30,5,31,0.073914826
39,30,0,19,0.38051844
39,30,1,30,0.3066923
39,30,2,248,0.091439322
39,30,3,74,0.076983072
39,30,4,107,0.064688586
39,30,5,136,0.079678282
40,30,0,30,0.26167127
40,30,1,19,0.18096673
40,30,2,243,0.183386
40,30,3,248,0.13904107
40,30,4,213,0.11489813
40,30,5,106,0.12003674
41,30,0,30,0.31023076
41,30,1,106,0.23934072
41,30,2,36,0.12295495
41,30,3,107,0.11833426
41,30,4,228,0.11916659
41,30,5,75,0.089972749
42,30,0,30,0.3087582
42,30,1,106,0.22478683
42,30,2,228,0.14018159
42,30,3,19,0.11652151
42,30,4,107,0.10343941
42,30,5,239,0.10631242
43,30,0,162,0.27078226
43,30,1,19,0.18894923
43,30,2,30,0.17351787
43,30,3,239,0.16135456
43,30,4,248,0.10852025
43,30,5,106,0.096875794
44,30,0,162,0.29950139
44,30,1,8,0.2356796
44,30,2,30,0.20065375
44,30,3,19,0.091802031
44,30,4,239,0.088083461
44,30,5,106,0.084279776
45,30,0,30,0.249924
45,30,1,75,0.19564246
45,30,2,19,0.14916085
45,30,3,248,0.14814307
45,30,4,8,0.1358235
45,30,5,170,0.12130613
46,30,0,8,0.32983872
46,30,1,19,0.2168466
46,30,2,30,0.1545116
46,30,3,248,0.13675569
46,30,4,75,0.086546637
46,30,5,162,0.075500779
47,30,0,30,0.29002172
47,30,1,248,0.21311799
47,30,2,19,0.16252185
47,30,3,238,0.1450877
47,30,4,117,0.092478037
47,30,5,21,0.096772723
48,30,0,37,0.22146825
48,30,1,23,0.18431704
48,30,2,50,0.17617406
48,30,3,236,0.15217009
48,30,4,74,0.13288094
48,30,5,117,0.13298956
49,30,0,194,0.23499487
49,30,1,19,0.2208337
49,30,2,170,0.16385478
49,30,3,248,0.14152052
49,30,4,243,0.13409671
49,30,5,30,0.10469941
50,30,0,19,0.20123118
50,30,1,248,0.19672169
50,30,2,21,0.16168348
50,30,3,200,0.13319001
50,30,4,30,0.12993692
50,30,5,198,0.17723675
51,30,0,19,0.25141674
51,30,1,248,0.22003159
51,30,2,194,0.17570882
51,30,3,170,0.14346147
51,30,4,30,0.11548445
51,30,5,118,0.093896918
52,30,0,248,0.21897508
52,30,1,30,0.1679651
52,30,2,74,0.14827016
52,30,3,19,0.14723578
52,30,4,198,0.17933063
52,30,5,21,0.13822326
53,30,0,50,0.36344862
53,30,1,30,0.16261642
53,30,2,248,0.12222414
53,30,3,117,0.120169
53,30,4,109,0.11751788
53,30,5,37,0.11402396
0,31,0,76,0.23722558
0,31,1,35,0.21085759
0,31,2,180,0.16683295
0,31,3,196,0.1352257
0,31,4,202,0.12870353
0,31,5,30,0.12115469
1,31,0,133,0.35607606
1,31,1,81,0.19599952
1,31,2,19,0.16730182
1,31,3,106,0.10729216
1,31,4,129,0.091114357
1,31,5,245,0.082216091
2,31,0,65,0.2271203
2,31,1,126,0.17572172
2,31,2,44,0.17363216
2,31,3,19,0.16987297
2,31,4,133,0.12963235
2,31,5,245,0.12402053
3,31,0,126,0.35874608
3,31,1,9,0.31711578
3,31,2,89,0.16500305
3,31,3,71,0.0619197
3,31,4,245,0.049162034
3,31,5,237,0.048053384
4,31,0,9,0.44057539
4,31,1,126,0.21922824
4,31,2,89,0.19042464
4,31,3,237,0.062004633
4,31,4,74,0.042488813
4,31,5,129,0.045278311
5,31,0,126,0.34526902
5,31,1,89,0.32585865
5,31,2,9,0.22882736
5,31,3,34,0.038680591
5,31,4,139,0.030767975
5,31,5,53,0.03059642
6,31,0,198,0.27101332
6,31,1,89,0.25123453
6,31,2,126,0.20834592
6,31,3,9,0.18481259
6,31,4,193,0.042598512
6,31,5,197,0.04199509
7,31,0,89,0.3535181
7,31,1,126,0.28990108
7,31,2,9,0.21204969
7,31,3,128,0.058691837
7,31,4,187,0.047541499
7,31,5,74,0.038297787
8,31,0,126,0.36632669
8,31,1,9,0.2427049
8,31,2,89,0.21337181
8,31,3,74,0.074312419
8,31,4,128,0.055004183
8,31,5,139,0.048280008
9,31,0,242,0.31269425
9,31,1,9,0.27995265
9,31,2,89,0.1575174
9,31,3,126,0.14896961
9,31,4,248,0.053190526
9,31,5,74,0.047675561
10,31,0,9,0.39135
10,31,1,89,0.27751324
10,31,2,126,0.26517111
10,31,3,175,0.033379611
10,31,4,245,0.016284419
10,31,5,128,0.016301623
11,31,0,126,0.50083756
11,31,1,9,0.24177106
11,31,2,89,0.13571671
11,31,3,57,0.054018006
11,31,4,6,0.043988638
11,31,5,234,0.023668064
12,31,0,126,0.57186085
12,31,1,9,0.1486371
12,31,2,237,0.12575758
12,31,3,89,0.06254632
12,31,4,123,0.050392378
12,31,5,230,0.040805735
13,31,0,172,0.3086088
13,31,1,144,0.23258296
13,31,2,31,0.15755528
13,31,3,67,0.12255946
13,31,4,126,0.096444346
13,31,5,230,0.082249202
14,31,0,67,0.31427053
14,31,1,126,0.23425561
14,31,2,89,0.18587047
14,31,3,9,0.14456314
14,31,4,128,0.066680171
14,31,5,245,0.054360088
15,31,0,89,0.33659142
15,31,1,126,0.30120987
15,31,2,9,0.14845085
15,31,3,144,0.087852098
15,31,4,39,0.068222627
15,31,5,74,0.057673093
16,31,0,175,0.46758282
16,31,1,89,0.21535996
16,31,2,126,0.17564727
16,31,3,57,0.065477096
16,31,4,9,0.045882478
16,31,5,215,0.030050375
17,31,0,52,0.25413013
17,31,1,89,0.23213026
17,31,2,126,0.14220664
17,31,3,175,0.14061296
17,31,4,31,0.15034042
17,31,5,10,0.080579638
18,31,0,193,0.31918961
18,31,1,89,0.16931263
18,31,2,126,0.1674539
18,31,3,31,0.17211719
18,31,4,215,0.11138944
18,31,5,129,0.060537249
19,31,0,89,0.21640252
19,31,1,215,0.18754792
19,31,2,144,0.18762526
19,31,3,126,0.16026317
19,31,4,193,0.16004378
19,31,5,31,0.088117331
20,31,0,57,0.37476417
20,31,1,215,0.17997544
20,31,2,89,0.16939895
20,31,3,126,0.10937521
20,31,4,193,0.089696549
20,31,5,129,0.076789625
21,31,0,89,0.32039472
21,31,1,84,0.23904733
21,31,2,9,0.14518282
21,31,3,126,0.11368712
21,31,4,129,0.11337702
21,31,5,215,0.068310991
22,31,0,76,0.31676406
22,31,1,89,0.20044588
22,31,2,84,0.1692313
22,31,3,126,0.11474487
22,31,4,215,0.10015275
22,31,5,19,0.098661162
23,31,0,89,0.30557331
23,31,1,215,0.24441461
23,31,2,126,0.16742909
23,31,3,74,0.095307902
23,31,4,116,0.11443935
23,31,5,76,0.072835721
24,31,0,89,0.39755723
24,31,1,9,0.15160376
24,31,2,215,0.1501509
24,31,3,57,0.11456904
24,31,4,101,0.085574135
24,31,5,84,0.10054489
25,31,0,76,0.2778694
25,31,1,89,0.24665494
25,31,2,215,0.17500158
25,31,3,99,0.1071991
25,31,4,84,0.10644585
25,31,5,126,0.086829126
26,31,0,89,0.37711725
26,31,1,215,0.27129462
26,31,2,126,0.16645175
26,31,3,9,0.060663283
26,31,4,74,0.053238295
26,31,5,144,0.071234815
27,31,0,89,0.29032871
27,31,1,126,0.20964946
27,31,2,193,0.15914313
27,31,3,215,0.13027281
27,31,4,197,0.12638111
27,31,5,9,0.084224798
28,31,0,89,0.2575404
28,31,1,9,0.17622963
28,31,2,84,0.18229225
28,31,3,215,0.13808684
28,31,4,87,0.12356734
28,31,5,126,0.12228353
29,31,0,242,0.29320365
29,31,1,113,0.17890014
29,31,2,112,0.19392741
29,31,3,89,0.12136886
29,31,4,9,0.11027841
29,31,5,65,0.10232157
30,31,0,89,0.26669571
30,31,1,126,0.21767773
30,31,2,152,0.15192573
30,31,3,9,0.12639262
30,31,4,6,0.11225507
30,31,5,81,0.12505321
31,31,0,81,0.21198609
31,31,1,89,0.19212759
31,31,2,133,0.17003226
31,31,3,126,0.1677355
31,31,4,161,0.14408566
31,31,5,152,0.11403292
32,31,0,246,0.32777095
32,31,1,89,0.18481968
32,31,2,34,0.18148999
32,31,3,9,0.14329988
32,31,4,215,0.087308817
32,31,5,88,0.075310722
33,31,0,89,0.27175814
33,31,1,34,0.23510227
33,31,2,133,0.1773134
33,31,3,9,0.15531389
33,31,4,159,0.082146473
33,31,5,126,0.078365855
34,31,0,89,0.22751822
34,31,1,246,0.23810017
34,31,2,34,0.21452585
34,31,3,9,0.12882742
34,31,4,19,0.10202844
34,31,5,159,0.088999934
35,31,0,133,0.25947914
35,31,1,89,0.22437663
35,31,2,34,0.17283975
35,31,3,147,0.14143409
35,31,4,9,0.10729919
35,31,5,128,0.094571233
36,31,0,89,0.27891755
36,31,1,116,0.23399682
36,31,2,178,0.16659509
36,31,3,34,0.13024108
36,31,4,246,0.10412965
36,31,5,19,0.086119801
37,31,0,89,0.37005216
37,31,1,19,0.16462222
37,31,2,246,0.16520929
37,31,3,9,0.1198114
37,31,4,75,0.1023292
37,31,5,45,0.077975728
38,31,0,89,0.54124665
38,31,1,133,0.14324833
38,31,2,9,0.10285077
38,31,3,180,0.084851474
38,31,4,215,0.064980119
38,31,5,34,0.06282264
39,31,0,76,0.34235489
39,31,1,89,0.30845678
39,31,2,206,0.14303173
39,31,3,19,0.092666864
39,31,4,254,0.05669849
39,31,5,215,0.056791257
40,31,0,89,0.18894298
40,31,1,112,0.20766853
40,31,2,19,0.16816419
40,31,3,81,0.17490962
40,31,4,76,0.13549051
40,31,5,137,0.1248242
41,31,0,81,0.24948996
41,31,1,89,0.21800323
41,31,2,110,0.15541588
41,31,3,45,0.14290078
41,31,4,146,0.11785573
41,31,5,232,0.11633441
42,31,0,89,0.21636774
42,31,1,81,0.21457523
42,31,2,161,0.18099265
42,31,3,178,0.18111871
42,31,4,225,0.11357089
42,31,5,126,0.093374744
43,31,0,112,0.2147065
43,31,1,172,0.19751272
43,31,2,246,0.16961206
43,31,3,89,0.15637361
43,31,4,144,0.15701759
43,31,5,129,0.10477749
44,31,0,246,0.30649504
44,31,1,198,0.20303851
44,31,2,89,0.19790439
44,31,3,126,0.10289352
44,31,4,183,0.095025063
44,31,5,187,0.094643436
45,31,0,80,0.3549169
45,31,1,89,0.23601207
45,31,2,126,0.11428498
45,31,3,187,0.10948062
45,31,4,129,0.10411718
45,31,5,226,0.081188254
46,31,0,89,0.25170574
46,31,1,126,0.22467563
46,31,2,187,0.19340417
46,31,3,6,0.12258071
46,31,4,55,0.1143944
46,31,5,226,0.093239315
47,31,0,147,0.5178954
47,31,1,89,0.18242612
47,31,2,126,0.18149315
47,31,3,129,0.043982379
47,31,4,226,0.041823238
47,31,5,183,0.032379694
48,31,0,113,0.19455084
48,31,1,19,0.18984726
48,31,2,143,0.22534582
48,31,3,65,0.13496894
48,31,4,94,0.13547736
48,31,5,107,0.11980972
49,31,0,226,0.2768763
49,31,1,80,0.24957652
49,31,2,126,0.19386181
49,31,3,89,0.10527642
49,31,4,147,0.093475305
49,31,5,109,0.080933586
50,31,0,126,0.31334969
50,31,1,89,0.21289381
50,31,2,37,0.17679994
50,31,3,74,0.11017362
50,31,4,252,0.10410741
50,31,5,183,0.082675554
51,31,0,126,0.23271801
51,31,1,172,0.19842064
51,31,2,38,0.18774496
51,31,3,89,0.14342831
51,31,4,202,0.14394845
51,31,5,163,0.093739614
52,31,0,126,0.29620326
52,31,1,37,0.19628003
52,31,2,89,0.18052208
52,31,3,252,0.14058585
52,31,4,193,0.096063338
52,31,5,129,0.090345442
53,31,0,242,0.301236
53,31,1,113,0.22278915
53,31,2,112,0.22190535
53,31,3,65,0.088372752
53,31,4,78,0.087761112
53,31,5,238,0.077935681
0,32,0,216,0.62625945
0,32,1,19,0.087294765
0,32,2,95,0.091796681
0,32,3,8,0.086249255
0,32,4,229,0.055756811
0,32,5,147,0.052643061
1,32,0,193,0.36787435
1,32,1,84,0.1855415
1,32,2,238,0.13280205
1,32,3,236,0.12347621
1,32,4,65,0.10598659
1,32,5,215,0.084319301
2,32,0,238,0.27787796
2,32,1,52,0.17457771
2,32,2,193,0.15682742
2,32,3,186,0.13518812
2,32,4,84,0.1376791
2,32,5,184,0.11784969
3,32,0,109,0.29149982
3,32,1,238,0.1901768
3,32,2,84,0.23220938
3,32,3,33,0.09560959
3,32,4,233,0.1194247
3,32,5,216,0.071079642
4,32,0,109,0.38761535
4,32,1,102,0.2077838
4,32,2,174,0.1289309
4,32,3,153,0.10542451
4,32,4,52,0.087550573
4,32,5,33,0.082694873
5,32,0,52,0.30091166
5,32,1,109,0.28815818
5,32,2,104,0.15971917
5,32,3,153,0.10419552
5,32,4,135,0.085362837
5,32,5,205,0.061652631
6,32,0,205,0.4065128
6,32,1,109,0.20608108
6,32,2,52,0.18860576
6,32,3,104,0.072051033
6,32,4,13,0.06670469
6,32,5,32,0.06004468
7,32,0,109,0.29859942
7,32,1,205,0.26222742
7,32,2,146,0.25947368
7,32,3,52,0.10667206
7,32,4,167,0.038207822
7,32,5,178,0.034819625
8,32,0,109,0.26770273
8,32,1,52,0.25413236
8,32,2,237,0.24281265
8,32,3,174,0.087225392
8,32,4,205,0.076819889
8,32,5,246,0.071306974
9,32,0,52,0.31553626
9,32,1,172,0.27698267
9,32,2,109,0.21215142
9,32,3,135,0.084573366
9,32,4,193,0.062641926
9,32,5,102,0.048114322
10,32,0,52,0.39573416
10,32,1,102,0.24995887
10,32,2,109,0.14002198
10,32,3,145,0.085801996
10,32,4,135,0.063712724
10,32,5,153,0.064770274
11,32,0,52,0.35147405
11,32,1,102,0.31059945
11,32,2,153,0.16187006
11,32,3,135,0.10702857
11,32,4,109,0.032965176
11,32,5,55,0.036062673
12,32,0,153,0.46336144
12,32,1,52,0.12160633
12,32,2,135,0.10128158
12,32,3,233,0.1062739
12,32,4,79,0.11445461
12,32,5,102,0.09302213
13,32,0,231,0.26715535
13,32,1,153,0.17028472
13,32,2,56,0.14666685
13,32,3,205,0.14363071
13,32,4,137,0.14254773
13,32,5,135,0.12971468
14,32,0,102,0.34818119
14,32,1,52,0.16341043
14,32,2,56,0.14532074
14,32,3,153,0.14220789
14,32,4,135,0.11912388
14,32,5,188,0.081755891
15,32,0,102,0.38902113
15,32,1,153,0.17645647
15,32,2,135,0.14857638
15,32,3,52,0.12981331
15,32,4,109,0.078420177
15,32,5,205,0.077712566
16,32,0,102,0.53689289
16,32,1,135,0.19782332
16,32,2,153,0.085949525
16,32,3,35,0.063684858
16,32,4,159,0.060611546
16,32,5,145,0.055037946
17,32,0,254,0.27917928
17,32,1,102,0.19703056
17,32,2,135,0.19261041
17,32,3,159,0.12855814
17,32,4,79,0.11494199
17,32,5,52,0.087679639
18,32,0,102,0.33831233
18,32,1,135,0.27514955
18,32,2,25,0.11708174
18,32,3,153,0.09226352
18,32,4,213,0.095278546
18,32,5,239,0.081914365
19,32,0,102,0.38798779
19,32,1,135,0.2551043
19,32,2,52,0.09479934
19,32,3,109,0.090936124
19,32,4,153,0.087261863
19,32,5,114,0.083910622
20,32,0,102,0.38997313
20,32,1,135,0.24235955
20,32,2,109,0.10495304
20,32,3,120,0.099598937
20,32,4,114,0.086900011
20,32,5,70,0.076215327
21,32,0,102,0.22995089
21,32,1,114,0.19036528
21,32,2,135,0.17877804
21,32,3,255,0.13943964
21,32,4,184,0.13578154
21,32,5,147,0.12568459
22,32,0,102,0.4263936
22,32,1,109,0.12750639
22,32,2,135,0.12682579
22,32,3,57,0.1203675
22,32,4,233,0.099533886
22,32,5,188,0.099372886
23,32,0,102,0.50248843
23,32,1,109,0.11959203
23,32,2,188,0.10674301
23,32,3,135,0.098627836
23,32,4,57,0.088865958
23,32,5,114,0.083682746
24,32,0,102,0.28211722
24,32,1,114,0.21916905
24,32,2,109,0.15422383
24,32,3,188,0.15369527
24,32,4,164,0.098015115
24,32,5,167,0.09277945
25,32,0,102,0.39157522
25,32,1,188,0.21498203
25,32,2,109,0.15026514
25,32,3,114,0.087129094
25,32,4,135,0.084674068
25,32,5,57,0.071374483
26,32,0,102,0.41398799
26,32,1,188,0.18449259
26,32,2,109,0.14790757
26,32,3,114,0.13234621
26,32,4,164,0.06113733
26,32,5,167,0.060128335
27,32,0,102,0.36284336
27,32,1,114,0.26529258
27,32,2,109,0.10952721
27,32,3,167,0.10813759
27,32,4,77,0.078911617
27,32,5,157,0.075287603
28,32,0,254,0.26669085
28,32,1,114,0.17236197
28,32,2,205,0.16327918
28,32,3,24,0.14030859
28,32,4,193,0.13114734
28,32,5,166,0.12621206
29,32,0,102,0.37615365
29,32,1,205,0.18696223
29,32,2,52,0.13050863
29,32,3,164,0.11107449
29,32,4,109,0.10272452
29,32,5,172,0.092576496
30,32,0,205,0.33749387
30,32,1,79,0.2307345
30,32,2,102,0.136886
30,32,3,109,0.099173047
30,32,4,153,0.099733308
30,32,5,52,0.095979303
31,32,0,79,0.41514027
31,32,1,205,0.19558527
31,32,2,233,0.13391322
31,32,3,77,0.091777273
31,32,4,164,0.083732262
31,32,5,109,0.079851709
32,32,0,109,0.41797397
32,32,1,77,0.12897451
32,32,2,164,0.11334354
32,32,3,22,0.11939996
32,32,4,208,0.10852483
32,32,5,142,0.11178315
33,32,0,109,0.34119073
33,32,1,142,0.16171281
33,32,2,164,0.15014
33,32,3,102,0.13557981
33,32,4,22,0.12577987
33,32,5,205,0.085596777
34,32,0,109,0.26733416
34,32,1,164,0.17504574
34,32,2,205,0.16640835
34,32,3,142,0.15504433
34,32,4,153,0.11828951
34,32,5,102,0.11787791
35,32,0,237,0.23655391
35,32,1,109,0.20677523
35,32,2,213,0.19183975
35,32,3,77,0.1247308
35,32,4,164,0.12133702
35,32,5,139,0.11876331
36,32,0,79,0.29154617
36,32,1,109,0.21427539
36,32,2,142,0.20167024
36,32,3,205,0.12993714
36,32,4,102,0.085901052
36,32,5,153,0.076670043
37,32,0,142,0.36133012
37,32,1,109,0.28508133
37,32,2,102,0.11069135
37,32,3,153,0.095018059
37,32,4,205,0.083604738
37,32,5,164,0.064274423
38,32,0,142,0.27116311
38,32,1,109,0.26118517
38,32,2,102,0.15172602
38,32,3,164,0.118196
38,32,4,222,0.11019839
38,32,5,205,0.087531283
39,32,0,109,0.27056119
39,32,1,142,0.25238168
39,32,2,164,0.1679053
39,32,3,222,0.12534687
39,32,4,102,0.10846238
39,32,5,153,0.075342566
40,32,0,79,0.27580494
40,32,1,205,0.21946917
40,32,2,109,0.15774493
40,32,3,231,0.15686488
40,32,4,159,0.096599124
40,32,5,164,0.093516923
41,32,0,79,0.36657843
41,32,1,205,0.26037613
41,32,2,109,0.10201575
41,32,3,95,0.097449109
41,32,4,233,0.090976357
41,32,5,47,0.082604229
42,32,0,79,0.35698605
42,32,1,205,0.26185241
42,32,2,233,0.12871723
42,32,3,109,0.085357755
42,32,4,231,0.094227038
42,32,5,95,0.072859481
43,32,0,97,0.28723064
43,32,1,205,0.19608352
43,32,2,102,0.18866058
43,32,3,126,0.10962268
43,32,4,231,0.11530948
43,32,5,164,0.10309312
44,32,0,205,0.37903649
44,32,1,97,0.23508239
44,32,2,102,0.15197228
44,32,3,164,0.086867496
44,32,4,52,0.083064668
44,32,5,233,0.063976638
45,32,0,102,0.23862918
45,32,1,205,0.22274192
45,32,2,233,0.21851891
45,32,3,109,0.16799985
45,32,4,164,0.10826303
45,32,5,52,0.043847132
46,32,0,205,0.27773711
46,32,1,102,0.24863647
46,32,2,109,0.22748742
46,32,3,135,0.098778844
46,32,4,238,0.079388611
46,32,5,164,0.067971528
47,32,0,237,0.2313381
47,32,1,102,0.22973143
47,32,2,109,0.19256781
47,32,3,246,0.1776711
47,32,4,164,0.098195277
47,32,5,215,0.070496298
48,32,0,193,0.26501706
48,32,1,24,0.17557999
48,32,2,184,0.15795018
48,32,3,94,0.15596513
48,32,4,246,0.12766802
48,32,5,77,0.11781958
49,32,0,97,0.28960487
49,32,1,233,0.26097983
49,32,2,13,0.12400646
49,32,3,164,0.11653952
49,32,4,109,0.10870584
49,32,5,205,0.1001635
50,32,0,254,0.32014829
50,32,1,159,0.15546349
50,32,2,24,0.14258663
50,32,3,184,0.1385029
50,32,4,77,0.12373898
50,32,5,109,0.11955969
51,32,0,231,0.25276318
51,32,1,13,0.16229975
51,32,2,252,0.16538769
51,32,3,238,0.15168996
51,32,4,164,0.13536867
51,32,5,109,0.13249078
52,32,0,254,0.31961089
52,32,1,159,0.14896384
52,32,2,184,0.14950979
52,32,3,109,0.14012863
52,32,4,24,0.1237826
52,32,5,175,0.11800425
53,32,0,172,0.20454529
53,32,1,1,0.19486773
53,32,2,184,0.18313234
53,32,3,205,0.14664948
53,32,4,135,0.14298686
53,32,5,193,0.1278183
0,33,0,65,0.74232066
0,33,1,137,0.085488364
0,33,2,187,0.056192905
0,33,3,162,0.046750631
0,33,4,9,0.036342572
0,33,5,111,0.032904901
1,33,0,48,0.23563248
1,33,1,238,0.20241809
1,33,2,58,0.20169356
1,33,3,87,0.17269854
1,33,4,229,0.12454031
1,33,5,130,0.063017033
2,33,0,48,0.31916118
2,33,1,238,0.25310555
2,33,2,58,0.13568494
2,33,3,85,0.12123769
2,33,4,37,0.10118481
2,33,5,25,0.069625817
3,33,0,25,0.46809047
3,33,1,238,0.2184225
3,33,2,192,0.094878599
3,33,3,211,0.079364941
3,33,4,237,0.070041999
3,33,5,87,0.069201514
4,33,0,25,0.52699476
4,33,1,238,0.20060909
4,33,2,77,0.070651673
4,33,3,3,0.070833124
4,33,4,64,0.073186509
4,33,5,211,0.057724837
5,33,0,64,0.29938561
5,33,1,48,0.18240219
5,33,2,211,0.15543216
5,33,3,25,0.15465307
5,33,4,37,0.12890463
5,33,5,58,0.079222329
6,33,0,64,0.22356848
6,33,1,211,0.18171135
6,33,2,37,0.1875053
6,33,3,58,0.13264337
6,33,4,177,0.14794877
6,33,5,25,0.12662269
7,33,0,37,0.3268207
7,33,1,25,0.25578061
7,33,2,251,0.15346609
7,33,3,211,0.10008641
7,33,4,78,0.096749701
7,33,5,152,0.067096509
8,33,0,206,0.48700681
8,33,1,25,0.19424984
8,33,2,211,0.11212262
8,33,3,85,0.066361234
8,33,4,37,0.07847257
8,33,5,163,0.061786905
9,33,0,43,0.29124537
9,33,1,25,0.16519311
9,33,2,40,0.17623782
9,33,3,15,0.13285939
9,33,4,58,0.119393
9,33,5,116,0.11507127
10,33,0,25,0.37914672
10,33,1,77,0.33429182
10,33,2,37,0.10601171
10,33,3,152,0.054369591
10,33,4,108,0.073770225
10,33,5,129,0.052409951
11,33,0,77,0.46021113
11,33,1,25,0.208799
11,33,2,61,0.082221538
11,33,3,37,0.085426219
11,33,4,108,0.0984466
11,33,5,64,0.064895473
12,33,0,105,0.30090621
12,33,1,85,0.19503908
12,33,2,56,0.14698842
12,33,3,36,0.13414611
12,33,4,64,0.13337725
12,33,5,25,0.08954291
13,33,0,236,0.28178322
13,33,1,103,0.21577887
13,33,2,251,0.15910198
13,33,3,48,0.12472105
13,33,4,105,0.12904172
13,33,5,25,0.089573182
14,33,0,25,0.36412728
14,33,1,48,0.20488666
14,33,2,77,0.13429268
14,33,3,64,0.13500439
14,33,4,36,0.081188619
14,33,5,85,0.080500416
15,33,0,25,0.46934357
15,33,1,48,0.15191026
15,33,2,85,0.1044907
15,33,3,239,0.094157808
15,33,4,77,0.090483919
15,33,5,108,0.089613773
16,33,0,25,0.33527237
16,33,1,77,0.25323898
16,33,2,114,0.13603835
16,33,3,247,0.10355825
16,33,4,61,0.092709459
16,33,5,36,0.079182625
17,33,0,25,0.26771861
17,33,1,144,0.21555258
17,33,2,203,0.14456272
17,33,3,85,0.13358428
17,33,4,48,0.12857953
17,33,5,114,0.1100023
18,33,0,175,0.36631563
18,33,1,25,0.20770574
18,33,2,108,0.17924389
18,33,3,64,0.099340178
18,33,4,186,0.083771132
18,33,5,48,0.063623428
19,33,0,108,0.29845157
19,33,1,25,0.26931325
19,33,2,64,0.14477684
19,33,3,169,0.096049637
19,33,4,177,0.10385003
19,33,5,36,0.087558694
20,33,0,68,0.52640879
20,33,1,77,0.18770696
20,33,2,25,0.11221898
20,33,3,211,0.082043171
20,33,4,152,0.058259349
20,33,5,60,0.03336275
21,33,0,25,0.35165343
21,33,1,144,0.17114021
21,33,2,211,0.13064428
21,33,3,85,0.12918618
21,33,4,203,0.12274929
21,33,5,204,0.094626606
22,33,0,105,0.27268097
22,33,1,25,0.25567961
22,33,2,108,0.19325922
22,33,3,86,0.10646825
22,33,4,48,0.092097312
22,33,5,204,0.079814635
23,33,0,18,0.3227393
23,33,1,105,0.24615858
23,33,2,25,0.15742998
23,33,3,77,0.10394411
23,33,4,114,0.090931475
23,33,5,86,0.078796543
24,33,0,74,0.22158395
24,33,1,203,0.17561693
24,33,2,25,0.16330409
24,33,3,105,0.16930181
24,33,4,77,0.14445342
24,33,5,211,0.12573978
25,33,0,25,0.27870426
25,33,1,211,0.18896654
25,33,2,108,0.18032829
25,33,3,77,0.13196026
25,33,4,114,0.11339057
25,33,5,74,0.10665006
26,33,0,18,0.23796311
26,33,1,77,0.22486208
26,33,2,25,0.19512172
26,33,3,211,0.17457716
26,33,4,68,0.086574771
26,33,5,74,0.080901161
27,33,0,186,0.4335126
27,33,1,77,0.24656367
27,33,2,74,0.10631378
27,33,3,25,0.095610864
27,33,4,211,0.059035845
27,33,5,64,0.058963258
28,33,0,74,0.3239643
28,33,1,58,0.17659698
28,33,2,147,0.14485724
28,33,3,25,0.13830975
28,33,4,161,0.11406955
28,33,5,130,0.10220219
29,33,0,43,0.29590699
29,33,1,25,0.18121064
29,33,2,40,0.183498
29,33,3,58,0.12354078
29,33,4,74,0.1192628
29,33,5,48,0.096580774
30,33,0,105,0.30919892
30,33,1,25,0.21611011
30,33,2,118,0.13114263
30,33,3,61,0.11682781
30,33,4,78,0.11333896
30,33,5,64,0.11338159
31,33,0,105,0.32859343
31,33,1,118,0.29399782
31,33,2,25,0.13931125
31,33,3,247,0.080961742
31,33,4,169,0.08005809
31,33,5,117,0.077077642
32,33,0,111,0.43329301
32,33,1,25,0.19467643
32,33,2,218,0.16845404
32,33,3,247,0.069566928
32,33,4,169,0.064836636
32,33,5,105,0.069172956
33,33,0,25,0.3801764
33,33,1,206,0.16579485
33,33,2,218,0.13761067
33,33,3,66,0.10800379
33,33,4,104,0.11110348
33,33,5,247,0.097310781
34,33,0,18,0.29870406
34,33,1,105,0.1730389
34,33,2,25,0.14440529
34,33,3,218,0.13110189
34,33,4,247,0.12980144
34,33,5,251,0.12294842
35,33,0,206,0.21378565
35,33,1,25,0.19547254
35,33,2,247,0.15753481
35,33,3,118,0.16167241
35,33,4,144,0.14789674
35,33,5,218,0.12363787
36,33,0,18,0.24044336
36,33,1,105,0.17702289
36,33,2,251,0.16930442
36,33,3,25,0.16330597
36,33,4,30,0.12697162
36,33,5,247,0.12295176
37,33,0,25,0.27601099
37,33,1,111,0.24249019
37,33,2,251,0.22022195
37,33,3,247,0.11349882
37,33,4,218,0.079799905
37,33,5,94,0.067978092
38,33,0,25,0.23199999
38,33,1,251,0.19123787
38,33,2,218,0.15479971
38,33,3,247,0.14133151
38,33,4,117,0.13544102
38,33,5,206,0.14518996
39,33,0,25,0.30347642
39,33,1,94,0.16364279
39,33,2,118,0.15366748
39,33,3,251,0.13770248
39,33,4,111,0.12014872
39,33,5,105,0.12136209
40,33,0,18,0.34761429
40,33,1,105,0.22627817
40,33,2,25,0.1195484
40,33,3,118,0.11756103
40,33,4,86,0.10944241
40,33,5,30,0.079555735
41,33,0,105,0.23660326
41,33,1,18,0.20918904
41,33,2,118,0.16235451
41,33,3,128,0.1551097
41,33,4,25,0.13417512
41,33,5,106,0.1025684
42,33,0,105,0.27496317
42,33,1,118,0.21187146
42,33,2,18,0.17846076
42,33,3,103,0.12716861
42,33,4,25,0.10555531
42,33,5,128,0.10198069
43,33,0,25,0.2767615
43,33,1,128,0.21904342
43,33,2,48,0.20154314
43,33,3,251,0.12358022
43,33,4,94,0.092226259
43,33,5,218,0.086845458
44,33,0,25,0.23657332
44,33,1,128,0.22693956
44,33,2,251,0.20120409
44,33,3,78,0.15550917
44,33,4,94,0.099023558
44,33,5,172,0.080750324
45,33,0,25,0.30761009
45,33,1,152,0.30497667
45,33,2,103,0.18087834
45,33,3,218,0.075248025
45,33,4,128,0.068217799
45,33,5,62,0.063069068
46,33,0,25,0.40108615
46,33,1,19,0.21867312
46,33,2,37,0.13266133
46,33,3,213,0.11763936
46,33,4,61,0.060311243
46,33,5,29,0.06962876
47,33,0,25,0.54370713
47,33,1,77,0.14417186
47,33,2,218,0.082946114
47,33,3,117,0.07704559
47,33,4,128,0.07983657
47,33,5,47,0.072292723
48,33,0,58,0.23142338
48,33,1,25,0.21320513
48,33,2,84,0.13588281
48,33,3,12,0.12893984
48,33,4,200,0.16405484
48,33,5,150,0.12649404
49,33,0,29,0.33566055
49,33,1,103,0.22985144
49,33,2,25,0.1885158
49,33,3,54,0.12330269
49,33,4,211,0.06084061
49,33,5,87,0.061828919
50,33,0,19,0.46387601
50,33,1,25,0.22646783
50,33,2,85,0.092395999
50,33,3,48,0.088076718
50,33,4,144,0.0816416
50,33,5,54,0.047541816
51,33,0,103,0.23925634
51,33,1,19,0.21453713
51,33,2,25,0.18208009
51,33,3,191,0.14777943
51,33,4,48,0.13652469
51,33,5,54,0.079822347
52,33,0,144,0.25687349
52,33,1,25,0.24323857
52,33,2,223,0.22680472
52,33,3,74,0.096009158
52,33,4,48,0.094327569
52,33,5,147,0.082746521
53,33,0,43,0.26011619
53,33,1,40,0.24818391
53,33,2,25,0.14234062
53,33,3,136,0.13993891
53,33,4,58,0.13047756
53,33,5,130,0.078942843
0,34,0,33,0.93958503
0,34,1,195,0.014301721
0,34,2,247,0.011181735
0,34,3,147,0.011089119
0,34,4,106,0.012727333
0,34,5,177,0.011115008
1,34,0,34,0.27357125
1,34,1,79,0.23000666
1,34,2,152,0.21675944
1,34,3,10,0.13379176
1,34,4,20,0.080047682
1,34,5,160,0.06582319
2,34,0,34,0.30731979
2,34,1,152,0.28360987
2,34,2,79,0.16340426
2,34,3,11,0.084900945
2,34,4,122,0.083810046
2,34,5,128,0.076955102
3,34,0,34,0.49818355
3,34,1,11,0.22272283
3,34,2,209,0.11728401
3,34,3,219,0.069757335
3,34,4,200,0.053076617
3,34,5,122,0.038975686
4,34,0,34,0.37659422
4,34,1,11,0.35474491
4,34,2,200,0.13807222
4,34,3,209,0.071356922
4,34,4,136,0.036363319
4,34,5,79,0.022868445
5,34,0,34,0.52746856
5,34,1,11,0.24036288
5,34,2,79,0.089836046
5,34,3,178,0.067192517
5,34,4,102,0.040536329
5,34,5,197,0.034603678
6,34,0,34,0.37393501
6,34,1,11,0.24465396
6,34,2,155,0.13903205
6,34,3,79,0.11299808
6,34,4,98,0.067598574
6,34,5,178,0.061782341
7,34,0,34,0.37394565
7,34,1,196,0.21529464
7,34,2,11,0.18765138
7,34,3,155,0.14723642
7,34,4,79,0.042786721
7,34,5,134,0.033085182
8,34,0,34,0.68461835
8,34,1,11,0.11330178
8,34,2,79,0.085140027
8,34,3,98,0.05164469
8,34,4,219,0.034844395
8,34,5,148,0.030450765
9,34,0,34,0.44633573
9,34,1,11,0.15098862
9,34,2,197,0.12694785
9,34,3,207,0.133727
9,34,4,79,0.076711096
9,34,5,200,0.065289691
10,34,0,34,0.47028494
10,34,1,11,0.27872753
10,34,2,196,0.086627081
10,34,3,79,0.06184411
10,34,4,57,0.058174249
10,34,5,197,0.044342078
11,34,0,34,0.51924396
11,34,1,11,0.19304609
11,34,2,57,0.15785208
11,34,3,36,0.048948184
11,34,4,79,0.042877078
11,34,5,82,0.038032662
12,34,0,34,0.53578222
12,34,1,11,0.12597336
12,34,2,209,0.11701678
12,34,3,79,0.077022187
12,34,4,66,0.076048292
12,34,5,82,0.068157211
13,34,0,34,0.48202938
13,34,1,66,0.12804665
13,34,2,17,0.11059979
13,34,3,134,0.098168254
13,34,4,82,0.091719039
13,34,5,197,0.089436918
14,34,0,34,0.46589497
14,34,1,66,0.20768562
14,34,2,11,0.091790423
14,34,3,68,0.094605751
14,34,4,197,0.072335042
14,34,5,17,0.067688204
15,34,0,34,0.2769978
15,34,1,66,0.19554445
15,34,2,17,0.20103434
15,34,3,11,0.13644926
15,34,4,197,0.1127633
15,34,5,241,0.077210881
16,34,0,193,0.45250523
16,34,1,17,0.23982574
16,34,2,11,0.14434633
16,34,3,66,0.057053301
16,34,4,34,0.055911321
16,34,5,197,0.050358091
17,34,0,34,0.44445658
17,34,1,17,0.21080515
17,34,2,68,0.10428582
17,34,3,66,0.078301556
17,34,4,178,0.082122967
17,34,5,8,0.080027938
18,34,0,17,0.37426767
18,34,1,34,0.21473569
18,34,2,136,0.13241127
18,34,3,164,0.12153677
18,34,4,243,0.082503311
18,34,5,66,0.074545301
19,34,0,17,0.35966742
19,34,1,197,0.1938675
19,34,2,79,0.13821806
19,34,3,66,0.12338568
19,34,4,143,0.092635006
19,34,5,34,0.092226252
20,34,0,17,0.55967373
20,34,1,8,0.12811935
20,34,2,84,0.091389693
20,34,3,66,0.083428189
20,34,4,251,0.069871493
20,34,5,11,0.067517534
21,34,0,17,0.33358106
21,34,1,34,0.26758277
21,34,2,66,0.1633489
21,34,3,11,0.083972402
21,34,4,15,0.078019641
21,34,5,8,0.073495269
22,34,0,17,0.40524244
22,34,1,34,0.22748998
22,34,2,66,0.10962917
22,34,3,178,0.10763652
22,34,4,16,0.079991579
22,34,5,197,0.070010267
23,34,0,17,0.3578521
23,34,1,34,0.21768801
23,34,2,68,0.14544037
23,34,3,66,0.11282454
23,34,4,11,0.085636541
23,34,5,16,0.080558412
24,34,0,15,0.33562043
24,34,1,17,0.23610297
24,34,2,34,0.15588751
24,34,3,16,0.097093336
24,34,4,8,0.097889774
24,34,5,11,0.077405982
25,34,0,17,0.39182499
25,34,1,34,0.16418186
25,34,2,16,0.13299462
25,34,3,11,0.11994969
25,34,4,197,0.10947939
25,34,5,15,0.081569433
26,34,0,17,0.28176031
26,34,1,11,0.21333444
26,34,2,15,0.14202458
26,34,3,197,0.12952192
26,34,4,34,0.12359006
26,34,5,16,0.10976869
27,34,0,164,0.33266631
27,34,1,17,0.17050441
27,34,2,8,0.16457538
27,34,3,15,0.12076476
27,34,4,34,0.11901049
27,34,5,11,0.092478625
28,34,0,15,0.3458105
28,34,1,34,0.27347207
28,34,2,68,0.11240709
28,34,3,79,0.10065018
28,34,4,238,0.085221753
28,34,5,80,0.082438417
29,34,0,34,0.46028128
29,34,1,197,0.14577906
29,34,2,17,0.12844422
29,34,3,200,0.095580965
29,34,4,249,0.08216612
29,34,5,178,0.087748341
30,34,0,34,0.41371062
30,34,1,225,0.27991077
30,34,2,11,0.10625547
30,34,3,200,0.090122081
30,34,4,178,0.058353595
30,34,5,209,0.05164744
31,34,0,34,0.38282672
31,34,1,178,0.1596625
31,34,2,209,0.13950308
31,34,3,11,0.12219903
31,34,4,109,0.096863143
31,34,5,68,0.098945506
32,34,0,13,0.32631245
32,34,1,17,0.17144486
32,34,2,68,0.14705874
32,34,3,4,0.15423994
32,34,4,178,0.11131974
32,34,5,34,0.089624271
33,34,0,178,0.46639413
33,34,1,68,0.14009503
33,34,2,13,0.13769262
33,34,3,66,0.087820716
33,34,4,243,0.088657282
33,34,5,11,0.079340234
34,34,0,13,0.33034253
34,34,1,178,0.19128576
34,34,2,4,0.1430577
34,34,3,17,0.13143441
34,34,4,16,0.11282995
34,34,5,243,0.091049641
35,34,0,68,0.37746444
35,34,1,114,0.25014567
35,34,2,178,0.16692767
35,34,3,16,0.072260678
35,34,4,66,0.066726424
35,34,5,34,0.066475101
36,34,0,114,0.34008047
36,34,1,117,0.1322346
36,34,2,13,0.15700361
36,34,3,66,0.12654117
36,34,4,170,0.121167
36,34,5,209,0.12297311
37,34,0,13,0.37020254
37,34,1,17,0.14544615
37,34,2,241,0.15058628
37,34,3,117,0.12469476
37,34,4,66,0.10916571
37,34,5,200,0.099904582
38,34,0,13,0.4222689
38,34,1,66,0.19685285
38,34,2,16,0.11866035
38,34,3,80,0.0923713
38,34,4,209,0.086032614
38,34,5,84,0.08381398
39,34,0,13,0.42692211
39,34,1,17,0.20418407
39,34,2,15,0.099128358
39,34,3,16,0.096453063
39,34,4,66,0.094146371
39,34,5,80,0.079166017
40,34,0,34,0.26567823
40,34,1,209,0.2184369
40,34,2,66,0.1279871
40,34,3,4,0.14849348
40,34,4,10,0.12465864
40,34,5,16,0.11474559
41,34,0,34,0.31849146
41,34,1,225,0.29835364
41,34,2,209,0.17019679
41,34,3,16,0.07345701
41,34,4,246,0.071670599
41,34,5,255,0.067830488
42,34,0,34,0.39229366
42,34,1,209,0.23740211
42,34,2,178,0.14949502
42,34,3,16,0.084072992
42,34,4,200,0.070390999
42,34,5,117,0.066345155
43,34,0,153,0.53346515
43,34,1,34,0.12216096
43,34,2,17,0.1207529
43,34,3,241,0.09906058
43,34,4,117,0.06946066
43,34,5,16,0.055099767
44,34,0,153,0.44676468
44,34,1,34,0.2605117
44,34,2,155,0.10862871
44,34,3,109,0.10096896
44,34,4,16,0.044690784
44,34,5,117,0.038435183
45,34,0,34,0.25326818
45,34,1,183,0.24044198
45,34,2,159,0.16853766
45,34,3,153,0.13288388
45,34,4,57,0.11862645
45,34,5,11,0.086241812
46,34,0,153,0.38388419
46,34,1,155,0.16395907
46,34,2,57,0.15413187
46,34,3,34,0.099076554
46,34,4,241,0.1075805
46,34,5,6,0.091367804
47,34,0,57,0.45864078
47,34,1,153,0.13612831
47,34,2,241,0.13100591
47,34,3,66,0.094084308
47,34,4,79,0.088675857
47,34,5,243,0.09146487
48,34,0,57,0.24295928
48,34,1,241,0.20128416
48,34,2,153,0.16550502
48,34,3,34,0.1551605
48,34,4,17,0.14791988
48,34,5,243,0.087171152
49,34,0,153,0.4233962
49,34,1,159,0.20595409
49,34,2,81,0.11863603
49,34,3,79,0.092748314
49,34,4,34,0.082753114
49,34,5,69,0.07651227
50,34,0,196,0.24819373
50,34,1,159,0.18219642
50,34,2,219,0.16782311
50,34,3,151,0.1407112
50,34,4,238,0.13241768
50,34,5,122,0.12865785
51,34,0,29,0.2987034
51,34,1,159,0.25447664
51,34,2,101,0.15253395
51,34,3,151,0.10955509
51,34,4,122,0.10395914
51,34,5,153,0.080771804
52,34,0,67,0.190476
52,34,1,238,0.1789594
52,34,2,122,0.17936593
52,34,3,176,0.17706762
52,34,4,68,0.14792064
52,34,5,69,0.12621044
53,34,0,34,0.33541101
53,34,1,207,0.16515617
53,34,2,59,0.12910344
53,34,3,241,0.13690399
53,34,4,10,0.11172975
53,34,5,17,0.12169561
0,35,0,81,0.23558176
0,35,1,168,0.16817766
0,35,2,129,0.16023132
0,35,3,82,0.14139239
0,35,4,94,0.16310616
0,35,5,163,0.13151073
1,35,0,195,0.20247701
1,35,1,86,0.20818993
1,35,2,148,0.16984074
1,35,3,188,0.14673397
1,35,4,17,0.1459287
1,35,5,179,0.12682961
2,35,0,148,0.34366944
2,35,1,123,0.17003749
2,35,2,168,0.13507125
2,35,3,6,0.14024559
2,35,4,174,0.11073874
2,35,5,17,0.10023747
3,35,0,123,0.26526627
3,35,1,179,0.23748866
3,35,2,101,0.24679312
3,35,3,195,0.1242053
3,35,4,63,0.080064915
3,35,5,191,0.04618172
4,35,0,101,0.39847252
4,35,1,123,0.2391127
4,35,2,195,0.17280649
4,35,3,179,0.098345764
4,35,4,62,0.04591015
4,35,5,177,0.04535234
5,35,0,123,0.34703884
5,35,1,51,0.16531169
5,35,2,101,0.19943991
5,35,3,85,0.15674509
5,35,4,246,0.069759831
5,35,5,148,0.061704658
6,35,0,123,0.25902039
6,35,1,201,0.21293376
6,35,2,21,0.18286447
6,35,3,101,0.14303291
6,35,4,51,0.11002684
6,35,5,90,0.092121609
7,35,0,123,0.21159784
7,35,1,57,0.17296827
7,35,2,21,0.18605541
7,35,3,101,0.1901129
7,35,4,201,0.1297783
7,35,5,166,0.10948732
8,35,0,101,0.43164811
8,35,1,51,0.24078828
8,35,2,0,0.097659476
8,35,3,135,0.079398736
8,35,4,133,0.0816034
8,35,5,150,0.068901978
9,35,0,71,0.30137283
9,35,1,84,0.16548608
9,35,2,164,0.1761604
9,35,3,123,0.11519312
9,35,4,101,0.13431868
9,35,5,190,0.10746893
10,35,0,123,0.37826496
10,35,1,148,0.21925554
10,35,2,135,0.10493105
10,35,3,21,0.1131598
10,35,4,104,0.099796616
10,35,5,63,0.084592052
11,35,0,123,0.33064768
11,35,1,101,0.24385713
11,35,2,108,0.13207226
11,35,3,135,0.1069302
11,35,4,146,0.092270479
11,35,5,129,0.094222285
12,35,0,101,0.56533021
12,35,1,195,0.19550657
12,35,2,123,0.076074302
12,35,3,51,0.053799085
12,35,4,74,0.050725337
12,35,5,127,0.058564514
13,35,0,50,0.36691877
13,35,1,229,0.25787175
13,35,2,99,0.10787179
13,35,3,123,0.095039792
13,35,4,195,0.088983819
13,35,5,241,0.083314158
14,35,0,85,0.28186896
14,35,1,50,0.19083701
14,35,2,86,0.17551138
14,35,3,245,0.15112336
14,35,4,123,0.086554982
14,35,5,101,0.11410432
15,35,0,6,0.28696445
15,35,1,48,0.19307756
15,35,2,160,0.1468579
15,35,3,229,0.13996904
15,35,4,212,0.11170974
15,35,5,245,0.12142131
16,35,0,123,0.26791543
16,35,1,108,0.23435436
16,35,2,135,0.16898853
16,35,3,236,0.14579098
16,35,4,90,0.10520204
16,35,5,63,0.077748686
17,35,0,127,0.30847231
17,35,1,204,0.23764093
17,35,2,124,0.1189664
17,35,3,177,0.11749947
17,35,4,253,0.11364616
17,35,5,188,0.10377473
18,35,0,85,0.37926021
18,35,1,50,0.26470175
18,35,2,127,0.11203917
18,35,3,198,0.10302349
18,35,4,51,0.090679236
18,35,5,49,0.050296154
19,35,0,6,0.3509427
19,35,1,48,0.18380624
19,35,2,236,0.1415849
19,35,3,229,0.14650893
19,35,4,85,0.10514337
19,35,5,123,0.07201384
20,35,0,236,0.40603161
20,35,1,133,0.17103291
20,35,2,123,0.16451858
20,35,3,177,0.12025358
20,35,4,13,0.070635818
20,35,5,241,0.06752751
21,35,0,101,0.39737943
21,35,1,127,0.20571145
21,35,2,123,0.11791381
21,35,3,236,0.084084012
21,35,4,204,0.10402327
21,35,5,85,0.090888053
22,35,0,117,0.31241128
22,35,1,158,0.19217257
22,35,2,110,0.1842313
22,35,3,139,0.13353427
22,35,4,236,0.093494825
22,35,5,103,0.084155791
23,35,0,175,0.34119302
23,35,1,236,0.17902222
23,35,2,123,0.12153229
23,35,3,212,0.10464137
23,35,4,85,0.12345196
23,35,5,110,0.13015915
24,35,0,25,0.25542262
24,35,1,236,0.22033395
24,35,2,126,0.20077653
24,35,3,123,0.10261116
24,35,4,204,0.13055304
24,35,5,127,0.090302743
25,35,0,25,0.27014962
25,35,1,117,0.26901284
25,35,2,158,0.13167176
25,35,3,236,0.11393534
25,35,4,123,0.11206737
25,35,5,110,0.10316302
26,35,0,123,0.26315501
26,35,1,236,0.2370654
26,35,2,175,0.19135223
26,35,3,212,0.11261574
26,35,4,48,0.097470507
26,35,5,158,0.098341033
27,35,0,123,0.27178127
27,35,1,227,0.16351289
27,35,2,101,0.19235289
27,35,3,236,0.12509088
27,35,4,63,0.123615
27,35,5,5,0.12364706
28,35,0,204,0.2273609
28,35,1,103,0.18975446
28,35,2,127,0.17019306
28,35,3,25,0.14797103
28,35,4,123,0.1364366
28,35,5,236,0.12828392
29,35,0,71,0.2861132
29,35,1,164,0.1793519
29,35,2,84,0.14181416
29,35,3,80,0.13867299
29,35,4,127,0.14250742
29,35,5,123,0.11154029
30,35,0,243,0.27369764
30,35,1,21,0.24454366
30,35,2,201,0.2074129
30,35,3,110,0.1345516
30,35,4,123,0.073847964
30,35,5,60,0.065946251
31,35,0,86,0.30504748
31,35,1,110,0.22544867
31,35,2,101,0.17749608
31,35,3,243,0.12143856
31,35,4,126,0.089729771
31,35,5,133,0.080839425
32,35,0,50,0.33602354
32,35,1,150,0.19150071
32,35,2,85,0.16424601
32,35,3,6,0.14183025
32,35,4,123,0.090758108
32,35,5,92,0.075641334
33,35,0,101,0.5165053
33,35,1,86,0.14483882
33,35,2,123,0.090137064
33,35,3,166,0.085266538
33,35,4,255,0.076781511
33,35,5,224,0.086470775
34,35,0,110,0.29473478
34,35,1,123,0.17247283
34,35,2,119,0.16283737
34,35,3,117,0.1803055
34,35,4,60,0.095677465
34,35,5,150,0.093972035
35,35,0,101,0.52313578
35,35,1,86,0.17338172
35,35,2,255,0.083936505
35,35,3,123,0.076787382
35,35,4,49,0.07098712
35,35,5,136,0.071771547
36,35,0,217,0.35594815
36,35,1,212,0.28700811
36,35,2,110,0.1267917
36,35,3,30,0.079497606
36,35,4,241,0.080670372
36,35,5,42,0.07008411
37,35,0,50,0.2648333
37,35,1,119,0.23829718
37,35,2,150,0.15835328
37,35,3,6,0.17345603
37,35,4,99,0.084322125
37,35,5,123,0.080738097
38,35,0,101,0.46433383
38,35,1,25,0.14373076
38,35,2,86,0.15000507
38,35,3,150,0.098827332
38,35,4,232,0.074183144
38,35,5,60,0.068919823
39,35,0,117,0.34073037
39,35,1,110,0.18905012
39,35,2,25,0.14252628
39,35,3,254,0.10929159
39,35,4,101,0.12200351
39,35,5,236,0.096398138
40,35,0,117,0.36923283
40,35,1,110,0.26564685
40,35,2,217,0.17017063
40,35,3,74,0.066984572
40,35,4,213,0.065337889
40,35,5,47,0.062627256
41,35,0,243,0.24201055
41,35,1,110,0.25842839
41,35,2,201,0.22269146
41,35,3,21,0.13306111
41,35,4,113,0.079418287
41,35,5,131,0.064390175
42,35,0,110,0.32252991
42,35,1,207,0.17233256
42,35,2,243,0.15663822
42,35,3,86,0.13482779
42,35,4,113,0.12694767
42,35,5,16,0.086723886
43,35,0,50,0.32740486
43,35,1,2,0.30315211
43,35,2,229,0.24210022
43,35,3,194,0.044894658
43,35,4,159,0.04104865
43,35,5,193,0.041399486
44,35,0,21,0.25387391
44,35,1,201,0.21288754
44,35,2,90,0.20037906
44,35,3,2,0.15382628
44,35,4,245,0.10535201
44,35,5,50,0.073681198
45,35,0,2,0.33937341
45,35,1,156,0.20467605
45,35,2,126,0.12054263
45,35,3,114,0.11520945
45,35,4,201,0.10611504
45,35,5,21,0.11408344
46,35,0,108,0.31249553
46,35,1,2,0.21172802
46,35,2,201,0.18970467
46,35,3,255,0.14351131
46,35,4,90,0.080965057
46,35,5,133,0.061595399
47,35,0,63,0.20123361
47,35,1,123,0.18578625
47,35,2,132,0.16306931
47,35,3,133,0.16590998
47,35,4,92,0.14783274
47,35,5,167,0.13616817
48,35,0,6,0.22025137
48,35,1,119,0.18172908
48,35,2,254,0.16941187
48,35,3,108,0.16457289
48,35,4,168,0.14028838
48,35,5,2,0.12374645
49,35,0,2,0.31294784
49,35,1,198,0.22254299
49,35,2,86,0.17704678
49,35,3,177,0.11227897
49,35,4,123,0.10451651
49,35,5,206,0.070666902
50,35,0,204,0.31722927
50,35,1,108,0.20605078
50,35,2,90,0.15660013
50,35,3,133,0.1088118
50,35,4,127,0.1107402
50,35,5,85,0.10056777
51,35,0,160,0.53487664
51,35,1,242,0.10591169
51,35,2,90,0.11234586
51,35,3,156,0.096126303
51,35,4,14,0.078694463
51,35,5,63,0.072045051
52,35,0,204,0.30454174
52,35,1,85,0.1748679
52,35,2,101,0.16439028
52,35,3,127,0.13510923
52,35,4,50,0.13201328
52,35,5,66,0.089077607
53,35,0,71,0.29951063
53,35,1,84,0.17032014
53,35,2,164,0.18990402
53,35,3,80,0.15597413
53,35,4,209,0.081787616
53,35,5,216,0.10250345
0,36,0,104,0.82679713
0,36,1,212,0.035652384
0,36,2,224,0.035373658
0,36,3,118,0.039310649
0,36,4,248,0.03268633
0,36,5,32,0.030179895
1,36,0,83,0.21753439
1,36,1,142,0.19552137
1,36,2,153,0.16588727
1,36,3,75,0.15618591
1,36,4,230,0.13880882
1,36,5,141,0.12606223
2,36,0,83,0.18701173
2,36,1,142,0.17598888
2,36,2,227,0.17425218
2,36,3,32,0.16553688
2,36,4,75,0.15579395
2,36,5,215,0.1414164
3,36,0,5,0.35662222
3,36,1,201,0.21684939
3,36,2,83,0.13002153
3,36,3,223,0.11252432
3,36,4,196,0.10114766
3,36,5,12,0.08283487
4,36,0,5,0.57510877
4,36,1,201,0.17498988
4,36,2,14,0.069586508
4,36,3,223,0.066903606
4,36,4,83,0.0549425
4,36,5,40,0.058468726
5,36,0,5,0.62956572
5,36,1,216,0.11025024
5,36,2,75,0.080520913
5,36,3,85,0.069713451
5,36,4,243,0.056911986
5,36,5,82,0.053037725
6,36,0,5,0.42904547
6,36,1,75,0.12144503
6,36,2,216,0.12040798
6,36,3,161,0.1484713
6,36,4,169,0.10181932
6,36,5,85,0.078810863
7,36,0,5,0.36746222
7,36,1,19,0.25293413
7,36,2,64,0.10503003
7,36,3,243,0.091678463
7,36,4,161,0.10948136
7,36,5,75,0.073413827
8,36,0,19,0.32220957
8,36,1,5,0.27155185
8,36,2,4,0.15294629
8,36,3,115,0.11272476
8,36,4,167,0.073322386
8,36,5,23,0.067245163
9,36,0,5,0.48958039
9,36,1,223,0.17139632
9,36,2,243,0.1055708
9,36,3,23,0.082231998
9,36,4,241,0.073820226
9,36,5,41,0.077400252
10,36,0,5,0.44592854
10,36,1,23,0.29099047
10,36,2,243,0.091648929
10,36,3,14,0.066285633
10,36,4,70,0.053414326
10,36,5,219,0.051732074
11,36,0,23,0.53985727
11,36,1,5,0.19953467
11,36,2,219,0.082067579
11,36,3,184,0.062997617
11,36,4,14,0.059803922
11,36,5,235,0.055739012
12,36,0,23,0.33580747
12,36,1,5,0.20963393
12,36,2,14,0.18702181
12,36,3,219,0.09822353
12,36,4,201,0.097869091
12,36,5,223,0.071444206
13,36,0,5,0.33714461
13,36,1,23,0.23216891
13,36,2,184,0.11013595
13,36,3,14,0.10928673
13,36,4,59,0.10559823
13,36,5,203,0.10566558
14,36,0,5,0.35325363
14,36,1,23,0.33064941
14,36,2,142,0.090149254
14,36,3,219,0.076811314
14,36,4,14,0.075695515
14,36,5,223,0.073440872
15,36,0,5,0.35307506
15,36,1,23,0.22484842
15,36,2,220,0.12816469
15,36,3,8,0.12119775
15,36,4,219,0.10747524
15,36,5,223,0.065238796
16,36,0,156,0.42020828
16,36,1,5,0.28174701
16,36,2,220,0.13148771
16,36,3,142,0.060807601
16,36,4,8,0.058245577
16,36,5,219,0.047503792
17,36,0,5,0.37366572
17,36,1,40,0.18319219
17,36,2,156,0.1449686
17,36,3,152,0.11898501
17,36,4,223,0.089599885
17,36,5,23,0.08958862
18,36,0,5,0.44117668
18,36,1,239,0.13240294
18,36,2,220,0.12078322
18,36,3,102,0.1008063
18,36,4,152,0.10019641
18,36,5,115,0.1046345
19,36,0,5,0.34137782
19,36,1,102,0.17872705
19,36,2,220,0.17400521
19,36,3,23,0.13991022
19,36,4,184,0.085231781
19,36,5,239,0.080747902
20,36,0,220,0.30948657
20,36,1,102,0.19692639
20,36,2,5,0.19288458
20,36,3,245,0.12919448
20,36,4,184,0.08810015
20,36,5,140,0.083407886
21,36,0,5,0.38295928
21,36,1,220,0.21811357
21,36,2,102,0.13498506
21,36,3,223,0.097064249
21,36,4,23,0.08736448
21,36,5,52,0.079513393
22,36,0,5,0.35701871
22,36,1,102,0.22308955
22,36,2,220,0.19764669
22,36,3,8,0.088552669
22,36,4,147,0.068888441
22,36,5,206,0.064803928
23,36,0,5,0.35769591
23,36,1,220,0.21523872
23,36,2,102,0.19977729
23,36,3,8,0.08857435
23,36,4,215,0.075659163
23,36,5,23,0.063054562
24,36,0,5,0.34718403
24,36,1,102,0.31416893
24,36,2,220,0.11989971
24,36,3,23,0.086308032
24,36,4,8,0.075241037
24,36,5,173,0.05719829
25,36,0,5,0.33544946
25,36,1,102,0.27704191
25,36,2,220,0.18681496
25,36,3,197,0.071731463
25,36,4,173,0.069181561
25,36,5,147,0.059780672
26,36,0,5,0.34834731
26,36,1,102,0.29945862
26,36,2,220,0.17279871
26,36,3,8,0.076082699
26,36,4,23,0.059263036
26,36,5,234,0.044049621
27,36,0,5,0.42762786
27,36,1,102,0.32124448
27,36,2,220,0.080473907
27,36,3,230,0.058763064
27,36,4,8,0.057711672
27,36,5,223,0.054178964
28,36,0,5,0.48441228
28,36,1,102,0.13308521
28,36,2,223,0.12388019
28,36,3,142,0.098340459
28,36,4,145,0.082654752
28,36,5,101,0.077627137
29,36,0,5,0.53042161
29,36,1,152,0.1145297
29,36,2,223,0.10367615
29,36,3,203,0.085212521
29,36,4,220,0.084807895
29,36,5,41,0.081352144
30,36,0,77,0.35683632
30,36,1,5,0.29823434
30,36,2,201,0.10545355
30,36,3,220,0.093384191
30,36,4,226,0.071590856
30,36,5,191,0.074500754
31,36,0,5,0.2526899
31,36,1,201,0.22236273
31,36,2,154,0.16903847
31,36,3,191,0.14414896
31,36,4,52,0.11795153
31,36,5,77,0.093808405
32,36,0,5,0.42025226
32,36,1,191,0.34732866
32,36,2,118,0.08396294
32,36,3,156,0.054666474
32,36,4,102,0.047944367
32,36,5,103,0.045845285
33,36,0,5,0.33484861
33,36,1,191,0.28031108
33,36,2,91,0.14223139
33,36,3,126,0.10891613
33,36,4,103,0.072670981
33,36,5,225,0.061021842
34,36,0,5,0.33009186
34,36,1,191,0.26836106
34,36,2,154,0.17398292
34,36,3,52,0.10481151
34,36,4,102,0.062364176
34,36,5,228,0.060388509
35,36,0,191,0.28215918
35,36,1,5,0.27163845
35,36,2,91,0.19465309
35,36,3,52,0.13866401
35,36,4,219,0.055851404
35,36,5,41,0.057033882
36,36,0,5,0.30936396
36,36,1,191,0.27913138
36,36,2,154,0.16567524
36,36,3,52,0.089571439
36,36,4,43,0.081813157
36,36,5,57,0.074444868
37,36,0,5,0.44048467
37,36,1,191,0.29418001
37,36,2,41,0.081946895
37,36,3,43,0.063686803
37,36,4,22,0.062814124
37,36,5,102,0.056887481
38,36,0,5,0.31093192
38,36,1,191,0.24764924
38,36,2,91,0.22961879
38,36,3,223,0.082657732
38,36,4,23,0.068881325
38,36,5,145,0.060261015
39,36,0,5,0.40986007
39,36,1,191,0.20404513
39,36,2,103,0.13706909
39,36,3,223,0.10171635
39,36,4,102,0.078832321
39,36,5,135,0.06847702
40,36,0,5,0.33918723
40,36,1,191,0.18567362
40,36,2,154,0.17899631
40,36,3,52,0.13025507
40,36,4,201,0.091088749
40,36,5,223,0.074799016
41,36,0,5,0.23980884
41,36,1,77,0.18682262
41,36,2,154,0.20490119
41,36,3,201,0.15524845
41,36,4,52,0.11656472
41,36,5,191,0.096654169
42,36,0,5,0.22353454
42,36,1,154,0.22911291
42,36,2,201,0.16930339
42,36,3,52,0.13860062
42,36,4,191,0.13008234
42,36,5,120,0.10936625
43,36,0,5,0.51036054
43,36,1,122,0.14388417
43,36,2,184,0.09611661
43,36,3,34,0.083526202
43,36,4,8,0.080609225
43,36,5,120,0.085503265
44,36,0,5,0.34128207
44,36,1,161,0.23799855
44,36,2,122,0.12605271
44,36,3,77,0.10499074
44,36,4,120,0.11617552
44,36,5,121,0.07350044
45,36,0,5,0.36356089
45,36,1,120,0.22004889
45,36,2,191,0.1294598
45,36,3,118,0.11453509
45,36,4,165,0.10401701
45,36,5,101,0.068378329
46,36,0,5,0.34791791
46,36,1,161,0.20378748
46,36,2,120,0.16669206
46,36,3,191,0.117689
46,36,4,118,0.088764891
46,36,5,23,0.075148679
47,36,0,5,0.33996829
47,36,1,4,0.31373942
47,36,2,23,0.11614221
47,36,3,220,0.094888166
47,36,4,215,0.069359638
47,36,5,42,0.065902315
48,36,0,5,0.34286788
48,36,1,4,0.14436056
48,36,2,220,0.13456422
48,36,3,223,0.12846316
48,36,4,120,0.13663465
48,36,5,42,0.11310951
49,36,0,5,0.22477697
49,36,1,168,0.23154905
49,36,2,191,0.20571689
49,36,3,165,0.17246968
49,36,4,229,0.10150505
49,36,5,118,0.063982345
50,36,0,5,0.31081313
50,36,1,191,0.21083285
50,36,2,233,0.12245431
50,36,3,223,0.11434958
50,36,4,230,0.10854339
50,36,5,168,0.1330068
51,36,0,5,0.29138771
51,36,1,119,0.19791371
51,36,2,191,0.16639192
51,36,3,118,0.14693154
51,36,4,215,0.10321949
51,36,5,229,0.094155639
52,36,0,5,0.26488557
52,36,1,115,0.26154208
52,36,2,191,0.17139094
52,36,3,223,0.12403749
52,36,4,233,0.092909299
52,36,5,122,0.085234627
53,36,0,5,0.53196663
53,36,1,152,0.10928076
53,36,2,223,0.096848108
53,36,3,101,0.093063213
53,36,4,153,0.085760012
53,36,5,142,0.083081245
0,37,0,93,0.38774854
0,37,1,125,0.16184296
0,37,2,26,0.14533751
0,37,3,113,0.11381195
0,37,4,30,0.09334515
0,37,5,12,0.097913899
1,37,0,204,0.20989561
1,37,1,178,0.2000141
1,37,2,73,0.18928508
1,37,3,74,0.13564509
1,37,4,233,0.13302906
1,37,5,192,0.132131
2,37,0,71,0.2213753
2,37,1,164,0.21828038
2,37,2,74,0.15065247
2,37,3,95,0.13361722
2,37,4,66,0.15312923
2,37,5,222,0.1229454
3,37,0,138,0.24098884
3,37,1,57,0.22147313
3,37,2,205,0.16189936
3,37,3,175,0.14758886
3,37,4,70,0.12390986
3,37,5,242,0.10413999
4,37,0,138,0.39691466
4,37,1,57,0.27591577
4,37,2,111,0.095896378
4,37,3,239,0.078390278
4,37,4,70,0.082235225
4,37,5,41,0.070647709
5,37,0,138,0.33511633
5,37,1,129,0.21612974
5,37,2,235,0.16898395
5,37,3,214,0.099318385
5,37,4,1,0.099942364
5,37,5,164,0.08050929
6,37,0,189,0.37928057
6,37,1,138,0.15314971
6,37,2,213,0.11500173
6,37,3,107,0.12404251
6,37,4,88,0.12212674
6,37,5,253,0.10639873
7,37,0,189,0.27267867
7,37,1,138,0.17842285
7,37,2,135,0.1746199
7,37,3,164,0.13914061
7,37,4,107,0.11540084
7,37,5,225,0.11973712
8,37,0,102,0.29497686
8,37,1,138,0.18650442
8,37,2,235,0.14491303
8,37,3,164,0.14485146
8,37,4,88,0.12152288
8,37,5,111,0.10723132
9,37,0,33,0.25343221
9,37,1,250,0.17276327
9,37,2,138,0.15336005
9,37,3,73,0.15175232
9,37,4,90,0.13387132
9,37,5,13,0.13482086
10,37,0,138,0.37588564
10,37,1,114,0.31341594
10,37,2,129,0.10897081
10,37,3,60,0.067650497
10,37,4,153,0.073472381
10,37,5,111,0.060604773
11,37,0,138,0.32553223
11,37,1,91,0.2889218
11,37,2,45,0.10956383
11,37,3,4,0.092608631
11,37,4,151,0.091869965
11,37,5,235,0.091503531
12,37,0,138,0.32041124
12,37,1,57,0.19276083
12,37,2,236,0.12774298
12,37,3,91,0.12419832
12,37,4,235,0.12077837
12,37,5,129,0.11410827
13,37,0,138,0.37114567
13,37,1,1,0.28010592
13,37,2,38,0.099556439
13,37,3,45,0.091569476
13,37,4,5,0.079722092
13,37,5,98,0.077900432
14,37,0,138,0.53381783
14,37,1,89,0.17629623
14,37,2,132,0.088307574
14,37,3,214,0.080262795
14,37,4,235,0.064429097
14,37,5,83,0.056886468
15,37,0,138,0.46993381
15,37,1,153,0.1527624
15,37,2,151,0.13978687
15,37,3,132,0.10698246
15,37,4,90,0.0702819
15,37,5,159,0.060252547
16,37,0,138,0.3311069
16,37,1,210,0.17461
16,37,2,153,0.17409524
16,37,3,151,0.10857604
16,37,4,207,0.11056516
16,37,5,133,0.1010467
17,37,0,138,0.438723
17,37,1,102,0.16410516
17,37,2,151,0.10683173
17,37,3,123,0.10669857
17,37,4,210,0.092237361
17,37,5,132,0.091404155
18,37,0,138,0.37734175
18,37,1,1,0.18049203
18,37,2,153,0.18100637
18,37,3,89,0.11094904
18,37,4,151,0.1033187
18,37,5,45,0.046892114
19,37,0,138,0.3674652
19,37,1,153,0.26977006
19,37,2,166,0.13168058
19,37,3,91,0.094951712
19,37,4,151,0.083244517
19,37,5,207,0.052887931
20,37,0,153,0.33916107
20,37,1,138,0.31273916
20,37,2,166,0.09979333
20,37,3,4,0.090451278
20,37,4,62,0.083501607
20,37,5,91,0.074353546
21,37,0,138,0.31696451
21,37,1,153,0.17925675
21,37,2,166,0.14390343
21,37,3,102,0.14843097
21,37,4,230,0.11450849
21,37,5,123,0.096935868
22,37,0,138,0.27925852
22,37,1,153,0.25337821
22,37,2,166,0.19201985
22,37,3,102,0.15556866
22,37,4,151,0.06172685
22,37,5,92,0.058047891
23,37,0,138,0.29344133
23,37,1,153,0.26223519
23,37,2,166,0.24183209
23,37,3,61,0.074575752
23,37,4,132,0.069560796
23,37,5,199,0.058354858
24,37,0,166,0.27258039
24,37,1,153,0.26545736
24,37,2,138,0.21260786
24,37,3,132,0.096587159
24,37,4,248,0.085812017
24,37,5,58,0.066955186
25,37,0,166,0.29511937
25,37,1,138,0.24551496
25,37,2,153,0.24932227
25,37,3,102,0.087232687
25,37,4,240,0.063647218
25,37,5,41,0.059163492
26,37,0,166,0.3311719
26,37,1,153,0.27304244
26,37,2,138,0.20275654
26,37,3,8,0.07812351
26,37,4,58,0.058839522
26,37,5,240,0.056066059
27,37,0,166,0.33472151
27,37,1,153,0.31635636
27,37,2,207,0.10847823
27,37,3,138,0.085796595
27,37,4,61,0.077991836
27,37,5,223,0.07665547
28,37,0,123,0.23139833
28,37,1,96,0.21248685
28,37,2,138,0.17114776
28,37,3,157,0.14441024
28,37,4,73,0.12141134
28,37,5,102,0.11914545
29,37,0,138,0.32643563
29,37,1,33,0.15788879
29,37,2,250,0.14754045
29,37,3,153,0.13150288
29,37,4,151,0.11979928
29,37,5,90,0.11683302
30,37,0,60,0.29239666
30,37,1,138,0.20090081
30,37,2,88,0.15819646
30,37,3,57,0.1375352
30,37,4,153,0.11443354
30,37,5,166,0.096537314
31,37,0,57,0.25993845
31,37,1,248,0.20962368
31,37,2,12,0.17916857
31,37,3,138,0.12647514
31,37,4,1,0.11759736
31,37,5,132,0.10719681
32,37,0,153,0.31941825
32,37,1,62,0.22464846
32,37,2,138,0.13739607
32,37,3,166,0.13124795
32,37,4,171,0.098853581
32,37,5,199,0.088435709
33,37,0,153,0.20928022
33,37,1,186,0.2117786
33,37,2,2,0.15798999
33,37,3,138,0.14353174
33,37,4,62,0.13499627
33,37,5,191,0.1424232
34,37,0,153,0.28096956
34,37,1,248,0.19321725
34,37,2,166,0.17048748
34,37,3,132,0.13129927
34,37,4,7,0.11169264
34,37,5,235,0.11233379
35,37,0,102,0.23377801
35,37,1,96,0.2584042
35,37,2,186,0.15764979
35,37,3,153,0.12770358
35,37,4,138,0.11687279
35,37,5,1,0.10559163
36,37,0,102,0.26823395
36,37,1,248,0.19227335
36,37,2,88,0.17629693
36,37,3,12,0.16466027
36,37,4,166,0.10094316
36,37,5,153,0.097592294
37,37,0,138,0.26572767
37,37,1,153,0.23154259
37,37,2,151,0.12881993
37,37,3,166,0.12624323
37,37,4,136,0.12406435
37,37,5,207,0.12360226
38,37,0,123,0.34037796
38,37,1,153,0.14179853
38,37,2,138,0.1188817
38,37,3,96,0.18195494
38,37,4,186,0.12033338
38,37,5,92,0.096653506
39,37,0,102,0.26720393
39,37,1,153,0.20585915
39,37,2,166,0.18833938
39,37,3,138,0.12250071
39,37,4,136,0.10550306
39,37,5,207,0.11059378
40,37,0,248,0.20927128
40,37,1,87,0.2306025
40,37,2,132,0.17064799
40,37,3,138,0.12650259
40,37,4,57,0.15226914
40,37,5,90,0.11070651
41,37,0,60,0.25991154
41,37,1,57,0.22017351
41,37,2,138,0.15201539
41,37,3,88,0.13718791
41,37,4,248,0.12346424
41,37,5,12,0.1072474
42,37,0,57,0.26004148
42,37,1,248,0.22453296
42,37,2,12,0.1885643
42,37,3,60,0.11547269
42,37,4,90,0.10482415
42,37,5,138,0.10656448
43,37,0,1,0.25853953
43,37,1,88,0.19669756
43,37,2,13,0.19145751
43,37,3,25,0.12487295
43,37,4,153,0.11950874
43,37,5,211,0.10892374
44,37,0,189,0.312493
44,37,1,88,0.18609636
44,37,2,138,0.13397084
44,37,3,1,0.13018706
44,37,4,90,0.12638485
44,37,5,253,0.11086787
45,37,0,236,0.25920516
45,37,1,138,0.19244452
45,37,2,60,0.16431274
45,37,3,147,0.14422879
45,37,4,76,0.12828374
45,37,5,132,0.11152509
46,37,0,62,0.19206485
46,37,1,138,0.17813009
46,37,2,207,0.17432509
46,37,3,13,0.18306036
46,37,4,2,0.13896276
46,37,5,129,0.13345687
47,37,0,143,0.50650376
47,37,1,62,0.10297073
47,37,2,55,0.10197171
47,37,3,125,0.097814612
47,37,4,82,0.095560387
47,37,5,199,0.095178843
48,37,0,207,0.20333311
48,37,1,143,0.15858164
48,37,2,13,0.1865889
48,37,3,62,0.15506336
48,37,4,0,0.15719819
48,37,5,224,0.13923481
49,37,0,152,0.32075489
49,37,1,70,0.1865427
49,37,2,151,0.15548556
49,37,3,212,0.11641916
49,37,4,103,0.11157773
49,37,5,207,0.10921993
50,37,0,123,0.26865447
50,37,1,96,0.29221046
50,37,2,225,0.12474328
50,37,3,2,0.11133201
50,37,4,207,0.10648676
50,37,5,44,0.096573018
51,37,0,138,0.22986357
51,37,1,236,0.22115874
51,37,2,151,0.15288788
51,37,3,42,0.15151931
51,37,4,122,0.14234191
51,37,5,147,0.10222859
52,37,0,123,0.28007144
52,37,1,96,0.23656698
52,37,2,33,0.13819158
52,37,3,73,0.13222311
52,37,4,151,0.10914401
52,37,5,44,0.10380283
53,37,0,138,0.21077192
53,37,1,33,0.20496675
53,37,2,250,0.18288505
53,37,3,87,0.1582623
53,37,4,90,0.12492975
53,37,5,73,0.11818429
0,38,0,152,0.63416201
0,38,1,180,0.087778538
0,38,2,115,0.074680924
0,38,3,146,0.076609932
0,38,4,202,0.062449966
0,38,5,242,0.064318582
1,38,0,183,0.33622798
1,38,1,250,0.22207789
1,38,2,57,0.15587805
1,38,3,145,0.10196072
1,38,4,216,0.093842424
1,38,5,104,0.090012915
2,38,0,145,0.27041128
2,38,1,250,0.26013434
2,38,2,183,0.20780045
2,38,3,15,0.095695622
2,38,4,189,0.089678973
2,38,5,71,0.076279357
3,38,0,250,0.50817883
3,38,1,185,0.12517743
3,38,2,148,0.10786811
3,38,3,7,0.095755309
3,38,4,155,0.088579364
3,38,5,248,0.074440926
4,38,0,250,0.37502214
4,38,1,41,0.24116445
4,38,2,148,0.10955407
4,38,3,94,0.10277005
4,38,4,248,0.090140328
4,38,5,101,0.081348971
5,38,0,103,0.22956641
5,38,1,94,0.21177043
5,38,2,190,0.17533055
5,38,3,89,0.125955
5,38,4,221,0.12003925
5,38,5,121,0.13733834
6,38,0,190,0.22387215
6,38,1,224,0.20903069
6,38,2,228,0.18792628
6,38,3,141,0.13194008
6,38,4,113,0.13803695
6,38,5,103,0.10919385
7,38,0,155,0.22253036
7,38,1,121,0.22431713
7,38,2,190,0.16262782
7,38,3,40,0.13907968
7,38,4,80,0.11780588
7,38,5,113,0.13363908
8,38,0,8,0.27420196
8,38,1,221,0.16436799
8,38,2,145,0.15314643
8,38,3,103,0.13734698
8,38,4,40,0.14157023
8,38,5,192,0.12936638
9,38,0,103,0.21279956
9,38,1,41,0.19017063
9,38,2,101,0.17962277
9,38,3,187,0.1423302
9,38,4,216,0.14106199
9,38,5,94,0.13401489
10,38,0,155,0.2267964
10,38,1,81,0.20491403
10,38,2,101,0.1837284
10,38,3,94,0.14366928
10,38,4,103,0.13707203
10,38,5,41,0.10381991
11,38,0,101,0.36329326
11,38,1,155,0.15551604
11,38,2,103,0.15033905
11,38,3,248,0.14226599
11,38,4,94,0.11292718
11,38,5,104,0.075658463
12,38,0,103,0.30891719
12,38,1,101,0.27150449
12,38,2,41,0.14554648
12,38,3,155,0.11156843
12,38,4,80,0.095861517
12,38,5,211,0.066601872
13,38,0,0,0.45250803
13,38,1,41,0.11976978
13,38,2,219,0.11499152
13,38,3,103,0.11110986
13,38,4,101,0.11409111
13,38,5,155,0.087529659
14,38,0,103,0.23758295
14,38,1,101,0.17844751
14,38,2,224,0.17250092
14,38,3,41,0.15604144
14,38,4,94,0.14514954
14,38,5,255,0.11027759
15,38,0,101,0.221376
15,38,1,103,0.21527022
15,38,2,41,0.19412754
15,38,3,118,0.1513419
15,38,4,94,0.13067257
15,38,5,255,0.087211765
16,38,0,101,0.24813846
16,38,1,94,0.20506515
16,38,2,41,0.20064041
16,38,3,103,0.19859661
16,38,4,248,0.08447881
16,38,5,118,0.063080557
17,38,0,187,0.24306871
17,38,1,94,0.21317756
17,38,2,101,0.18170032
17,38,3,103,0.12526439
17,38,4,41,0.11832257
17,38,5,40,0.11846647
18,38,0,101,0.38015568
18,38,1,41,0.1603426
18,38,2,94,0.12589383
18,38,3,103,0.12047931
18,38,4,46,0.11302499
18,38,5,217,0.10010361
19,38,0,101,0.33757526
19,38,1,41,0.2277645
19,38,2,103,0.14576983
19,38,3,118,0.12540536
19,38,4,94,0.099342838
19,38,5,50,0.06414225
20,38,0,101,0.35096914
20,38,1,187,0.23503183
20,38,2,50,0.11929278
20,38,3,218,0.1185439
20,38,4,41,0.098802984
20,38,5,7,0.077359349
21,38,0,101,0.28654113
21,38,1,187,0.23703022
21,38,2,41,0.13799056
21,38,3,94,0.1205628
21,38,4,103,0.10711261
21,38,5,61,0.11076269
22,38,0,101,0.30440003
22,38,1,41,0.2560733
22,38,2,94,0.14013642
22,38,3,61,0.12337243
22,38,4,103,0.091703683
22,38,5,137,0.084314175
23,38,0,101,0.30139664
23,38,1,94,0.21918274
23,38,2,41,0.15948847
23,38,3,118,0.1297247
23,38,4,224,0.11529204
23,38,5,221,0.074915439
24,38,0,101,0.26510501
24,38,1,41,0.21514441
24,38,2,94,0.17832218
24,38,3,187,0.12711091
24,38,4,83,0.12342025
24,38,5,44,0.090897232
25,38,0,41,0.2960014
25,38,1,101,0.25158653
25,38,2,94,0.18892737
25,38,3,76,0.094484881
25,38,4,201,0.092611834
25,38,5,118,0.076387957
26,38,0,41,0.25985008
26,38,1,101,0.22334461
26,38,2,118,0.19131213
26,38,3,94,0.14939065
26,38,4,76,0.10151624
26,38,5,184,0.074586339
27,38,0,187,0.24215294
27,38,1,41,0.19776021
27,38,2,101,0.18357405
27,38,3,94,0.14637436
27,38,4,218,0.1213893
27,38,5,50,0.10874914
28,38,0,94,0.22818071
28,38,1,187,0.2084209
28,38,2,83,0.17885014
28,38,3,61,0.15692069
28,38,4,217,0.11450054
28,38,5,216,0.113127
29,38,0,41,0.2714735
29,38,1,94,0.21789622
29,38,2,101,0.1500816
29,38,3,40,0.12973379
29,38,4,46,0.11706658
29,38,5,224,0.11374831
30,38,0,224,0.29084325
30,38,1,188,0.26555932
30,38,2,40,0.159715
30,38,3,190,0.099591948
30,38,4,216,0.094047129
30,38,5,94,0.090243377
31,38,0,224,0.29881093
31,38,1,40,0.21775755
31,38,2,61,0.15300472
31,38,3,36,0.11643672
31,38,4,216,0.10550782
31,38,5,93,0.10848224
32,38,0,118,0.20362373
32,38,1,41,0.20058344
32,38,2,101,0.20305905
32,38,3,142,0.14810629
32,38,4,40,0.14022721
32,38,5,94,0.10440031
33,38,0,40,0.36430374
33,38,1,142,0.17836408
33,38,2,42,0.12168607
33,38,3,41,0.11127381
33,38,4,224,0.11687602
33,38,5,101,0.10749625
34,38,0,40,0.3255752
34,38,1,42,0.21767189
34,38,2,41,0.12085842
34,38,3,224,0.13021868
34,38,4,94,0.10556175
34,38,5,56,0.10011405
35,38,0,40,0.39126322
35,38,1,187,0.1499757
35,38,2,224,0.13436705
35,38,3,42,0.11927398
35,38,4,101,0.11292233
35,38,5,21,0.092197694
36,38,0,40,0.40889221
36,38,1,224,0.20174782
36,38,2,76,0.10747991
36,38,3,155,0.1025968
36,38,4,94,0.091025971
36,38,5,105,0.088257276
37,38,0,41,0.34987593
37,38,1,94,0.16469362
37,38,2,118,0.11896686
37,38,3,42,0.11328995
37,38,4,101,0.11912476
37,38,5,3,0.13404891
38,38,0,3,0.26162463
38,38,1,40,0.19861341
38,38,2,42,0.15530282
38,38,3,41,0.14433752
38,38,4,155,0.14245455
38,38,5,94,0.097667031
39,38,0,41,0.32552764
39,38,1,42,0.18672888
39,38,2,63,0.16161764
39,38,3,94,0.11109373
39,38,4,40,0.11097578
39,38,5,101,0.10405631
40,38,0,40,0.24164696
40,38,1,224,0.20505345
40,38,2,42,0.15247796
40,38,3,155,0.15165254
40,38,4,61,0.13974865
40,38,5,36,0.10942045
41,38,0,224,0.2686139
41,38,1,188,0.20644543
41,38,2,40,0.17211893
41,38,3,61,0.15719689
41,38,4,155,0.099778138
41,38,5,21,0.095846727
42,38,0,61,0.26430321
42,38,1,224,0.21302941
42,38,2,40,0.15802146
42,38,3,216,0.12710769
42,38,4,36,0.11882538
42,38,5,93,0.11871284
43,38,0,170,0.43385467
43,38,1,224,0.23142517
43,38,2,155,0.10361748
43,38,3,216,0.084575459
43,38,4,94,0.074275352
43,38,5,41,0.072251923
44,38,0,170,0.37490878
44,38,1,224,0.21616642
44,38,2,121,0.13709837
44,38,3,113,0.11552867
44,38,4,216,0.077892043
44,38,5,154,0.07840573
45,38,0,255,0.23829381
45,38,1,118,0.18304524
45,38,2,155,0.18019737
45,38,3,41,0.14503305
45,38,4,170,0.13323425
45,38,5,150,0.12019631
46,38,0,170,0.26742381
46,38,1,155,0.20534676
46,38,2,150,0.15841307
46,38,3,118,0.13020049
46,38,4,41,0.12383927
46,38,5,121,0.11477662
47,38,0,150,0.25129938
47,38,1,155,0.21542236
47,38,2,170,0.15101296
47,38,3,118,0.13770156
47,38,4,41,0.13118938
47,38,5,94,0.11337437
48,38,0,155,0.25632134
48,38,1,150,0.23658819
48,38,2,170,0.14484881
48,38,3,41,0.13494796
48,38,4,113,0.12996577
48,38,5,216,0.097327925
49,38,0,170,0.34245524
49,38,1,22,0.22206755
49,38,2,150,0.12607023
49,38,3,43,0.11671714
49,38,4,41,0.09949553
49,38,5,118,0.093194351
50,38,0,150,0.34128705
50,38,1,8,0.23223233
50,38,2,76,0.11599234
50,38,3,155,0.11746018
50,38,4,41,0.10654798
50,38,5,23,0.086480089
51,38,0,150,0.25383776
51,38,1,13,0.1894232
51,38,2,41,0.17337598
51,38,3,21,0.137097
51,38,4,93,0.13062803
51,38,5,167,0.11563805
52,38,0,8,0.31180924
52,38,1,21,0.15052636
52,38,2,150,0.14200479
52,38,3,126,0.13606718
52,38,4,187,0.13231526
52,38,5,76,0.12727714
53,38,0,41,0.25830516
53,38,1,94,0.19628648
53,38,2,155,0.15496501
53,38,3,219,0.13789222
53,38,4,101,0.13284671
53,38,5,216,0.11970444
0,39,0,64,0.49033409
0,39,1,189,0.11831472
0,39,2,228,0.10864329
0,39,3,217,0.09688735
0,39,4,89,0.091722503
0,39,5,225,0.094098002
1,39,0,159,0.19584012
1,39,1,65,0.1749799
1,39,2,68,0.16859722
1,39,3,243,0.1642544
1,39,4,105,0.14970879
1,39,5,235,0.14661953
2,39,0,159,0.2380819
2,39,1,86,0.20955482
2,39,2,199,0.20215064
2,39,3,191,0.12145198
2,39,4,105,0.11716207
2,39,5,65,0.11159857
3,39,0,159,0.28801465
3,39,1,39,0.26160997
3,39,2,121,0.11289062
3,39,3,154,0.10478333
3,39,4,213,0.13390888
3,39,5,135,0.098792545
4,39,0,159,0.2682156
4,39,1,39,0.20779411
4,39,2,118,0.16991067
4,39,3,43,0.17228527
4,39,4,162,0.090754107
4,39,5,166,0.091040261
5,39,0,159,0.35027197
5,39,1,229,0.1491753
5,39,2,213,0.17977759
5,39,3,6,0.10968443
5,39,4,89,0.10697606
5,39,5,243,0.10411463
6,39,0,52,0.27613643
6,39,1,243,0.23513877
6,39,2,69,0.19491132
6,39,3,139,0.11225967
6,39,4,253,0.095306948
6,39,5,252,0.086246863
7,39,0,208,0.32697207
7,39,1,117,0.2209914
7,39,2,159,0.1599223
7,39,3,43,0.10693645
7,39,4,192,0.093270577
7,39,5,74,0.091907218
8,39,0,80,0.33116409
8,39,1,159,0.21717222
8,39,2,243,0.12520605
8,39,3,157,0.11814006
8,39,4,192,0.10705584
8,39,5,89,0.1012617
9,39,0,221,0.22995536
9,39,1,243,0.21725164
9,39,2,9,0.1574744
9,39,3,182,0.14375535
9,39,4,180,0.12934232
9,39,5,212,0.1222209
10,39,0,159,0.28405803
10,39,1,208,0.2305339
10,39,2,117,0.155311
10,39,3,43,0.12622949
10,39,4,154,0.11406378
10,39,5,235,0.089803785
11,39,0,43,0.25038865
11,39,1,192,0.1878473
11,39,2,117,0.17914072
11,39,3,159,0.1761729
11,39,4,154,0.1095679
11,39,5,6,0.096882559
12,39,0,80,0.22299318
12,39,1,140,0.17131406
12,39,2,159,0.16027504
12,39,3,43,0.15636572
12,39,4,163,0.1502427
12,39,5,188,0.13880934
13,39,0,225,0.33428198
13,39,1,69,0.18418741
13,39,2,66,0.14379463
13,39,3,171,0.13328807
13,39,4,25,0.11183608
13,39,5,182,0.092611827
14,39,0,225,0.2493605
14,39,1,43,0.19503438
14,39,2,159,0.18906468
14,39,3,235,0.13371983
14,39,4,86,0.11994211
14,39,5,214,0.11287852
15,39,0,86,0.24346137
15,39,1,159,0.19148542
15,39,2,214,0.17369144
15,39,3,199,0.15161163
15,39,4,69,0.13513836
15,39,5,194,0.10461183
16,39,0,117,0.31098399
16,39,1,43,0.19811334
16,39,2,159,0.18650477
16,39,3,74,0.10312492
16,39,4,222,0.099981166
16,39,5,100,0.10129187
17,39,0,163,0.25353855
17,39,1,80,0.21706615
17,39,2,108,0.1719891
17,39,3,243,0.14995083
17,39,4,188,0.10552315
17,39,5,179,0.10193221
18,39,0,14,0.23838963
18,39,1,225,0.21029201
18,39,2,147,0.16365378
18,39,3,240,0.14051017
18,39,4,227,0.12730123
18,39,5,163,0.11985318
19,39,0,86,0.3349601
19,39,1,199,0.17300123
19,39,2,43,0.14953446
19,39,3,243,0.11699687
19,39,4,206,0.11416692
19,39,5,179,0.11134044
20,39,0,43,0.22968242
20,39,1,125,0.21917301
20,39,2,55,0.15804721
20,39,3,154,0.13362831
20,39,4,100,0.14073209
20,39,5,188,0.11873698
21,39,0,43,0.20856333
21,39,1,80,0.17383252
21,39,2,163,0.16814075
21,39,3,108,0.158214
21,39,4,86,0.15413165
21,39,5,7,0.13711774
22,39,0,86,0.26864871
22,39,1,239,0.19744529
22,39,2,163,0.17286415
22,39,3,43,0.15247485
22,39,4,226,0.10966677
22,39,5,243,0.098900169
23,39,0,86,0.28057289
23,39,1,239,0.15695226
23,39,2,43,0.16165492
23,39,3,159,0.15363427
23,39,4,194,0.1290081
23,39,5,95,0.11817756
24,39,0,7,0.23588768
24,39,1,194,0.18167534
24,39,2,163,0.17406191
24,39,3,140,0.14976145
24,39,4,200,0.13106808
24,39,5,81,0.12754554
25,39,0,194,0.30492213
25,39,1,86,0.19770138
25,39,2,239,0.15178981
25,39,3,216,0.14005049
25,39,4,233,0.1088063
25,39,5,163,0.096729882
26,39,0,86,0.3579154
26,39,1,194,0.30055776
26,39,2,239,0.089704357
26,39,3,214,0.087473579
26,39,4,216,0.087578058
26,39,5,226,0.076770835
27,39,0,154,0.25003508
27,39,1,194,0.24057665
27,39,2,117,0.14695245
27,39,3,100,0.13558203
27,39,4,139,0.11816626
27,39,5,81,0.10868755
28,39,0,243,0.25624019
28,39,1,221,0.17601022
28,39,2,194,0.16071273
28,39,3,163,0.1619973
28,39,4,139,0.12444217
28,39,5,188,0.12059739
29,39,0,243,0.20616169
29,39,1,159,0.19888759
29,39,2,9,0.19491026
29,39,3,221,0.14190269
29,39,4,182,0.12950322
29,39,5,86,0.12863456
30,39,0,208,0.31150207
30,39,1,45,0.1763064
30,39,2,159,0.16671108
30,39,3,140,0.12819275
30,39,4,120,0.11684308
30,39,5,164,0.10044462
31,39,0,140,0.24482501
31,39,1,80,0.19357209
31,39,2,49,0.1730601
31,39,3,18,0.15488926
31,39,4,227,0.14372739
31,39,5,55,0.089926116
32,39,0,144,0.28014672
32,39,1,225,0.19397597
32,39,2,45,0.17431046
32,39,3,56,0.15198955
32,39,4,243,0.10040027
32,39,5,40,0.099177033
33,39,0,55,0.2881805
33,39,1,144,0.19996668
33,39,2,227,0.14526406
33,39,3,139,0.13253829
33,39,4,124,0.1171017
33,39,5,108,0.11694875
34,39,0,144,0.31312492
34,39,1,214,0.18610328
34,39,2,140,0.1373453
34,39,3,139,0.12743862
34,39,4,194,0.11853654
34,39,5,56,0.11745138
35,39,0,55,0.30235898
35,39,1,108,0.20679064
35,39,2,221,0.14539067
35,39,3,144,0.12309656
35,39,4,243,0.11993022
35,39,5,139,0.10243295
36,39,0,214,0.28289899
36,39,1,140,0.1973152
36,39,2,78,0.16194332
36,39,3,49,0.13222052
36,39,4,243,0.11412319
36,39,5,144,0.11149873
37,39,0,144,0.26320881
37,39,1,86,0.17113893
37,39,2,139,0.15832056
37,39,3,214,0.13879158
37,39,4,225,0.13772465
37,39,5,45,0.13081551
38,39,0,55,0.24576825
38,39,1,144,0.17066166
38,39,2,108,0.16604315
38,39,3,221,0.14640284
38,39,4,139,0.14136781
38,39,5,159,0.12975626
39,39,0,214,0.21903202
39,39,1,144,0.2020189
39,39,2,139,0.17856976
39,39,3,86,0.17787687
39,39,4,194,0.11806425
39,39,5,129,0.10443816
40,39,0,239,0.23484217
40,39,1,159,0.17749025
40,39,2,140,0.17109282
40,39,3,214,0.16775727
40,39,4,144,0.1279697
40,39,5,49,0.12084775
41,39,0,208,0.24244203
41,39,1,140,0.23847197
41,39,2,159,0.15790002
41,39,3,253,0.13805391
41,39,4,49,0.11491392
41,39,5,164,0.1082182
42,39,0,140,0.30271578
42,39,1,49,0.24908119
42,39,2,80,0.13704807
42,39,3,208,0.11926713
42,39,4,120,0.098639131
42,39,5,60,0.093248695
43,39,0,225,0.26896524
43,39,1,159,0.20190994
43,39,2,69,0.18858527
43,39,3,144,0.15892194
43,39,4,139,0.10071798
43,39,5,119,0.080899656
44,39,0,69,0.27124858
44,39,1,52,0.21910225
44,39,2,253,0.17615831
44,39,3,144,0.16817705
44,39,4,159,0.10159975
44,39,5,120,0.063714072
45,39,0,100,0.2051436
45,39,1,214,0.17390075
45,39,2,159,0.16597846
45,39,3,226,0.16025668
45,39,4,69,0.15158875
45,39,5,113,0.1431317
46,39,0,117,0.25889495
46,39,1,159,0.23744889
46,39,2,144,0.16741627
46,39,3,253,0.14279999
46,39,4,45,0.10590615
46,39,5,220,0.087533757
47,39,0,159,0.28713483
47,39,1,127,0.18565513
47,39,2,165,0.15645635
47,39,3,144,0.12967944
47,39,4,153,0.12622823
47,39,5,227,0.11484607
48,39,0,159,0.25788158
48,39,1,144,0.18025212
48,39,2,45,0.17222522
48,39,3,222,0.15118831
48,39,4,214,0.12603103
48,39,5,65,0.11242174
49,39,0,219,0.22252005
49,39,1,21,0.21732253
49,39,2,18,0.20723331
49,39,3,226,0.12168425
49,39,4,227,0.11692806
49,39,5,208,0.1143118
50,39,0,243,0.21370921
50,39,1,126,0.19480474
50,39,2,159,0.18327314
50,39,3,221,0.15688656
50,39,4,147,0.13170403
50,39,5,220,0.11962229
51,39,0,207,0.20902924
51,39,1,199,0.20264824
51,39,2,90,0.17064394
51,39,3,47,0.15938795
51,39,4,89,0.13342106
51,39,5,159,0.12486959
52,39,0,243,0.23028189
52,39,1,221,0.22262806
52,39,2,116,0.15017274
52,39,3,170,0.14305577
52,39,4,159,0.1335351
52,39,5,14,0.12032647
53,39,0,243,0.21962085
53,39,1,9,0.18206985
53,39,2,221,0.18115842
53,39,3,159,0.17076993
53,39,4,182,0.13352634
53,39,5,212,0.11285457
0,40,0,29,0.84999675
0,40,1,169,0.046971433
0,40,2,19,0.023513462
0,40,3,30,0.024857461
0,40,4,247,0.032713495
0,40,5,222,0.021947341
1,40,0,7,0.21516055
1,40,1,174,0.19479045
1,40,2,211,0.16379523
1,40,3,250,0.14392571
1,40,4,158,0.14528516
1,40,5,24,0.13704289
2,40,0,7,0.20187905
2,40,1,158,0.1815708
2,40,2,153,0.16802946
2,40,3,215,0.16807359
2,40,4,30,0.14887787
2,40,5,250,0.13156921
3,40,0,7,0.21711703
3,40,1,211,0.210806
3,40,2,158,0.20884605
3,40,3,210,0.17281003
3,40,4,153,0.10602444
3,40,5,174,0.084396482
4,40,0,7,0.29958242
4,40,1,158,0.27207682
4,40,2,210,0.15948451
4,40,3,108,0.097721867
4,40,4,153,0.085168809
4,40,5,242,0.085965559
5,40,0,158,0.31589529
5,40,1,252,0.20061584
5,40,2,210,0.18872289
5,40,3,146,0.13995728
5,40,4,250,0.076389574
5,40,5,51,0.078419134
6,40,0,112,0.36056265
6,40,1,158,0.28267372
6,40,2,250,0.096727885
6,40,3,146,0.09805534
6,40,4,210,0.095434614
6,40,5,175,0.066545829
7,40,0,158,0.26896313
7,40,1,112,0.25484121
7,40,2,76,0.14821434
7,40,3,153,0.12484615
7,40,4,210,0.12647812
7,40,5,30,0.076657072
8,40,0,158,0.24654685
8,40,1,146,0.17964773
8,40,2,239,0.16457345
8,40,3,210,0.17240569
8,40,4,184,0.11963994
8,40,5,76,0.11718638
9,40,0,158,0.22097619
9,40,1,122,0.17443238
9,40,2,142,0.15684532
9,40,3,208,0.16288869
9,40,4,250,0.14848748
9,40,5,57,0.13636999
10,40,0,142,0.35256281
10,40,1,158,0.18574564
10,40,2,193,0.11783242
10,40,3,199,0.12231587
10,40,4,30,0.11914045
10,40,5,41,0.10240281
11,40,0,142,0.32370335
11,40,1,158,0.16809274
11,40,2,199,0.15680297
11,40,3,41,0.13357276
11,40,4,190,0.11603085
11,40,5,210,0.10179734
12,40,0,142,0.32075882
12,40,1,190,0.16398887
12,40,2,211,0.15418603
12,40,3,210,0.15709417
12,40,4,158,0.10991304
12,40,5,51,0.094059102
13,40,0,198,0.32648984
13,40,1,144,0.21544059
13,40,2,142,0.15787449
13,40,3,153,0.1000041
13,40,4,54,0.10182201
13,40,5,78,0.09836898
14,40,0,142,0.36475423
14,40,1,41,0.14743018
14,40,2,158,0.14738803
14,40,3,108,0.12161522
14,40,4,30,0.11261937
14,40,5,153,0.10619297
15,40,0,142,0.38067412
15,40,1,158,0.15573573
15,40,2,108,0.13496885
15,40,3,30,0.12462468
15,40,4,131,0.11298878
15,40,5,153,0.091007829
16,40,0,142,0.39790428
16,40,1,199,0.15808551
16,40,2,108,0.1369964
16,40,3,158,0.11976128
16,40,4,59,0.095715523
16,40,5,131,0.091536991
17,40,0,142,0.24564332
17,40,1,54,0.20706441
17,40,2,158,0.14915517
17,40,3,108,0.13975595
17,40,4,131,0.13369183
17,40,5,96,0.12468933
18,40,0,142,0.33354372
18,40,1,158,0.16529888
18,40,2,229,0.15008035
18,40,3,196,0.13105914
18,40,4,106,0.10912744
18,40,5,56,0.11089047
19,40,0,142,0.32982031
19,40,1,158,0.22445257
19,40,2,56,0.12153095
19,40,3,108,0.11757931
19,40,4,30,0.10575756
19,40,5,152,0.10085934
20,40,0,158,0.22129324
20,40,1,20,0.19596305
20,40,2,153,0.18155164
20,40,3,199,0.17472368
20,40,4,54,0.1097353
20,40,5,23,0.11673307
21,40,0,158,0.2403461
21,40,1,142,0.20752959
21,40,2,153,0.16638258
21,40,3,54,0.14493434
21,40,4,56,0.13149984
21,40,5,205,0.10930755
22,40,0,142,0.35876229
22,40,1,158,0.16119622
22,40,2,56,0.1330494
22,40,3,108,0.13109756
22,40,4,197,0.11263469
22,40,5,205,0.10325988
23,40,0,142,0.30451286
23,40,1,158,0.19877128
23,40,2,41,0.16000055
23,40,3,56,0.14869107
23,40,4,108,0.1029568
23,40,5,199,0.085067421
24,40,0,158,0.24351257
24,40,1,142,0.23994845
24,40,2,108,0.14129822
24,40,3,56,0.13827756
24,40,4,54,0.12354784
24,40,5,146,0.11341534
25,40,0,142,0.26864031
25,40,1,158,0.25199705
25,40,2,146,0.13099913
25,40,3,56,0.12799963
25,40,4,108,0.11151633
25,40,5,54,0.10884751
26,40,0,158,0.32281035
26,40,1,142,0.29517236
26,40,2,56,0.11659852
26,40,3,108,0.09627521
26,40,4,41,0.085059553
26,40,5,104,0.084084041
27,40,0,158,0.24085194
27,40,1,199,0.20411043
27,40,2,142,0.19511229
27,40,3,153,0.13083293
27,40,4,54,0.12923691
27,40,5,168,0.099855527
28,40,0,158,0.24876842
28,40,1,168,0.20086031
28,40,2,153,0.15493886
28,40,3,54,0.15274897
28,40,4,221,0.12671994
28,40,5,122,0.11596353
29,40,0,57,0.23733731
29,40,1,142,0.21450287
29,40,2,158,0.20485166
29,40,3,208,0.12782831
29,40,4,30,0.10948
29,40,5,108,0.10599981
30,40,0,158,0.23359829
30,40,1,142,0.18187672
30,40,2,30,0.16006885
30,40,3,24,0.15282257
30,40,4,242,0.13782243
30,40,5,108,0.1338111
31,40,0,146,0.26510218
31,40,1,211,0.22784123
31,40,2,158,0.14890197
31,40,3,91,0.14528549
31,40,4,132,0.11727361
31,40,5,56,0.095595531
32,40,0,76,0.35710147
32,40,1,158,0.25203869
32,40,2,56,0.12375631
32,40,3,54,0.092400938
32,40,4,105,0.087262221
32,40,5,187,0.087440312
33,40,0,158,0.19928052
33,40,1,91,0.2263305
33,40,2,210,0.18436281
33,40,3,153,0.13224842
33,40,4,113,0.1286034
33,40,5,54,0.12917437
34,40,0,76,0.24482267
34,40,1,56,0.16843598
34,40,2,158,0.16443861
34,40,3,132,0.17964864
34,40,4,211,0.13040021
34,40,5,27,0.1122539
35,40,0,158,0.21182171
35,40,1,91,0.22484449
35,40,2,54,0.1581706
35,40,3,113,0.15562035
35,40,4,56,0.15162417
35,40,5,76,0.097918697
36,40,0,154,0.30508313
36,40,1,132,0.26685813
36,40,2,158,0.11373249
36,40,3,56,0.10204896
36,40,4,91,0.12535742
36,40,5,168,0.086919874
37,40,0,76,0.38292146
37,40,1,158,0.20396395
37,40,2,108,0.13374603
37,40,3,54,0.099546045
37,40,4,168,0.095248535
37,40,5,56,0.084574021
38,40,0,76,0.23611082
38,40,1,158,0.23315448
38,40,2,168,0.1748416
38,40,3,54,0.14791374
38,40,4,108,0.10696892
38,40,5,141,0.1010104
39,40,0,76,0.32766819
39,40,1,108,0.20449483
39,40,2,154,0.13363333
39,40,3,158,0.13402498
39,40,4,30,0.11653806
39,40,5,174,0.083640642
40,40,0,108,0.17944987
40,40,1,132,0.18238154
40,40,2,145,0.16547908
40,40,3,78,0.16594478
40,40,4,30,0.15885712
40,40,5,76,0.14788763
41,40,0,132,0.21602234
41,40,1,211,0.19953251
41,40,2,30,0.15707411
41,40,3,108,0.15456459
41,40,4,158,0.14338224
41,40,5,78,0.12942418
42,40,0,211,0.2637482
42,40,1,132,0.26197147
42,40,2,158,0.12955154
42,40,3,108,0.11931041
42,40,4,30,0.11088265
42,40,5,91,0.11453575
43,40,0,142,0.33897203
43,40,1,108,0.15670334
43,40,2,56,0.13418847
43,40,3,30,0.13183296
43,40,4,198,0.11621754
43,40,5,78,0.12208564
44,40,0,112,0.35366014
44,40,1,30,0.16729444
44,40,2,144,0.1377811
44,40,3,142,0.13250288
44,40,4,158,0.11519863
44,40,5,184,0.093562812
45,40,0,142,0.27214336
45,40,1,158,0.20256044
45,40,2,56,0.13681008
45,40,3,107,0.13934156
45,40,4,30,0.13289598
45,40,5,125,0.11624856
46,40,0,142,0.25101164
46,40,1,158,0.18624242
46,40,2,30,0.17967953
46,40,3,24,0.15284024
46,40,4,112,0.1170563
46,40,5,144,0.11316989
47,40,0,199,0.2346897
47,40,1,142,0.22738104
47,40,2,158,0.14425488
47,40,3,54,0.14366275
47,40,4,108,0.13863489
47,40,5,178,0.11137677
48,40,0,142,0.2771914
48,40,1,199,0.20483364
48,40,2,158,0.13722783
48,40,3,24,0.13500611
48,40,4,78,0.12495459
48,40,5,30,0.12078642
49,40,0,120,0.24912629
49,40,1,230,0.16182645
49,40,2,125,0.15202411
49,40,3,30,0.14967254
49,40,4,22,0.14907284
49,40,5,50,0.13827774
50,40,0,153,0.21581769
50,40,1,168,0.18729861
50,40,2,221,0.15593149
50,40,3,158,0.15619454
50,40,4,54,0.15179202
50,40,5,7,0.13296567
51,40,0,132,0.35363364
51,40,1,12,0.14759365
51,40,2,22,0.13520165
51,40,3,113,0.12459827
51,40,4,59,0.1247954
51,40,5,108,0.11417739
52,40,0,168,0.22417237
52,40,1,153,0.18790358
52,40,2,221,0.18241717
52,40,3,158,0.15363796
52,40,4,54,0.1274792
52,40,5,7,0.12438976
53,40,0,57,0.21128099
53,40,1,142,0.18154305
53,40,2,168,0.16476209
53,40,3,208,0.17668937
53,40,4,122,0.14985241
53,40,5,229,0.11587206
0,41,0,154,0.95004171
0,41,1,53,0.016706062
0,41,2,103,0.012045249
0,41,3,177,0.0088341404
0,41,4,88,0.0049088867
0,41,5,158,0.0074639316
1,41,0,168,0.32451171
1,41,1,183,0.20263119
1,41,2,95,0.14610474
1,41,3,41,0.12032974
1,41,4,85,0.11918284
1,41,5,52,0.087239765
2,41,0,85,0.38668028
2,41,1,140,0.17025131
2,41,2,41,0.14063078
2,41,3,17,0.12688796
2,41,4,254,0.088236719
2,41,5,52,0.087312929
3,41,0,236,0.22225888
3,41,1,95,0.19711383
3,41,2,5,0.17369978
3,41,3,235,0.15126844
3,41,4,52,0.13125187
3,41,5,233,0.12440716
4,41,0,236,0.26907754
4,41,1,95,0.19764341
4,41,2,52,0.19015229
4,41,3,235,0.15575148
4,41,4,209,0.10506248
4,41,5,92,0.082312785
5,41,0,140,0.26278111
5,41,1,236,0.24092811
5,41,2,85,0.15742432
5,41,3,59,0.14601383
5,41,4,233,0.10462387
5,41,5,52,0.088228747
6,41,0,164,0.427481
6,41,1,236,0.18408348
6,41,2,209,0.1009163
6,41,3,186,0.096794911
6,41,4,39,0.10164145
6,41,5,41,0.089082889
7,41,0,104,0.2919206
7,41,1,239,0.25938165
7,41,2,236,0.15669695
7,41,3,147,0.11058678
7,41,4,185,0.097563475
7,41,5,44,0.08385051
8,41,0,168,0.38119799
8,41,1,236,0.13779613
8,41,2,209,0.13365227
8,41,3,85,0.11504871
8,41,4,54,0.13194248
8,41,5,191,0.10036241
9,41,0,78,0.24026893
9,41,1,236,0.1903186
9,41,2,209,0.17196172
9,41,3,52,0.1490016
9,41,4,82,0.15015228
9,41,5,233,0.098296851
10,41,0,236,0.26431903
10,41,1,209,0.26244885
10,41,2,129,0.13651714
10,41,3,254,0.12679209
10,41,4,239,0.1101051
10,41,5,41,0.099817783
11,41,0,236,0.29323551
11,41,1,209,0.25666389
11,41,2,118,0.15756452
11,41,3,41,0.10001837
11,41,4,186,0.096819185
11,41,5,192,0.095698565
12,41,0,117,0.28011307
12,41,1,236,0.19684537
12,41,2,209,0.19472526
12,41,3,235,0.12432684
12,41,4,41,0.10386325
12,41,5,255,0.10012622
13,41,0,217,0.31534138
13,41,1,209,0.23021953
13,41,2,236,0.14200014
13,41,3,148,0.10717226
13,41,4,147,0.11005902
13,41,5,66,0.095207669
14,41,0,209,0.27912357
14,41,1,236,0.23081939
14,41,2,59,0.14755805
14,41,3,44,0.13850668
14,41,4,171,0.10895423
14,41,5,85,0.095038086
15,41,0,209,0.29173228
15,41,1,236,0.25032315
15,41,2,171,0.16278929
15,41,3,44,0.10064445
15,41,4,36,0.098355234
15,41,5,192,0.096155614
16,41,0,209,0.29858133
16,41,1,236,0.24859753
16,41,2,118,0.17391974
16,41,3,192,0.10676688
16,41,4,235,0.088737033
16,41,5,106,0.083397515
17,41,0,209,0.28349406
17,41,1,236,0.21699026
17,41,2,46,0.20589238
17,41,3,233,0.14489968
17,41,4,48,0.076786533
17,41,5,106,0.071937054
18,41,0,59,0.29353386
18,41,1,236,0.22608155
18,41,2,209,0.18364568
18,41,3,46,0.15399566
18,41,4,212,0.072534621
18,41,5,223,0.070208624
19,41,0,236,0.28842881
19,41,1,209,0.27271244
19,41,2,212,0.12113713
19,41,3,140,0.11748245
19,41,4,187,0.10884285
19,41,5,196,0.091396339
20,41,0,118,0.24532704
20,41,1,235,0.16745275
20,41,2,233,0.16485843
20,41,3,160,0.15922347
20,41,4,236,0.14213306
20,41,5,212,0.12100527
21,41,0,209,0.21990174
21,41,1,236,0.20905939
21,41,2,233,0.17769442
21,41,3,46,0.1818279
21,41,4,212,0.11201161
21,41,5,117,0.099504948
22,41,0,236,0.27574813
22,41,1,209,0.2610192
22,41,2,212,0.13947231
22,41,3,254,0.11651089
22,41,4,100,0.10306707
22,41,5,192,0.10418237
23,41,0,236,0.28257433
23,41,1,209,0.24424744
23,41,2,246,0.14046957
23,41,3,212,0.12330344
23,41,4,254,0.10720063
23,41,5,36,0.10220461
24,41,0,236,0.24363336
24,41,1,117,0.18946642
24,41,2,233,0.1722883
24,41,3,209,0.16173092
24,41,4,235,0.13538304
24,41,5,105,0.097497962
25,41,0,236,0.31992236
25,41,1,209,0.24172799
25,41,2,204,0.1329274
25,41,3,233,0.11159349
25,41,4,66,0.10946843
25,41,5,6,0.084360287
26,41,0,236,0.34041202
26,41,1,209,0.26277971
26,41,2,254,0.1281638
26,41,3,140,0.10264538
26,41,4,235,0.082023516
26,41,5,36,0.083975591
27,41,0,236,0.33147424
27,41,1,209,0.1836201
27,41,2,233,0.15415077
27,41,3,235,0.13220958
27,41,4,192,0.10062427
27,41,5,175,0.097920991
28,41,0,236,0.29589972
28,41,1,209,0.19126773
28,41,2,117,0.16825874
28,41,3,97,0.12887233
28,41,4,52,0.11600401
28,41,5,212,0.099697471
29,41,0,236,0.24568599
29,41,1,78,0.18829693
29,41,2,209,0.180925
29,41,3,82,0.16479056
29,41,4,52,0.11470031
29,41,5,254,0.10560124
30,41,0,239,0.3048237
30,41,1,236,0.22001818
30,41,2,168,0.13435104
30,41,3,147,0.14109692
30,41,4,209,0.10819112
30,41,5,117,0.091519043
31,41,0,5,0.23021521
31,41,1,236,0.21573806
31,41,2,86,0.18262652
31,41,3,95,0.13285175
31,41,4,66,0.11803678
31,41,5,160,0.1205317
32,41,0,236,0.31288368
32,41,1,91,0.30546662
32,41,2,188,0.10519533
32,41,3,209,0.10257202
32,41,4,212,0.090264939
32,41,5,140,0.083617441
33,41,0,168,0.28221443
33,41,1,236,0.25788057
33,41,2,209,0.12612343
33,41,3,254,0.11633088
33,41,4,170,0.1281238
33,41,5,6,0.089326903
34,41,0,236,0.29302701
34,41,1,254,0.21187289
34,41,2,91,0.18321499
34,41,3,209,0.13579084
34,41,4,0,0.090448573
34,41,5,188,0.085645646
35,41,0,236,0.23239644
35,41,1,168,0.22743832
35,41,2,0,0.16682276
35,41,3,46,0.14893249
35,41,4,209,0.11974618
35,41,5,8,0.10466383
36,41,0,236,0.26552272
36,41,1,254,0.24727665
36,41,2,209,0.19486986
36,41,3,44,0.10931934
36,41,4,225,0.096059829
36,41,5,102,0.086951628
37,41,0,236,0.26888385
37,41,1,209,0.21336931
37,41,2,91,0.2166854
37,41,3,254,0.17145205
37,41,4,134,0.065437369
37,41,5,0,0.064172015
38,41,0,236,0.22424227
38,41,1,209,0.22558276
38,41,2,254,0.17305973
38,41,3,233,0.15081903
38,41,4,134,0.11729301
38,41,5,132,0.10900317
39,41,0,254,0.26091248
39,41,1,236,0.21920867
39,41,2,209,0.19406341
39,41,3,91,0.17337058
39,41,4,66,0.081342615
39,41,5,132,0.071102202
40,41,0,254,0.26587468
40,41,1,236,0.22523321
40,41,2,209,0.19512218
40,41,3,241,0.12461539
40,41,4,212,0.094955601
40,41,5,91,0.094198942
41,41,0,239,0.24706848
41,41,1,236,0.20500419
41,41,2,95,0.17439285
41,41,3,209,0.14050211
41,41,4,10,0.11253119
41,41,5,147,0.12050117
42,41,0,236,0.24372016
42,41,1,86,0.17457195
42,41,2,209,0.15733261
42,41,3,95,0.14863139
42,41,4,132,0.14179516
42,41,5,66,0.13394874
43,41,0,209,0.34578148
43,41,1,236,0.3014738
43,41,2,85,0.11570978
43,41,3,254,0.089995265
43,41,4,192,0.077374622
43,41,5,132,0.069665037
44,41,0,164,0.28959346
44,41,1,236,0.25062853
44,41,2,209,0.17516239
44,41,3,147,0.11659821
44,41,4,171,0.093644924
44,41,5,66,0.074372515
45,41,0,107,0.25606364
45,41,1,236,0.21058096
45,41,2,209,0.18152712
45,41,3,86,0.16924749
45,41,4,63,0.090509355
45,41,5,114,0.092071384
46,41,0,236,0.24263968
46,41,1,209,0.23638636
46,41,2,239,0.18424498
46,41,3,147,0.14421824
46,41,4,104,0.10488845
46,41,5,66,0.087622263
47,41,0,168,0.26678753
47,41,1,236,0.2209518
47,41,2,209,0.20134704
47,41,3,246,0.10572913
47,41,4,160,0.10726713
47,41,5,139,0.09791743
48,41,0,236,0.29855663
48,41,1,209,0.29534793
48,41,2,66,0.10985246
48,41,3,192,0.10691594
48,41,4,28,0.088821545
48,41,5,171,0.1005055
49,41,0,107,0.24894954
49,41,1,86,0.2244931
49,41,2,171,0.16495401
49,41,3,236,0.13879716
49,41,4,209,0.12286758
49,41,5,117,0.099938579
50,41,0,209,0.23325695
50,41,1,236,0.21888605
50,41,2,66,0.19527648
50,41,3,254,0.11935591
50,41,4,120,0.11747555
50,41,5,97,0.11574905
51,41,0,209,0.22982837
51,41,1,236,0.19929822
51,41,2,125,0.19783713
51,41,3,66,0.147275
51,41,4,96,0.12431105
51,41,5,233,0.10145028
52,41,0,209,0.19138965
52,41,1,236,0.18601122
52,41,2,161,0.18224508
52,41,3,66,0.1581935
52,41,4,97,0.15218183
52,41,5,52,0.12997869
53,41,0,236,0.21445376
53,41,1,78,0.20012958
53,41,2,209,0.19241367
53,41,3,82,0.16520403
53,41,4,52,0.12775728
53,41,5,66,0.10004168
0,42,0,26,0.84978408
0,42,1,131,0.036559489
0,42,2,232,0.040788371
0,42,3,17,0.032743111
0,42,4,41,0.016820373
0,42,5,15,0.023304585
1,42,0,15,0.27344254
1,42,1,137,0.15714051
1,42,2,222,0.16172969
1,42,3,178,0.15135534
1,42,4,215,0.13013275
1,42,5,233,0.12619919
2,42,0,99,0.2916874
2,42,1,88,0.15606959
2,42,2,137,0.14881775
2,42,3,142,0.13966991
2,42,4,119,0.13892621
2,42,5,239,0.12482907
3,42,0,178,0.21366197
3,42,1,233,0.18849149
3,42,2,239,0.19012588
3,42,3,59,0.18219805
3,42,4,46,0.11828481
3,42,5,137,0.10723785
4,42,0,23,0.18912531
4,42,1,233,0.18859892
4,42,2,178,0.17881806
4,42,3,137,0.15607822
4,42,4,59,0.1510739
4,42,5,225,0.13630559
5,42,0,107,0.317922
5,42,1,59,0.1485043
5,42,2,119,0.136577
5,42,3,29,0.12322811
5,42,4,81,0.12008057
5,42,5,79,0.153688
6,42,0,70,0.42510945
6,42,1,232,0.12940337
6,42,2,119,0.11578359
6,42,3,59,0.10844936
6,42,4,142,0.10972748
6,42,5,178,0.11152673
7,42,0,70,0.44674724
7,42,1,119,0.11814632
7,42,2,178,0.11917601
7,42,3,232,0.12218639
7,42,4,168,0.096816562
7,42,5,174,0.096927449
8,42,0,14,0.25163972
8,42,1,178,0.24795729
8,42,2,162,0.18873978
8,42,3,79,0.13733326
8,42,4,168,0.085535847
8,42,5,240,0.08879409
9,42,0,131,0.26704562
9,42,1,41,0.21418615
9,42,2,225,0.16258374
9,42,3,178,0.14900483
9,42,4,168,0.11275206
9,42,5,59,0.094427608
10,42,0,99,0.29625696
10,42,1,100,0.24916606
10,42,2,119,0.12087359
10,42,3,225,0.1236304
10,42,4,125,0.11438172
10,42,5,197,0.095691293
11,42,0,99,0.38199458
11,42,1,125,0.17289914
11,42,2,197,0.15429655
11,42,3,172,0.1162231
11,42,4,119,0.088517025
11,42,5,142,0.086069591
12,42,0,146,0.36669058
12,42,1,34,0.21429901
12,42,2,161,0.1562286
12,42,3,236,0.10806509
12,42,4,162,0.08042039
12,42,5,240,0.074296325
13,42,0,107,0.36129394
13,42,1,101,0.23147726
13,42,2,117,0.1238535
13,42,3,138,0.10781291
13,42,4,67,0.089510337
13,42,5,97,0.086052097
14,42,0,79,0.3462818
14,42,1,172,0.20379175
14,42,2,197,0.13454627
14,42,3,67,0.11390432
14,42,4,200,0.10220598
14,42,5,142,0.099269859
15,42,0,172,0.29347053
15,42,1,197,0.17702171
15,42,2,67,0.15497074
15,42,3,225,0.15155081
15,42,4,99,0.12982535
15,42,5,97,0.093160838
16,42,0,172,0.24369594
16,42,1,67,0.19259101
16,42,2,99,0.18648112
16,42,3,225,0.13549632
16,42,4,125,0.12991817
16,42,5,197,0.11181741
17,42,0,79,0.27454928
17,42,1,14,0.2454776
17,42,2,178,0.15100496
17,42,3,162,0.15207115
17,42,4,240,0.10184222
17,42,5,202,0.075054802
18,42,0,79,0.48614585
18,42,1,172,0.1983467
18,42,2,197,0.11089452
18,42,3,200,0.076648518
18,42,4,67,0.064379871
18,42,5,195,0.063584514
19,42,0,172,0.27657729
19,42,1,197,0.17738594
19,42,2,67,0.14973527
19,42,3,99,0.14055833
19,42,4,18,0.13652605
19,42,5,107,0.11921714
20,42,0,172,0.26638466
20,42,1,150,0.23046994
20,42,2,46,0.17567383
20,42,3,197,0.13670294
20,42,4,165,0.10174359
20,42,5,67,0.089025058
21,42,0,14,0.34847084
21,42,1,240,0.16106834
21,42,2,79,0.16985947
21,42,3,172,0.15663631
21,42,4,178,0.086701259
21,42,5,236,0.07726375
22,42,0,236,0.30472988
22,42,1,172,0.24693604
22,42,2,197,0.14344978
22,42,3,67,0.13130654
22,42,4,146,0.09837278
22,42,5,202,0.075205006
23,42,0,172,0.2492675
23,42,1,146,0.21682696
23,42,2,197,0.18985642
23,42,3,99,0.14341313
23,42,4,67,0.1027788
23,42,5,18,0.097857162
24,42,0,146,0.32271472
24,42,1,172,0.21444513
24,42,2,197,0.13643329
24,42,3,14,0.11316831
24,42,4,67,0.11036626
24,42,5,92,0.10287229
25,42,0,236,0.32938552
25,42,1,172,0.22499873
25,42,2,197,0.1696827
25,42,3,103,0.099868312
25,42,4,67,0.090744644
25,42,5,225,0.085320055
26,42,0,172,0.22122888
26,42,1,197,0.2161196
26,42,2,99,0.15876521
26,42,3,103,0.13537118
26,42,4,146,0.1293038
26,42,5,225,0.13921136
27,42,0,172,0.22169274
27,42,1,125,0.17900273
27,42,2,99,0.17198448
27,42,3,123,0.16879657
27,42,4,197,0.13606158
27,42,5,168,0.12246192
28,42,0,178,0.2132611
28,42,1,14,0.17427833
28,42,2,168,0.16547845
28,42,3,197,0.15686359
28,42,4,55,0.15174934
28,42,5,146,0.13836916
29,42,0,131,0.20484291
29,42,1,225,0.19246209
29,42,2,242,0.18399657
29,42,3,178,0.16244939
29,42,4,41,0.14191605
29,42,5,172,0.11433303
30,42,0,70,0.24648799
30,42,1,146,0.20630506
30,42,2,232,0.18680815
30,42,3,93,0.15461853
30,42,4,172,0.10814232
30,42,5,225,0.097637929
31,42,0,146,0.24602261
31,42,1,182,0.2360146
31,42,2,161,0.20731051
31,42,3,34,0.18253134
31,42,4,200,0.081021272
31,42,5,83,0.047099665
32,42,0,232,0.26261163
32,42,1,172,0.25938898
32,42,2,35,0.17597438
32,42,3,197,0.10727785
32,42,4,133,0.096843503
32,42,5,225,0.097903639
33,42,0,79,0.48218811
33,42,1,83,0.1214102
33,42,2,14,0.11624666
33,42,3,172,0.10763063
33,42,4,22,0.086877637
33,42,5,228,0.085646778
34,42,0,146,0.26903287
34,42,1,232,0.19680397
34,42,2,182,0.19197962
34,42,3,172,0.12118994
34,42,4,161,0.11826065
34,42,5,35,0.10273296
35,42,0,79,0.32156384
35,42,1,146,0.16761893
35,42,2,14,0.14740342
35,42,3,240,0.13615054
35,42,4,236,0.11654709
35,42,5,200,0.11071618
36,42,0,182,0.33214337
36,42,1,202,0.30577326
36,42,2,243,0.13264461
36,42,3,50,0.084919445
36,42,4,107,0.07736481
36,42,5,190,0.067154519
37,42,0,232,0.2391299
37,42,1,225,0.18824312
37,42,2,172,0.16991378
37,42,3,138,0.17023307
37,42,4,99,0.14401877
37,42,5,197,0.088461369
38,42,0,240,0.21791252
38,42,1,178,0.20135155
38,42,2,79,0.18274276
38,42,3,232,0.15175176
38,42,4,14,0.12684715
38,42,5,172,0.11939424
39,42,0,236,0.31557935
39,42,1,232,0.19964644
39,42,2,172,0.17061518
39,42,3,138,0.13491085
39,42,4,225,0.11512548
39,42,5,197,0.064122677
40,42,0,146,0.27861717
40,42,1,190,0.18432571
40,42,2,182,0.17279461
40,42,3,232,0.1289449
40,42,4,225,0.1217295
40,42,5,138,0.11358804
41,42,0,146,0.29856864
41,42,1,182,0.18600485
41,42,2,70,0.16194588
41,42,3,232,0.13031244
41,42,4,161,0.11564671
41,42,5,34,0.10752145
42,42,0,146,0.24021639
42,42,1,182,0.24797365
42,42,2,161,0.20632569
42,42,3,34,0.19248509
42,42,4,40,0.057951882
42,42,5,228,0.055047266
43,42,0,169,0.46025798
43,42,1,225,0.16012555
43,42,2,107,0.13464835
43,42,3,101,0.086020321
43,42,4,117,0.09258461
43,42,5,172,0.066363193
44,42,0,169,0.4029119
44,42,1,70,0.252195
44,42,2,232,0.14868864
44,42,3,117,0.084314346
44,42,4,107,0.068653181
44,42,5,225,0.043236934
45,42,0,208,0.36838457
45,42,1,117,0.25030696
45,42,2,244,0.20259272
45,42,3,133,0.10041668
45,42,4,169,0.047534365
45,42,5,228,0.030764678
46,42,0,169,0.29111752
46,42,1,70,0.22813077
46,42,2,93,0.17033748
46,42,3,225,0.13309966
46,42,4,138,0.097814098
46,42,5,158,0.079500504
47,42,0,125,0.23188438
47,42,1,169,0.18913411
47,42,2,225,0.18439731
47,42,3,99,0.14041224
47,42,4,155,0.13147701
47,42,5,67,0.12269494
48,42,0,125,0.28415355
48,42,1,225,0.2323371
48,42,2,99,0.15248032
48,42,3,138,0.13385941
48,42,4,169,0.10073543
48,42,5,158,0.096434191
49,42,0,169,0.32071713
49,42,1,117,0.24511442
49,42,2,208,0.21896257
49,42,3,158,0.11398714
49,42,4,155,0.056961112
49,42,5,22,0.044257674
50,42,0,178,0.25099438
50,42,1,14,0.19329433
50,42,2,158,0.16067559
50,42,3,189,0.14811774
50,42,4,79,0.13885632
50,42,5,240,0.10806169
51,42,0,149,0.25785902
51,42,1,158,0.20887111
51,42,2,182,0.1714239
51,42,3,78,0.14900537
51,42,4,50,0.10419357
51,42,5,101,0.10864705
52,42,0,178,0.22778144
52,42,1,79,0.22412844
52,42,2,55,0.16047232
52,42,3,168,0.13819928
52,42,4,14,0.13734204
52,42,5,240,0.11207648
53,42,0,131,0.20168893
53,42,1,178,0.1971418
53,42,2,225,0.1829112
53,42,3,41,0.15895842
53,42,4,242,0.14731789
53,42,5,91,0.11198181
